p,syndrome_id,detectors,representative_qids,final_qids,final_class,comparative_class,final_color,candidate_qids,candidate_classes,exact_class_weights,target_gap_over_w,baseline,hard_selected,median_eligible,odd_floor,odd_ceil,original_graph,coverage_max,coverage_same_class,coverage_mean,coverage_median,coverage_min,coverage_blend_0.25,coverage_blend_0.5,coverage_blend_0.75,witness_coverage_max,intersection_zero,correction_erased,rescore_native3,rescore_original3,rescore_transferred3,rescore_union6,rescore_erased3,rescore_original3_xor,rescore_union6_odd_xor,rescore_k1,rescore_k2,rescore_k3,rescore_k5,rescore_k15,rescore_all_shortest,rescore_union6_all_anchors,rescore_union6_face_polish,rescore_original3_all_anchors,rescore_original3_final_face_polish,rescore_original3_all_face_polish,rescore_original3_one_face,rescore_union6_one_face,rescore_erased3_face_polish,rescore_all_shortest_one_face,rescore_original3_two_faces,rescore_native3_two_faces,rescore_union6_two_faces,rescore_all_shortest_two_faces,rescore_original3_three_faces,rescore_union6_odd_xor_all_anchors
0.04,0,[],[],[],0,0,r,"[[], [], []]","[0, 0, 0]","[0, 5]",5,5.0,5.0,5.0,5.0,5.0,5.0,5.0,5.0,5.0,5.0,5.0,5.0,5.0,5.0,5.0,4.0,5.0,5.0,5.0,5.0,5.0,5.0,5.0,5.0,5.0,5.0,5.0,5.0,5.0,5.0,5.0,5.0,5.0,5.0,5.0,5.0,5.0,5.0,5.0,5.0,5.0,5.0,5.0,5.0,5.0
0.04,1,[0],"[11, 17]","[0, 1]",0,0,r,"[[0, 1], [11, 17], [0, 1]]","[0, 0, 0]","[2, 3]",1,1.0000000000000002,3.000000000000001,1.0000000000000002,1.0,1.0,1.0,1.0,1.0,1.6666666666666665,1.0,3.0,1.0,1.0,1.0,1.0,1.0,3.0,3.0,3.0,3.0,3.0,1.0,3.0,3.0,1.0,1.0,1.0,1.0,1.0,1.0,1.0,1.0,1.0,1.0,1.0,1.0,1.0,1.0,1.0,1.0,1.0,1.0,1.0,1.0,1.0
0.04,2,[1],[8],[8],1,1,r,"[[8], [8], [8]]","[1, 1, 1]","[4, 1]",3,3.000000000000001,3.000000000000001,3.000000000000001,3.0,3.0,3.0,3.0,3.0,3.333333333333333,3.0,4.0,3.0,3.0,3.0,3.0,2.0,4.0,3.0,3.0,3.0,3.0,3.0,3.0,3.0,3.0,3.0,3.0,3.0,3.0,3.0,3.0,3.0,3.0,3.0,3.0,3.0,3.0,3.0,3.0,3.0,3.0,3.0,3.0,3.0,3.0
0.04,3,"[0, 1]","[4, 5]","[4, 5]",0,0,r,"[[4, 5], [4, 5], [4, 5]]","[0, 0, 0]","[2, 3]",1,1.0000000000000002,3.000000000000001,1.0000000000000002,1.0,1.0,1.0,1.0,1.0,1.6666666666666665,1.0,3.0,1.0,1.0,1.0,1.0,1.0,3.0,1.0,1.0,1.0,1.0,1.0,1.0,1.0,1.0,1.0,1.0,1.0,1.0,1.0,1.0,1.0,1.0,1.0,1.0,1.0,1.0,1.0,1.0,1.0,1.0,1.0,1.0,1.0,1.0
0.04,4,[2],[0],[0],1,1,r,"[[0], [0], [0]]","[1, 1, 1]","[4, 1]",3,3.000000000000001,3.000000000000001,3.000000000000001,3.0,3.0,3.0,3.0,3.0,3.333333333333333,3.0,4.0,3.0,3.0,3.0,3.0,3.0,4.0,3.0,3.0,3.0,3.0,3.0,3.0,3.0,3.0,3.0,3.0,3.0,3.0,3.0,3.0,3.0,3.0,3.0,3.0,3.0,3.0,3.0,3.0,3.0,3.0,3.0,3.0,3.0,3.0
0.04,5,"[0, 2]",[1],[1],1,1,r,"[[1], [1], [1]]","[1, 1, 1]","[4, 1]",3,3.0,3.000000000000001,3.000000000000001,3.0,3.0,3.0,3.0,3.0,3.333333333333333,3.0,3.5,3.0,3.0,3.0,3.0,2.0,4.0,3.0,3.0,3.0,3.0,3.0,3.0,3.0,3.0,3.0,3.0,3.0,3.0,3.0,3.0,3.0,3.0,3.0,3.0,3.0,3.0,3.0,3.0,3.0,3.0,3.0,3.0,3.0,3.0
0.04,6,"[1, 2]","[0, 8]","[0, 8]",0,0,r,"[[0, 8], [0, 8], [0, 8]]","[0, 0, 0]","[2, 3]",1,1.0000000000000002,3.000000000000001,1.0000000000000002,1.0,1.0,1.0,1.0,1.0,1.6666666666666665,1.0,3.0,1.0,1.0,1.0,1.0,1.0,3.0,1.0,1.0,3.0,1.0,1.0,1.0,1.0,1.0,1.0,1.0,1.0,1.0,1.0,1.0,1.0,1.0,1.0,1.0,1.0,1.0,1.0,1.0,1.0,1.0,1.0,1.0,1.0,1.0
0.04,7,"[0, 1, 2]","[1, 8]","[1, 8]",0,0,r,"[[1, 8], [1, 8], [1, 8]]","[0, 0, 0]","[2, 3]",1,1.0000000000000002,3.000000000000001,1.0000000000000002,1.0,1.0,1.0,1.0,1.0,1.6666666666666665,1.0,3.0,1.0,1.0,1.0,1.0,0.0,3.0,1.0,1.0,3.0,1.0,1.0,1.0,1.0,1.0,1.0,1.0,1.0,1.0,1.0,1.0,1.0,1.0,1.0,1.0,1.0,1.0,1.0,1.0,1.0,1.0,1.0,1.0,1.0,1.0
0.04,8,[3],"[15, 16]","[21, 28]",0,0,r,"[[21, 28], [5, 8], [15, 16]]","[0, 0, 0]","[2, 3]",1,1.0000000000000002,3.000000000000001,1.0000000000000002,1.0,1.0,1.0,1.0,1.0,2.333333333333333,1.0,5.0,1.0,1.0,1.0,1.0,1.0,3.0,3.0,3.0,3.0,3.0,1.0,3.0,3.0,1.0,1.0,1.0,1.0,1.0,1.0,1.0,1.0,1.0,1.0,1.0,1.0,1.0,1.0,1.0,1.0,1.0,1.0,1.0,1.0,1.0
0.04,9,"[0, 3]",[4],[4],1,1,r,"[[4], [4], [4]]","[1, 1, 1]","[4, 1]",3,3.000000000000001,3.000000000000001,3.000000000000001,3.0,3.0,3.0,3.0,3.0,3.333333333333333,3.0,3.5,3.0,3.0,3.0,3.0,3.0,4.0,3.0,3.0,3.0,3.0,3.0,3.0,3.0,3.0,3.0,3.0,3.0,3.0,3.0,3.0,3.0,3.0,3.0,3.0,3.0,3.0,3.0,3.0,3.0,3.0,3.0,3.0,3.0,3.0
0.04,10,"[1, 3]",[5],[5],1,1,r,"[[5], [5], [5]]","[1, 1, 1]","[4, 1]",3,3.0,3.000000000000001,3.000000000000001,3.0,3.0,3.0,3.0,3.0,3.333333333333333,3.0,3.5,3.0,3.0,3.0,3.0,1.5,4.0,3.0,3.0,3.0,3.0,3.0,3.0,3.0,3.0,3.0,3.0,3.0,3.0,3.0,3.0,3.0,3.0,3.0,3.0,3.0,3.0,3.0,3.0,3.0,3.0,3.0,3.0,3.0,3.0
0.04,11,"[0, 1, 3]","[4, 8]","[4, 8]",0,0,r,"[[4, 8], [4, 8], [4, 8]]","[0, 0, 0]","[2, 3]",1,1.0000000000000002,3.000000000000001,1.0000000000000002,1.0,1.0,1.0,1.0,1.0,1.6666666666666665,1.0,3.0,1.0,1.0,1.0,1.0,1.0,3.0,1.0,1.0,1.0,1.0,1.0,1.0,1.0,1.0,1.0,1.0,1.0,1.0,1.0,1.0,1.0,1.0,1.0,1.0,1.0,1.0,1.0,1.0,1.0,1.0,1.0,1.0,1.0,1.0
0.04,12,"[2, 3]","[11, 12]","[1, 4]",0,0,r,"[[1, 4], [1, 4], [1, 4]]","[0, 0, 0]","[2, 3]",1,1.0000000000000002,3.000000000000001,1.0000000000000002,1.0,1.0,1.0,1.0,1.0,1.6666666666666665,1.0,3.0,1.0,1.0,1.0,1.0,1.0,3.0,1.0,1.0,3.0,1.0,1.0,1.0,1.0,1.0,1.0,1.0,1.0,1.0,1.0,1.0,1.0,1.0,1.0,1.0,1.0,1.0,1.0,1.0,1.0,1.0,1.0,1.0,1.0,1.0
0.04,13,"[0, 2, 3]","[12, 17]","[0, 4]",0,0,r,"[[0, 4], [0, 4], [0, 4]]","[0, 0, 0]","[2, 3]",1,1.0000000000000002,3.000000000000001,1.0000000000000002,1.0,1.0,1.0,1.0,1.0,1.6666666666666665,1.0,3.0,1.0,1.0,1.0,1.0,1.0,3.0,1.0,1.0,3.0,1.0,1.0,1.0,1.0,1.0,1.0,1.0,1.0,1.0,1.0,1.0,1.0,1.0,1.0,1.0,1.0,1.0,1.0,1.0,1.0,1.0,1.0,1.0,1.0,1.0
0.04,14,"[1, 2, 3]","[0, 5]","[0, 5]",0,0,r,"[[0, 5], [0, 5], [0, 5]]","[0, 0, 0]","[2, 3]",1,1.0000000000000002,3.000000000000001,1.0000000000000002,1.0,1.0,1.0,1.0,1.0,1.6666666666666665,1.0,3.0,1.0,1.0,1.0,1.0,0.5,3.0,1.0,1.0,3.0,1.0,1.0,1.0,1.0,1.0,1.0,1.0,1.0,1.0,1.0,1.0,1.0,1.0,1.0,1.0,1.0,1.0,1.0,1.0,1.0,1.0,1.0,1.0,1.0,1.0
0.04,15,"[0, 1, 2, 3]","[1, 5]","[1, 5]",0,0,r,"[[1, 5], [1, 5], [1, 5]]","[0, 0, 0]","[2, 3]",1,1.0000000000000002,3.000000000000001,1.0000000000000002,1.0,1.0,1.0,1.0,1.0,1.6666666666666665,1.0,3.0,1.0,1.0,1.0,1.0,0.0,3.0,1.0,1.0,3.0,1.0,1.0,1.0,1.0,1.0,1.0,1.0,1.0,1.0,1.0,1.0,1.0,1.0,1.0,1.0,1.0,1.0,1.0,1.0,1.0,1.0,1.0,1.0,1.0,1.0
0.04,16,[4],"[1, 11]","[1, 11]",1,1,r,"[[1, 11], [4, 12], [0, 17]]","[1, 1, 1]","[3, 2]",1,1.0000000000000002,1.0000000000000002,1.0000000000000002,1.0,1.0,1.0,1.0,1.0,2.333333333333333,1.0,5.0,1.0,1.0,1.0,1.0,1.0,3.0,1.0,1.0,1.0,1.0,1.0,1.0,1.0,5.0,5.0,5.0,1.0,1.0,1.0,1.0,1.0,1.0,1.0,1.0,1.0,1.0,1.0,1.0,1.0,1.0,1.0,1.0,1.0,1.0
0.04,17,"[0, 4]","[1, 17]","[1, 17]",1,1,r,"[[1, 17], [5, 8, 12], [0, 11]]","[1, 0, 1]","[3, 2]",1,1.0000000000000002,3.000000000000001,2.0000000000000004,1.0,1.0,1.0,0.0,1.0,1.6666666666666665,1.0,3.0,0.75,0.5,0.25,0.0,1.0,4.0,1.0,1.0,1.0,1.0,1.0,1.0,1.0,1.0,1.0,1.0,1.0,1.0,1.0,1.0,1.0,1.0,1.0,1.0,1.0,1.0,1.0,1.0,1.0,1.0,1.0,1.0,1.0,1.0
0.04,18,"[1, 4]","[1, 8, 11]","[1, 8, 11]",0,0,r,"[[1, 8, 11], [4, 8, 12], [0, 8, 17]]","[0, 0, 0]","[3, 4]",1,1.0000000000000002,1.0000000000000002,1.0000000000000002,1.0,1.0,1.0,0.0,0.0,1.0,0.0,1.0,0.75,0.5,0.25,0.0,1.0,3.0,1.0,1.0,1.0,1.0,1.0,1.0,1.0,3.0,3.0,3.0,1.0,1.0,1.0,1.0,1.0,1.0,1.0,1.0,1.0,1.0,1.0,1.0,1.0,1.0,1.0,1.0,1.0,1.0
0.04,19,"[0, 1, 4]","[5, 12]","[5, 12]",1,1,r,"[[5, 12], [5, 12], [5, 12]]","[1, 1, 1]","[3, 2]",1,1.0000000000000002,3.000000000000001,2.0000000000000004,1.0,1.0,1.0,0.5,0.5,1.8333333333333333,2.0,2.5,1.0,1.0,0.875,1.0,1.0,3.0,1.0,1.0,1.0,1.0,1.0,1.0,1.0,1.0,1.0,1.0,1.0,1.0,1.0,1.0,1.0,1.0,1.0,1.0,1.0,1.0,1.0,1.0,1.0,1.0,1.0,1.0,1.0,1.0
0.04,20,"[2, 4]",[17],[17],0,0,r,"[[17], [17], [17]]","[0, 0, 0]","[1, 4]",3,3.0,3.000000000000001,3.000000000000001,3.0,3.0,3.0,3.0,3.0,3.333333333333333,3.0,3.5,3.0,3.0,3.0,3.0,1.5,4.0,3.0,3.0,3.0,3.0,3.0,3.0,3.0,3.0,3.0,3.0,3.0,3.0,3.0,3.0,3.0,3.0,3.0,3.0,3.0,3.0,3.0,3.0,3.0,3.0,3.0,3.0,3.0,3.0
0.04,21,"[0, 2, 4]",[11],[11],0,0,r,"[[11], [11], [11]]","[0, 0, 0]","[1, 4]",3,3.0,3.000000000000001,3.000000000000001,3.0,3.0,3.0,3.0,3.0,3.3333333333333335,3.5,3.5,3.0,3.0,3.0,3.0,3.0,4.0,3.0,3.0,3.0,3.0,3.0,3.0,3.0,3.0,3.0,3.0,3.0,3.0,3.0,3.0,3.0,3.0,3.0,3.0,3.0,3.0,3.0,3.0,3.0,3.0,3.0,3.0,3.0,3.0
0.04,22,"[1, 2, 4]","[8, 17]","[8, 17]",1,1,r,"[[8, 17], [8, 17], [8, 17]]","[1, 1, 1]","[3, 2]",1,1.0000000000000002,3.000000000000001,2.0000000000000004,1.0,1.0,1.0,1.0,1.0,1.6666666666666665,1.5,2.5,1.0,1.0,1.0,1.0,1.0,3.0,1.0,1.0,1.0,1.0,1.0,1.0,1.0,1.0,1.0,1.0,1.0,1.0,1.0,1.0,1.0,1.0,1.0,1.0,1.0,1.0,1.0,1.0,1.0,1.0,1.0,1.0,1.0,1.0
0.04,23,"[0, 1, 2, 4]","[8, 11]","[8, 11]",1,1,r,"[[8, 11], [8, 11], [8, 11]]","[1, 1, 1]","[3, 2]",1,1.0000000000000002,3.000000000000001,1.0000000000000002,1.0,1.0,1.0,1.0,1.0,1.6666666666666665,1.5,2.5,1.0,1.0,1.0,1.0,1.0,3.0,1.0,1.0,1.0,1.0,1.0,1.0,1.0,1.0,1.0,1.0,1.0,1.0,1.0,1.0,1.0,1.0,1.0,1.0,1.0,1.0,1.0,1.0,1.0,1.0,1.0,1.0,1.0,1.0
0.04,24,"[3, 4]","[11, 12, 17]","[20, 32, 36]",0,0,r,"[[20, 32, 36], [20, 24, 25], [11, 12, 17]]","[0, 0, 0]","[3, 4]",1,0.9999999999999999,1.0000000000000002,0.9999999999999999,1.0,1.0,1.0,0.0,0.0,0.6666666666666666,0.0,1.0,0.75,0.5,0.25,0.0,1.0,3.0,3.0,3.0,3.0,3.0,1.0,3.0,3.0,1.0,1.0,1.0,1.0,1.0,1.0,1.0,1.0,1.0,1.0,1.0,1.0,1.0,1.0,1.0,1.0,1.0,1.0,1.0,1.0,1.0
0.04,25,"[0, 3, 4]",[12],[12],0,0,r,"[[12], [12], [12]]","[0, 0, 0]","[1, 4]",3,3.000000000000001,3.000000000000001,3.000000000000001,3.0,3.0,3.0,3.0,3.0,3.3333333333333335,3.5,3.5,3.0,3.0,3.0,3.0,2.5,4.0,3.0,3.0,3.0,3.0,3.0,3.0,3.0,3.0,3.0,3.0,3.0,3.0,3.0,3.0,3.0,3.0,3.0,3.0,3.0,3.0,3.0,3.0,3.0,3.0,3.0,3.0,3.0,3.0
0.04,26,"[1, 3, 4]","[1, 5, 11]","[1, 5, 11]",0,0,r,"[[1, 5, 11], [4, 5, 12], [0, 5, 17]]","[0, 0, 0]","[3, 4]",1,1.0000000000000002,1.0000000000000002,1.0000000000000002,1.0,1.0,1.0,0.0,0.0,1.0,0.5,1.0,0.75,0.5,0.25,0.0,0.5,3.0,1.0,1.0,1.0,1.0,1.0,1.0,1.0,5.0,5.0,5.0,1.0,1.0,1.0,1.0,1.0,1.0,1.0,1.0,1.0,1.0,1.0,1.0,1.0,1.0,1.0,1.0,1.0,1.0
0.04,27,"[0, 1, 3, 4]","[8, 12]","[8, 12]",1,1,r,"[[8, 12], [8, 12], [8, 12]]","[1, 1, 1]","[3, 2]",1,1.0000000000000002,3.000000000000001,2.0000000000000004,1.0,1.0,1.0,1.0,1.0,1.6666666666666665,1.5,2.5,1.0,1.0,1.0,1.0,1.0,3.0,1.0,1.0,3.0,1.0,1.0,1.0,1.0,1.0,1.0,1.0,1.0,1.0,1.0,1.0,1.0,1.0,1.0,1.0,1.0,1.0,1.0,1.0,1.0,1.0,1.0,1.0,1.0,1.0
0.04,28,"[2, 3, 4]","[1, 12]","[1, 12]",1,1,r,"[[1, 12], [4, 11], [15, 16, 17]]","[1, 1, 0]","[3, 2]",1,1.0000000000000002,3.000000000000001,2.0000000000000004,1.0,1.0,1.0,0.0,1.0,1.3333333333333333,1.0,3.0,0.75,0.5,0.25,1.0,1.0,4.0,1.0,1.0,1.0,1.0,1.0,1.0,1.0,1.0,1.0,1.0,1.0,1.0,1.0,1.0,1.0,1.0,1.0,1.0,1.0,1.0,1.0,1.0,1.0,1.0,1.0,1.0,1.0,1.0
0.04,29,"[0, 2, 3, 4]","[4, 17]","[4, 17]",1,1,r,"[[4, 17], [4, 17], [0, 12]]","[1, 1, 1]","[3, 2]",1,1.0000000000000002,3.000000000000001,1.0000000000000002,1.0,1.0,1.0,1.0,1.0,1.6666666666666665,1.0,3.0,1.0,1.0,1.0,1.0,1.0,3.0,1.0,1.0,1.0,1.0,1.0,1.0,1.0,1.0,1.0,1.0,1.0,1.0,1.0,1.0,1.0,1.0,1.0,1.0,1.0,1.0,1.0,1.0,1.0,1.0,1.0,1.0,1.0,1.0
0.04,30,"[1, 2, 3, 4]","[5, 17]","[5, 17]",1,1,r,"[[5, 17], [5, 17], [5, 17]]","[1, 1, 1]","[3, 2]",1,1.0000000000000002,3.000000000000001,2.0000000000000004,1.0,1.0,1.0,1.0,1.0,1.6666666666666665,1.5,2.5,1.0,1.0,1.0,1.0,0.5,3.0,1.0,1.0,1.0,1.0,1.0,1.0,1.0,1.0,1.0,1.0,1.0,1.0,1.0,1.0,1.0,1.0,1.0,1.0,1.0,1.0,1.0,1.0,1.0,1.0,1.0,1.0,1.0,1.0
0.04,31,"[0, 1, 2, 3, 4]","[5, 11]","[5, 11]",1,1,r,"[[5, 11], [5, 11], [5, 11]]","[1, 1, 1]","[3, 2]",1,1.0000000000000002,3.000000000000001,1.0000000000000002,1.0,1.0,1.0,1.0,1.0,1.6666666666666665,1.5,2.5,1.0,1.0,1.0,1.0,0.5,3.0,1.0,1.0,1.0,1.0,1.0,1.0,1.0,1.0,1.0,1.0,1.0,1.0,1.0,1.0,1.0,1.0,1.0,1.0,1.0,1.0,1.0,1.0,1.0,1.0,1.0,1.0,1.0,1.0
0.04,32,[5],"[5, 15]","[5, 15]",1,1,r,"[[5, 15], [8, 16], [8, 16]]","[1, 1, 1]","[3, 2]",1,1.0000000000000002,1.0000000000000002,1.0000000000000002,1.0,1.0,1.0,1.0,1.0,1.6666666666666665,1.0,3.0,1.0,1.0,1.0,1.0,1.0,3.0,1.0,1.0,3.0,1.0,1.0,1.0,1.0,3.0,1.0,1.0,1.0,1.0,1.0,1.0,1.0,1.0,1.0,1.0,1.0,1.0,1.0,1.0,1.0,1.0,1.0,1.0,1.0,1.0
0.04,33,"[0, 5]","[4, 5, 16]","[12, 20, 28]",0,0,g,"[[0, 1, 5, 15], [12, 20, 28], [12, 20, 28]]","[1, 0, 0]","[3, 4]",1,0.9999999999999999,0.9999999999999999,1.0,1.0,1.0,1.0,0.0,0.5,1.0,0.5,2.5,0.75,0.5,0.25,1.0,1.0,3.0,1.0,1.0,1.0,1.0,1.0,1.0,1.0,1.0,1.0,1.0,1.0,1.0,1.0,1.0,1.0,1.0,1.0,1.0,1.0,1.0,1.0,1.0,1.0,1.0,1.0,1.0,1.0,1.0
0.04,34,"[1, 5]",[16],[16],0,0,r,"[[16], [16], [16]]","[0, 0, 0]","[1, 4]",3,3.0,3.000000000000001,3.000000000000001,3.0,3.0,3.0,3.0,3.0,3.333333333333333,3.0,3.5,3.0,3.0,3.0,3.0,2.0,4.0,3.0,3.0,3.0,3.0,3.0,3.0,3.0,3.0,3.0,3.0,3.0,3.0,3.0,3.0,3.0,3.0,3.0,3.0,3.0,3.0,3.0,3.0,3.0,3.0,3.0,3.0,3.0,3.0
0.04,35,"[0, 1, 5]","[4, 15]","[4, 15]",1,1,r,"[[4, 15], [11, 16, 17], [4, 15]]","[1, 0, 1]","[3, 2]",1,1.0000000000000002,3.000000000000001,2.0000000000000004,1.0,1.0,1.0,0.0,1.0,1.5,1.0,3.5,0.75,0.5,0.25,1.0,1.0,3.0,1.0,1.0,1.0,1.0,1.0,1.0,1.0,1.0,1.0,1.0,1.0,1.0,1.0,1.0,1.0,1.0,1.0,1.0,1.0,1.0,1.0,1.0,1.0,1.0,1.0,1.0,1.0,1.0
0.04,36,"[2, 5]","[0, 5, 15]","[0, 5, 15]",0,0,r,"[[0, 5, 15], [0, 8, 16], [0, 8, 16]]","[0, 0, 0]","[3, 4]",1,1.0000000000000002,1.0000000000000002,1.0000000000000002,1.0,1.0,1.0,1.0,1.0,1.3333333333333333,1.0,2.0,1.0,1.0,1.0,1.0,1.0,3.0,1.0,1.0,1.0,1.0,1.0,1.0,1.0,1.0,1.0,1.0,1.0,1.0,1.0,1.0,1.0,1.0,1.0,1.0,1.0,1.0,1.0,1.0,1.0,1.0,1.0,1.0,1.0,1.0
0.04,37,"[0, 2, 5]","[1, 5, 15]","[1, 5, 15]",0,0,r,"[[1, 5, 15], [1, 8, 16], [11, 20, 21]]","[0, 0, 0]","[3, 4]",1,1.0000000000000002,1.0000000000000002,1.0000000000000002,1.0,1.0,1.0,1.0,1.0,1.5,1.0,2.5,1.0,1.0,1.0,1.0,0.5,3.0,1.0,1.0,3.0,1.0,1.0,1.0,1.0,5.0,1.0,1.0,1.0,1.0,1.0,1.0,1.0,1.0,1.0,1.0,1.0,1.0,1.0,1.0,1.0,1.0,1.0,1.0,1.0,1.0
0.04,38,"[1, 2, 5]","[0, 16]","[0, 16]",1,1,r,"[[0, 16], [0, 16], [0, 16]]","[1, 1, 1]","[3, 2]",1,1.0000000000000002,3.000000000000001,2.0000000000000004,1.0,1.0,1.0,1.0,1.0,1.6666666666666665,1.5,2.5,1.0,1.0,1.0,1.0,1.0,3.0,1.0,1.0,1.0,1.0,1.0,1.0,1.0,1.0,1.0,1.0,1.0,1.0,1.0,1.0,1.0,1.0,1.0,1.0,1.0,1.0,1.0,1.0,1.0,1.0,1.0,1.0,1.0,1.0
0.04,39,"[0, 1, 2, 5]","[1, 16]","[1, 16]",1,1,r,"[[1, 16], [1, 16], [1, 16]]","[1, 1, 1]","[3, 2]",1,1.0000000000000002,3.000000000000001,2.0000000000000004,1.0,1.0,1.0,1.0,1.0,1.6666666666666665,1.5,2.5,1.0,1.0,1.0,1.0,0.0,3.0,1.0,1.0,3.0,1.0,1.0,1.0,1.0,1.0,1.0,1.0,1.0,1.0,1.0,1.0,1.0,1.0,1.0,1.0,1.0,1.0,1.0,1.0,1.0,1.0,1.0,1.0,1.0,1.0
0.04,40,"[3, 5]","[5, 16]","[8, 15]",1,1,g,"[[21, 32, 36], [8, 15], [5, 16]]","[0, 1, 1]","[3, 2]",1,1.0000000000000002,1.0000000000000002,2.0000000000000004,1.0,1.0,1.0,0.0,1.0,1.6666666666666665,1.0,3.0,0.75,0.5,0.25,0.0,1.0,3.0,1.0,1.0,1.0,1.0,1.0,1.0,1.0,1.0,1.0,1.0,1.0,1.0,1.0,1.0,1.0,1.0,1.0,1.0,1.0,1.0,1.0,1.0,1.0,1.0,1.0,1.0,1.0,1.0
0.04,41,"[0, 3, 5]","[4, 5, 15]","[4, 5, 15]",0,0,r,"[[4, 5, 15], [12, 20, 21], [12, 20, 21]]","[0, 0, 0]","[3, 4]",1,0.9999999999999999,1.0000000000000002,1.0000000000000002,1.0,1.0,1.0,0.5,0.5,1.3333333333333335,1.0,2.5,0.875,0.75,0.625,1.0,1.0,3.0,1.0,1.0,1.0,1.0,1.0,1.0,1.0,1.0,1.0,1.0,1.0,1.0,1.0,1.0,1.0,1.0,1.0,1.0,1.0,1.0,1.0,1.0,1.0,1.0,1.0,1.0,1.0,1.0
0.04,42,"[1, 3, 5]",[15],[15],0,0,r,"[[15], [15], [15]]","[0, 0, 0]","[1, 4]",3,3.0,3.000000000000001,3.000000000000001,3.0,3.0,3.0,3.0,3.0,3.3333333333333335,3.5,3.5,3.0,3.0,3.0,3.0,3.0,4.0,3.0,3.0,3.0,3.0,3.0,3.0,3.0,3.0,3.0,3.0,3.0,3.0,3.0,3.0,3.0,3.0,3.0,3.0,3.0,3.0,3.0,3.0,3.0,3.0,3.0,3.0,3.0,3.0
0.04,43,"[0, 1, 3, 5]","[4, 16]","[4, 16]",1,1,r,"[[4, 16], [11, 15, 17], [4, 16]]","[1, 0, 1]","[3, 2]",1,1.0000000000000002,3.000000000000001,2.0000000000000004,1.0,1.0,1.0,0.0,1.0,1.5,1.0,3.5,0.75,0.5,0.25,1.0,1.0,3.0,1.0,1.0,1.0,1.0,1.0,1.0,1.0,1.0,1.0,1.0,1.0,1.0,1.0,1.0,1.0,1.0,1.0,1.0,1.0,1.0,1.0,1.0,1.0,1.0,1.0,1.0,1.0,1.0
0.04,44,"[2, 3, 5]","[0, 5, 16]","[0, 8, 15]",0,0,g,"[[1, 4, 5, 15], [0, 8, 15], [0, 5, 16]]","[1, 0, 0]","[3, 4]",1,1.0000000000000002,1.0000000000000002,1.0000000000000002,1.0,1.0,1.0,0.0,1.0,1.0,1.0,2.0,0.75,0.5,0.25,1.0,1.0,3.0,1.0,1.0,1.0,1.0,1.0,1.0,1.0,1.0,1.0,1.0,1.0,1.0,1.0,1.0,1.0,1.0,1.0,1.0,1.0,1.0,1.0,1.0,1.0,1.0,1.0,1.0,1.0,1.0
0.04,45,"[0, 2, 3, 5]","[1, 5, 16]","[1, 8, 15]",0,0,g,"[[0, 4, 5, 15], [1, 8, 15], [11, 20, 28]]","[1, 0, 0]","[3, 4]",1,1.0000000000000002,1.0000000000000002,1.0000000000000002,1.0,1.0,1.0,0.0,1.0,1.1666666666666665,1.0,2.0,0.75,0.5,0.25,1.0,0.5,3.0,1.0,1.0,1.0,1.0,1.0,1.0,1.0,1.0,1.0,1.0,1.0,1.0,1.0,1.0,1.0,1.0,1.0,1.0,1.0,1.0,1.0,1.0,1.0,1.0,1.0,1.0,1.0,1.0
0.04,46,"[1, 2, 3, 5]","[0, 15]","[0, 15]",1,1,r,"[[0, 15], [0, 15], [0, 15]]","[1, 1, 1]","[3, 2]",1,1.0000000000000002,3.000000000000001,2.0000000000000004,1.0,1.0,1.0,1.0,1.0,1.6666666666666667,1.5,2.5,1.0,1.0,1.0,1.0,1.0,3.0,1.0,1.0,1.0,1.0,1.0,1.0,1.0,1.0,1.0,1.0,1.0,1.0,1.0,1.0,1.0,1.0,1.0,1.0,1.0,1.0,1.0,1.0,1.0,1.0,1.0,1.0,1.0,1.0
0.04,47,"[0, 1, 2, 3, 5]","[1, 15]","[1, 15]",1,1,r,"[[1, 15], [1, 15], [1, 15]]","[1, 1, 1]","[3, 2]",1,1.0000000000000002,3.000000000000001,2.0000000000000004,1.0,1.0,1.0,1.0,1.0,1.6666666666666665,1.5,2.5,1.0,1.0,1.0,1.0,0.5,3.0,1.0,1.0,1.0,1.0,1.0,1.0,1.0,1.0,1.0,1.0,1.0,1.0,1.0,1.0,1.0,1.0,1.0,1.0,1.0,1.0,1.0,1.0,1.0,1.0,1.0,1.0,1.0,1.0
0.04,48,"[4, 5]","[20, 21]","[20, 21]",0,0,r,"[[20, 21], [20, 21], [20, 21]]","[0, 0, 0]","[2, 5]",3,3.000000000000001,3.000000000000001,3.000000000000001,3.0,3.0,3.0,1.0,1.0,2.333333333333333,2.0,4.0,2.5,2.0,1.5,2.0,2.0,4.0,3.0,3.0,3.0,3.0,3.0,3.0,3.0,3.0,3.0,3.0,3.0,3.0,3.0,3.0,3.0,3.0,3.0,3.0,3.0,3.0,3.0,3.0,3.0,3.0,3.0,3.0,3.0,3.0
0.04,49,"[0, 4, 5]","[5, 12, 16]","[8, 12, 15]",1,1,g,"[[0, 1, 20, 21], [8, 12, 15], [4, 20, 28]]","[0, 1, 1]","[4, 3]",1,1.0000000000000002,1.0000000000000002,1.0000000000000002,1.0,1.0,1.0,0.0,1.0,1.0,1.0,2.0,0.75,0.5,0.25,1.0,1.0,3.0,1.0,1.0,1.0,1.0,1.0,1.0,1.0,1.0,1.0,1.0,1.0,1.0,1.0,1.0,1.0,1.0,1.0,1.0,1.0,1.0,1.0,1.0,1.0,1.0,1.0,1.0,1.0,1.0
0.04,50,"[1, 4, 5]","[1, 11, 16]","[8, 20, 21]",1,1,r,"[[8, 20, 21], [8, 20, 21], [0, 16, 17]]","[1, 1, 1]","[4, 3]",1,1.0000000000000002,1.0000000000000002,1.0000000000000002,1.0,1.0,1.0,0.0,0.0,1.0,0.0,1.0,0.75,0.5,0.25,0.0,1.0,3.0,3.0,3.0,3.0,3.0,1.0,3.0,3.0,3.0,1.0,1.0,1.0,1.0,1.0,1.0,1.0,1.0,1.0,1.0,1.0,1.0,1.0,1.0,1.0,1.0,1.0,1.0,1.0,1.0
0.04,51,"[0, 1, 4, 5]","[12, 15]","[12, 15]",0,0,r,"[[12, 15], [12, 15], [12, 15]]","[0, 0, 0]","[2, 3]",1,1.0000000000000002,3.000000000000001,3.0,1.0,1.0,1.0,1.0,1.0,1.6666666666666665,2.0,2.0,1.0,1.0,1.0,1.0,1.0,3.0,1.0,1.0,1.0,1.0,1.0,1.0,1.0,1.0,1.0,1.0,1.0,1.0,1.0,1.0,1.0,1.0,1.0,1.0,1.0,1.0,1.0,1.0,1.0,1.0,1.0,1.0,1.0,1.0
0.04,52,"[2, 4, 5]","[5, 15, 17]","[0, 20, 21]",1,1,r,"[[0, 20, 21], [8, 16, 17], [0, 20, 21]]","[1, 1, 1]","[4, 3]",1,1.0000000000000002,1.0000000000000002,1.0000000000000002,1.0,1.0,1.0,1.0,1.0,1.6666666666666665,1.0,3.0,1.0,1.0,1.0,1.0,1.0,3.0,1.0,1.0,3.0,1.0,1.0,1.0,1.0,1.0,1.0,1.0,1.0,1.0,1.0,1.0,1.0,1.0,1.0,1.0,1.0,1.0,1.0,1.0,1.0,1.0,1.0,1.0,1.0,1.0
0.04,53,"[0, 2, 4, 5]","[5, 11, 15]","[1, 20, 21]",1,1,r,"[[1, 20, 21], [8, 11, 16], [1, 20, 21]]","[1, 1, 1]","[4, 3]",1,1.0000000000000002,1.0000000000000002,1.0000000000000002,1.0,1.0,1.0,1.0,1.0,1.6666666666666665,1.0,2.5,1.0,1.0,1.0,1.0,0.5,3.0,1.0,1.0,3.0,1.0,1.0,1.0,1.0,1.0,1.0,1.0,1.0,1.0,1.0,1.0,1.0,1.0,1.0,1.0,1.0,1.0,1.0,1.0,1.0,1.0,1.0,1.0,1.0,1.0
0.04,54,"[1, 2, 4, 5]","[16, 17]","[16, 17]",0,0,r,"[[16, 17], [16, 17], [16, 17]]","[0, 0, 0]","[2, 3]",1,2.0000000000000004,3.000000000000001,2.0000000000000004,1.0,3.0,2.0,1.0,1.0,2.1666666666666665,2.5,3.0,1.75,1.5,1.25,1.5,1.0,4.0,3.0,3.0,3.0,3.0,3.0,3.0,1.0,3.0,3.0,3.0,3.0,3.0,3.0,3.0,1.0,3.0,1.0,1.0,1.0,1.0,1.0,1.0,1.0,1.0,1.0,1.0,1.0,1.0
0.04,55,"[0, 1, 2, 4, 5]","[11, 16]","[11, 16]",0,0,r,"[[11, 16], [11, 16], [11, 16]]","[0, 0, 0]","[2, 3]",1,1.0000000000000002,3.000000000000001,2.0000000000000004,1.0,1.0,1.0,1.0,1.0,1.6666666666666665,2.0,2.0,1.0,1.0,1.0,1.0,1.0,3.0,1.0,1.0,1.0,1.0,1.0,1.0,1.0,1.0,1.0,1.0,1.0,1.0,1.0,1.0,1.0,1.0,1.0,1.0,1.0,1.0,1.0,1.0,1.0,1.0,1.0,1.0,1.0,1.0
0.04,56,"[3, 4, 5]","[20, 28]","[20, 28]",0,0,r,"[[20, 28], [20, 28], [20, 28]]","[0, 0, 0]","[2, 5]",3,3.000000000000001,3.000000000000001,3.000000000000001,3.0,3.0,3.0,1.5,1.5,2.6666666666666665,2.5,4.0,2.625,2.25,1.875,2.5,3.0,4.0,3.0,3.0,3.0,3.0,3.0,3.0,3.0,3.0,3.0,3.0,3.0,3.0,3.0,3.0,3.0,3.0,3.0,3.0,3.0,3.0,3.0,3.0,3.0,3.0,3.0,3.0,3.0,3.0
0.04,57,"[0, 3, 4, 5]","[5, 12, 15]","[4, 20, 21]",1,1,r,"[[4, 20, 21], [8, 12, 16], [4, 20, 21]]","[1, 1, 1]","[4, 3]",1,1.0000000000000002,1.0000000000000002,1.0000000000000002,1.0,1.0,1.0,1.0,1.0,1.3333333333333333,1.0,2.0,1.0,1.0,1.0,1.0,1.0,3.0,1.0,1.0,3.0,1.0,1.0,1.0,1.0,1.0,1.0,1.0,1.0,1.0,1.0,1.0,1.0,1.0,1.0,1.0,1.0,1.0,1.0,1.0,1.0,1.0,1.0,1.0,1.0,1.0
0.04,58,"[1, 3, 4, 5]","[1, 11, 15]","[5, 20, 21]",1,1,r,"[[5, 20, 21], [8, 20, 28], [0, 15, 17]]","[1, 1, 1]","[4, 3]",1,1.0000000000000002,1.0000000000000002,1.0000000000000002,1.0,1.0,1.0,0.0,0.0,1.0,0.5,1.0,0.75,0.5,0.25,0.0,1.0,4.0,3.0,3.0,3.0,3.0,1.0,3.0,3.0,5.0,3.0,1.0,1.0,1.0,1.0,1.0,1.0,1.0,1.0,1.0,1.0,1.0,1.0,1.0,1.0,1.0,1.0,1.0,1.0,1.0
0.04,59,"[0, 1, 3, 4, 5]","[12, 16]","[12, 16]",0,0,r,"[[12, 16], [12, 16], [12, 16]]","[0, 0, 0]","[2, 3]",1,1.0000000000000002,3.000000000000001,3.0,1.0,1.0,1.0,1.0,1.0,1.6666666666666665,2.0,2.0,1.0,1.0,1.0,1.0,1.0,3.0,1.0,1.0,1.0,1.0,1.0,1.0,1.0,1.0,1.0,1.0,1.0,1.0,1.0,1.0,1.0,1.0,1.0,1.0,1.0,1.0,1.0,1.0,1.0,1.0,1.0,1.0,1.0,1.0
0.04,60,"[2, 3, 4, 5]","[5, 16, 17]","[8, 15, 17]",1,1,g,"[[1, 4, 20, 21], [8, 15, 17], [0, 20, 28]]","[0, 1, 1]","[4, 3]",1,1.0000000000000002,1.0000000000000002,1.0000000000000002,1.0,1.0,1.0,0.0,1.0,1.3333333333333333,1.0,2.0,0.75,0.5,0.25,1.0,1.0,3.0,1.0,1.0,1.0,1.0,1.0,1.0,1.0,1.0,1.0,1.0,1.0,1.0,1.0,1.0,1.0,1.0,1.0,1.0,1.0,1.0,1.0,1.0,1.0,1.0,1.0,1.0,1.0,1.0
0.04,61,"[0, 2, 3, 4, 5]","[5, 11, 16]","[8, 11, 15]",1,1,g,"[[0, 4, 20, 21], [8, 11, 15], [1, 20, 28]]","[0, 1, 1]","[4, 3]",1,1.0000000000000002,1.0000000000000002,1.0000000000000002,1.0,1.0,1.0,0.0,1.0,1.3333333333333333,1.0,2.5,0.75,0.5,0.25,1.0,0.5,3.0,1.0,1.0,1.0,1.0,1.0,1.0,1.0,1.0,1.0,1.0,1.0,1.0,1.0,1.0,1.0,1.0,1.0,1.0,1.0,1.0,1.0,1.0,1.0,1.0,1.0,1.0,1.0,1.0
0.04,62,"[1, 2, 3, 4, 5]","[15, 17]","[15, 17]",0,0,r,"[[15, 17], [15, 17], [15, 17]]","[0, 0, 0]","[2, 3]",1,2.0000000000000004,3.000000000000001,2.0000000000000004,1.0,3.0,2.0,1.5,1.5,2.1666666666666665,2.0,3.0,1.875,1.75,1.625,1.5,1.0,4.0,3.0,3.0,3.0,3.0,3.0,3.0,1.0,3.0,3.0,3.0,3.0,3.0,3.0,3.0,1.0,3.0,1.0,1.0,1.0,1.0,1.0,1.0,1.0,1.0,1.0,1.0,1.0,1.0
0.04,63,"[0, 1, 2, 3, 4, 5]","[11, 15]","[11, 15]",0,0,r,"[[11, 15], [11, 15], [11, 15]]","[0, 0, 0]","[2, 3]",1,1.0000000000000002,3.000000000000001,2.0000000000000004,1.0,1.0,1.0,1.0,1.0,1.6666666666666665,2.0,2.0,1.0,1.0,1.0,1.0,1.0,3.0,1.0,1.0,1.0,1.0,1.0,1.0,1.0,1.0,1.0,1.0,1.0,1.0,1.0,1.0,1.0,1.0,1.0,1.0,1.0,1.0,1.0,1.0,1.0,1.0,1.0,1.0,1.0,1.0
0.04,64,[6],"[24, 25]","[32, 36]",0,0,r,"[[32, 36], [24, 25], [32, 36]]","[0, 0, 0]","[2, 3]",1,1.0000000000000002,1.0000000000000002,1.0000000000000002,1.0,1.0,1.0,1.0,1.0,1.6666666666666665,1.0,3.0,1.0,1.0,1.0,1.0,1.0,3.0,1.0,1.0,3.0,1.0,1.0,1.0,1.0,1.0,1.0,1.0,1.0,1.0,1.0,1.0,1.0,1.0,1.0,1.0,1.0,1.0,1.0,1.0,1.0,1.0,1.0,1.0,1.0,1.0
0.04,65,"[0, 6]","[12, 20]","[12, 20]",0,0,r,"[[12, 20], [12, 20], [12, 20]]","[0, 0, 0]","[2, 5]",3,3.000000000000001,3.000000000000001,3.000000000000001,3.0,3.0,3.0,1.0,1.0,2.333333333333333,2.0,4.0,2.5,2.0,1.5,3.0,3.0,4.0,3.0,3.0,3.0,3.0,3.0,3.0,3.0,3.0,3.0,3.0,3.0,3.0,3.0,3.0,3.0,3.0,3.0,3.0,3.0,3.0,3.0,3.0,3.0,3.0,3.0,3.0,3.0,3.0
0.04,66,"[1, 6]","[15, 21]","[16, 28]",0,0,r,"[[16, 28], [16, 28], [16, 28]]","[0, 0, 0]","[2, 3]",1,1.0000000000000002,1.0000000000000002,1.0000000000000002,1.0,1.0,1.0,1.0,1.0,1.6666666666666665,1.0,3.0,1.0,1.0,1.0,1.0,1.0,3.0,1.0,1.0,3.0,1.0,1.0,1.0,1.0,1.0,1.0,1.0,1.0,1.0,1.0,1.0,1.0,1.0,1.0,1.0,1.0,1.0,1.0,1.0,1.0,1.0,1.0,1.0,1.0,1.0
0.04,67,"[0, 1, 6]","[8, 12, 20]","[4, 15, 28]",1,1,r,"[[4, 15, 28], [8, 12, 20], [8, 12, 20]]","[1, 1, 1]","[4, 3]",1,1.0000000000000002,1.0000000000000002,1.0000000000000002,1.0,1.0,1.0,1.0,1.0,1.6666666666666665,1.0,3.0,1.0,1.0,1.0,1.0,1.0,3.0,1.0,1.0,3.0,1.0,1.0,1.0,1.0,1.0,1.0,1.0,1.0,1.0,1.0,1.0,1.0,1.0,1.0,1.0,1.0,1.0,1.0,1.0,1.0,1.0,1.0,1.0,1.0,1.0
0.04,68,"[2, 6]","[1, 12, 20]","[0, 32, 36]",1,1,r,"[[0, 32, 36], [1, 12, 20], [0, 32, 36]]","[1, 1, 1]","[4, 3]",1,1.0000000000000002,1.0000000000000002,1.0000000000000002,1.0,1.0,1.0,0.0,0.0,1.0,1.0,2.0,0.75,0.5,0.25,0.0,1.0,3.0,1.0,1.0,3.0,1.0,1.0,1.0,1.0,1.0,1.0,1.0,1.0,1.0,1.0,1.0,1.0,1.0,1.0,1.0,1.0,1.0,1.0,1.0,1.0,1.0,1.0,1.0,1.0,1.0
0.04,69,"[0, 2, 6]","[4, 17, 20]","[1, 32, 36]",1,1,r,"[[1, 32, 36], [0, 12, 20], [0, 12, 20]]","[1, 1, 1]","[4, 3]",1,1.0000000000000002,1.0000000000000002,1.0000000000000002,1.0,1.0,1.0,0.0,0.0,1.0,0.0,1.0,0.75,0.5,0.25,0.0,1.0,3.0,1.0,1.0,1.0,1.0,1.0,1.0,1.0,1.0,1.0,1.0,1.0,1.0,1.0,1.0,1.0,1.0,1.0,1.0,1.0,1.0,1.0,1.0,1.0,1.0,1.0,1.0,1.0,1.0
0.04,70,"[1, 2, 6]","[5, 17, 20]","[0, 16, 28]",1,1,r,"[[0, 16, 28], [0, 16, 28], [0, 16, 28]]","[1, 1, 1]","[4, 3]",1,1.0000000000000002,1.0000000000000002,1.0000000000000002,1.0,1.0,1.0,1.0,1.0,1.6666666666666665,1.0,3.0,1.0,1.0,1.0,1.0,1.0,3.0,1.0,1.0,1.0,1.0,1.0,1.0,1.0,1.0,1.0,1.0,1.0,1.0,1.0,1.0,1.0,1.0,1.0,1.0,1.0,1.0,1.0,1.0,1.0,1.0,1.0,1.0,1.0,1.0
0.04,71,"[0, 1, 2, 6]","[5, 11, 20]","[1, 16, 28]",1,1,r,"[[1, 16, 28], [1, 16, 28], [5, 11, 20]]","[1, 1, 1]","[4, 3]",1,1.0000000000000002,1.0000000000000002,1.0000000000000002,1.0,1.0,1.0,1.0,1.0,1.8333333333333335,1.0,3.5,1.0,1.0,1.0,1.0,0.5,3.0,1.0,1.0,3.0,1.0,1.0,1.0,1.0,1.0,1.0,1.0,1.0,1.0,1.0,1.0,1.0,1.0,1.0,1.0,1.0,1.0,1.0,1.0,1.0,1.0,1.0,1.0,1.0,1.0
0.04,72,"[3, 6]","[1, 11, 20]","[5, 15, 21]",1,1,r,"[[5, 15, 21], [4, 12, 20], [15, 16, 32, 36]]","[1, 1, 0]","[4, 3]",1,0.9999999999999999,0.9999999999999999,0.9999999999999999,1.0,1.0,1.0,0.0,0.0,0.3333333333333333,0.0,1.0,0.75,0.5,0.25,1.0,1.0,3.0,1.0,1.0,1.0,1.0,1.0,1.0,1.0,1.0,1.0,1.0,1.0,1.0,1.0,1.0,1.0,1.0,1.0,1.0,1.0,1.0,1.0,1.0,1.0,1.0,1.0,1.0,1.0,1.0
0.04,73,"[0, 3, 6]","[1, 17, 20]","[4, 32, 36]",1,1,r,"[[4, 32, 36], [4, 24, 25], [0, 11, 20]]","[1, 1, 1]","[4, 3]",1,1.0000000000000002,1.0000000000000002,1.0000000000000002,1.0,1.0,1.0,0.0,0.0,0.6666666666666666,0.0,1.0,0.75,0.5,0.25,0.0,0.0,3.0,1.0,1.0,3.0,1.0,1.0,1.0,1.0,1.0,1.0,1.0,1.0,1.0,1.0,1.0,1.0,1.0,1.0,1.0,1.0,1.0,1.0,1.0,1.0,1.0,1.0,1.0,1.0,1.0
0.04,74,"[1, 3, 6]","[16, 21]","[15, 28]",0,0,r,"[[15, 28], [5, 24, 25], [16, 21]]","[0, 1, 0]","[2, 3]",1,1.0000000000000002,1.0000000000000002,2.0000000000000004,1.0,1.0,1.0,0.0,1.0,1.3333333333333333,1.0,3.0,0.75,0.5,0.25,1.0,1.0,3.0,1.0,1.0,1.0,1.0,1.0,1.0,1.0,1.0,1.0,1.0,1.0,1.0,1.0,1.0,1.0,1.0,1.0,1.0,1.0,1.0,1.0,1.0,1.0,1.0,1.0,1.0,1.0,1.0
0.04,75,"[0, 1, 3, 6]","[5, 12, 20]","[4, 15, 21]",1,1,r,"[[4, 15, 21], [4, 16, 28], [5, 12, 20]]","[1, 1, 1]","[4, 3]",1,1.0000000000000002,3.000000000000001,1.0000000000000002,1.0,1.0,1.0,1.0,1.0,1.6666666666666665,1.0,3.0,1.0,1.0,1.0,1.0,1.0,3.0,3.0,3.0,3.0,3.0,1.0,3.0,1.0,3.0,1.0,1.0,1.0,1.0,1.0,1.0,1.0,1.0,1.0,1.0,1.0,1.0,1.0,1.0,1.0,1.0,1.0,1.0,1.0,1.0
0.04,76,"[2, 3, 6]","[17, 20]","[17, 20]",0,0,r,"[[17, 20], [0, 4, 12, 20], [1, 4, 32, 36]]","[0, 0, 0]","[2, 5]",3,1.0000000000000002,3.000000000000001,1.0000000000000002,1.0,1.0,1.0,0.0,0.0,1.3333333333333333,1.0,3.0,0.75,0.5,0.25,1.0,1.0,4.0,3.0,3.0,3.0,3.0,3.0,3.0,3.0,3.0,3.0,3.0,3.0,3.0,3.0,3.0,3.0,3.0,3.0,3.0,3.0,3.0,3.0,3.0,3.0,3.0,3.0,3.0,3.0,3.0
0.04,77,"[0, 2, 3, 6]","[11, 20]","[11, 20]",0,0,r,"[[11, 20], [1, 5, 16, 28], [11, 20]]","[0, 0, 0]","[2, 5]",3,1.0000000000000002,3.000000000000001,2.0000000000000004,1.0,1.0,1.0,0.0,0.0,1.9999999999999998,1.5,4.0,1.0,1.0,0.5,1.0,1.0,4.0,3.0,3.0,3.0,3.0,3.0,3.0,3.0,3.0,3.0,3.0,3.0,3.0,3.0,3.0,3.0,3.0,3.0,3.0,3.0,3.0,3.0,3.0,3.0,3.0,3.0,3.0,3.0,3.0
0.04,78,"[1, 2, 3, 6]","[8, 17, 20]","[0, 15, 28]",1,1,r,"[[0, 15, 28], [1, 4, 16, 28], [0, 16, 21]]","[1, 0, 1]","[4, 3]",1,1.0000000000000002,1.0000000000000002,1.0000000000000002,1.0,1.0,1.0,0.0,1.0,1.3333333333333333,1.0,3.0,0.75,0.5,0.25,0.0,1.0,3.0,1.0,1.0,1.0,1.0,1.0,1.0,1.0,1.0,1.0,1.0,1.0,1.0,1.0,1.0,1.0,1.0,1.0,1.0,1.0,1.0,1.0,1.0,1.0,1.0,1.0,1.0,1.0,1.0
0.04,79,"[0, 1, 2, 3, 6]","[8, 11, 20]","[1, 15, 28]",1,1,r,"[[1, 15, 28], [0, 5, 12, 20], [8, 11, 20]]","[1, 0, 1]","[4, 3]",1,1.0000000000000002,1.0000000000000002,1.0000000000000002,1.0,1.0,1.0,0.0,1.0,1.6666666666666665,1.0,3.5,0.75,0.5,0.25,0.0,0.5,3.0,1.0,1.0,1.0,1.0,1.0,1.0,1.0,1.0,1.0,1.0,1.0,1.0,1.0,1.0,1.0,1.0,1.0,1.0,1.0,1.0,1.0,1.0,1.0,1.0,1.0,1.0,1.0,1.0
0.04,80,"[4, 6]","[15, 16, 20]","[20, 21, 28]",0,0,r,"[[20, 21, 28], [5, 8, 20], [25, 31, 32]]","[0, 0, 0]","[3, 4]",1,0.9999999999999999,0.9999999999999999,0.9999999999999999,1.0,1.0,1.0,0.0,0.0,0.6666666666666666,0.0,1.0,0.75,0.5,0.25,0.5,1.0,3.0,5.0,5.0,5.0,5.0,1.0,5.0,5.0,3.0,3.0,1.0,1.0,1.0,1.0,1.0,1.0,1.0,1.0,1.0,1.0,1.0,1.0,1.0,1.0,1.0,1.0,1.0,1.0,1.0
0.04,81,"[0, 4, 6]","[4, 20]","[4, 20]",1,1,r,"[[4, 20], [4, 20], [4, 20]]","[1, 1, 1]","[5, 2]",3,3.000000000000001,3.000000000000001,3.000000000000001,3.0,3.0,3.0,1.5,1.5,2.6666666666666665,2.5,4.0,2.625,2.25,1.875,2.5,3.0,4.0,3.0,3.0,3.0,3.0,3.0,3.0,3.0,3.0,3.0,3.0,3.0,3.0,3.0,3.0,3.0,3.0,3.0,3.0,3.0,3.0,3.0,3.0,3.0,3.0,3.0,3.0,3.0,3.0
0.04,82,"[1, 4, 6]","[5, 20]","[5, 20]",1,1,g,"[[1, 11, 16, 28], [5, 20], [5, 20]]","[1, 1, 1]","[5, 2]",3,1.0000000000000002,3.0,3.0,1.0,1.0,1.0,0.0,0.0,2.0,2.0,4.0,1.0,1.0,0.75,1.0,1.0,4.0,3.0,3.0,3.0,3.0,3.0,3.0,3.0,3.0,3.0,3.0,3.0,3.0,3.0,3.0,3.0,3.0,3.0,3.0,3.0,3.0,3.0,3.0,3.0,3.0,3.0,3.0,3.0,3.0
0.04,83,"[0, 1, 4, 6]","[4, 8, 20]","[12, 15, 28]",0,0,r,"[[12, 15, 28], [4, 8, 20], [12, 16, 21]]","[0, 0, 0]","[3, 4]",1,1.0000000000000002,1.0000000000000002,1.0000000000000002,1.0,1.0,1.0,0.5,0.5,1.5,1.0,2.5,0.875,0.75,0.625,1.0,1.0,3.0,1.0,1.0,1.0,1.0,1.0,1.0,1.0,1.0,1.0,1.0,1.0,1.0,1.0,1.0,1.0,1.0,1.0,1.0,1.0,1.0,1.0,1.0,1.0,1.0,1.0,1.0,1.0,1.0
0.04,84,"[2, 4, 6]","[11, 12, 20]","[17, 32, 36]",0,0,r,"[[17, 32, 36], [11, 12, 20], [1, 4, 20]]","[0, 0, 0]","[3, 4]",1,1.0000000000000002,1.0000000000000002,1.0000000000000002,1.0,1.0,1.0,0.0,0.0,1.0,0.5,1.0,0.75,0.5,0.25,0.0,0.5,3.0,1.0,1.0,3.0,1.0,1.0,1.0,1.0,1.0,1.0,1.0,1.0,1.0,1.0,1.0,1.0,1.0,1.0,1.0,1.0,1.0,1.0,1.0,1.0,1.0,1.0,1.0,1.0,1.0
0.04,85,"[0, 2, 4, 6]","[12, 17, 20]","[11, 32, 36]",0,0,r,"[[11, 32, 36], [12, 17, 20], [0, 4, 20]]","[0, 0, 0]","[3, 4]",1,1.0000000000000002,1.0000000000000002,1.0000000000000002,1.0,1.0,1.0,0.0,0.0,1.0,0.5,1.0,0.75,0.5,0.25,0.0,1.0,3.0,1.0,1.0,1.0,1.0,1.0,1.0,1.0,1.0,1.0,1.0,1.0,1.0,1.0,1.0,1.0,1.0,1.0,1.0,1.0,1.0,1.0,1.0,1.0,1.0,1.0,1.0,1.0,1.0
0.04,86,"[1, 2, 4, 6]","[0, 5, 20]","[16, 17, 28]",0,0,r,"[[16, 17, 28], [16, 17, 28], [0, 5, 20]]","[0, 0, 0]","[3, 4]",1,1.0000000000000002,1.0000000000000002,1.0000000000000002,1.0,1.0,1.0,0.5,0.5,1.5,1.0,2.5,0.875,0.75,0.625,1.0,1.0,3.0,1.0,1.0,3.0,1.0,1.0,1.0,1.0,1.0,1.0,1.0,1.0,1.0,1.0,1.0,1.0,1.0,1.0,1.0,1.0,1.0,1.0,1.0,1.0,1.0,1.0,1.0,1.0,1.0
0.04,87,"[0, 1, 2, 4, 6]","[1, 5, 20]","[11, 16, 28]",0,0,r,"[[11, 16, 28], [11, 16, 28], [11, 16, 28]]","[0, 0, 0]","[3, 4]",1,1.0000000000000002,1.0000000000000002,1.0000000000000002,1.0,1.0,1.0,0.5,0.5,1.6666666666666665,1.0,2.5,0.875,0.75,0.625,1.0,1.0,3.0,1.0,1.0,1.0,1.0,1.0,1.0,1.0,1.0,1.0,1.0,1.0,1.0,1.0,1.0,1.0,1.0,1.0,1.0,1.0,1.0,1.0,1.0,1.0,1.0,1.0,1.0,1.0,1.0
0.04,88,"[3, 4, 6]",[20],[20],0,0,r,"[[20], [20], [20]]","[0, 0, 0]","[1, 6]",5,4.000000000000001,4.000000000000001,4.000000000000001,3.0,5.0,4.0,3.0,3.0,3.666666666666667,4.0,4.0,3.75,3.5,3.25,3.5,2.5,5.0,5.0,5.0,5.0,5.0,5.0,5.0,5.0,5.0,5.0,5.0,5.0,5.0,5.0,5.0,5.0,5.0,5.0,5.0,5.0,5.0,5.0,5.0,5.0,5.0,5.0,5.0,5.0,5.0
0.04,89,"[0, 3, 4, 6]","[11, 17, 20]","[12, 32, 36]",0,0,r,"[[12, 32, 36], [11, 17, 20], [0, 1, 20]]","[0, 0, 0]","[3, 4]",1,1.0000000000000002,1.0000000000000002,1.0000000000000002,1.0,1.0,1.0,0.0,0.0,0.6666666666666666,0.0,1.0,0.75,0.5,0.25,0.0,0.5,3.0,1.0,1.0,3.0,1.0,1.0,1.0,1.0,1.0,1.0,1.0,1.0,1.0,1.0,1.0,1.0,1.0,1.0,1.0,1.0,1.0,1.0,1.0,1.0,1.0,1.0,1.0,1.0,1.0
0.04,90,"[1, 3, 4, 6]","[8, 20]","[8, 20]",1,1,g,"[[1, 11, 15, 28], [8, 20], [8, 20]]","[1, 1, 1]","[5, 2]",3,1.0000000000000002,2.0000000000000004,2.0000000000000004,1.0,1.0,1.0,0.0,0.0,1.9999999999999998,1.5,4.0,1.0,1.0,0.5,1.0,1.0,4.0,3.0,3.0,3.0,3.0,3.0,3.0,3.0,3.0,3.0,3.0,3.0,3.0,3.0,3.0,3.0,3.0,3.0,3.0,3.0,3.0,3.0,3.0,3.0,3.0,3.0,3.0,3.0,3.0
0.04,91,"[0, 1, 3, 4, 6]","[4, 5, 20]","[4, 5, 20]",0,0,r,"[[4, 5, 20], [12, 16, 28], [12, 16, 28]]","[0, 0, 0]","[3, 4]",1,1.0000000000000002,3.000000000000001,1.0000000000000002,1.0,1.0,1.0,1.0,1.0,1.6666666666666665,1.0,3.0,1.0,1.0,1.0,1.0,1.0,3.0,1.0,1.0,1.0,1.0,1.0,1.0,1.0,3.0,3.0,1.0,1.0,1.0,1.0,1.0,1.0,1.0,1.0,1.0,1.0,1.0,1.0,1.0,1.0,1.0,1.0,1.0,1.0,1.0
0.04,92,"[2, 3, 4, 6]","[0, 20]","[0, 20]",1,1,r,"[[0, 20], [4, 12, 17, 20], [0, 20]]","[1, 1, 1]","[5, 2]",3,1.0000000000000002,3.000000000000001,2.0000000000000004,1.0,1.0,1.0,0.0,0.0,1.9999999999999998,1.5,4.0,1.0,1.0,0.5,1.0,1.0,4.0,3.0,3.0,3.0,3.0,3.0,3.0,3.0,3.0,3.0,3.0,3.0,3.0,3.0,3.0,3.0,3.0,3.0,3.0,3.0,3.0,3.0,3.0,3.0,3.0,3.0,3.0,3.0,3.0
0.04,93,"[0, 2, 3, 4, 6]","[1, 20]","[1, 20]",1,1,r,"[[1, 20], [5, 11, 16, 28], [1, 20]]","[1, 1, 1]","[5, 2]",3,1.0000000000000002,3.000000000000001,2.0000000000000004,1.0,1.0,1.0,0.0,0.0,2.333333333333333,2.0,4.0,1.0,1.0,0.75,1.0,1.0,4.0,3.0,3.0,3.0,3.0,3.0,3.0,3.0,3.0,3.0,3.0,3.0,3.0,3.0,3.0,3.0,3.0,3.0,3.0,3.0,3.0,3.0,3.0,3.0,3.0,3.0,3.0,3.0,3.0
0.04,94,"[1, 2, 3, 4, 6]","[0, 8, 20]","[15, 17, 28]",0,0,r,"[[15, 17, 28], [4, 11, 16, 28], [0, 8, 20]]","[0, 1, 0]","[3, 4]",1,1.0000000000000002,1.0000000000000002,1.0000000000000002,1.0,1.0,1.0,0.0,0.5,1.6666666666666665,1.0,3.5,0.75,0.5,0.25,0.0,1.0,3.0,1.0,1.0,1.0,1.0,1.0,1.0,1.0,1.0,1.0,1.0,1.0,1.0,1.0,1.0,1.0,1.0,1.0,1.0,1.0,1.0,1.0,1.0,1.0,1.0,1.0,1.0,1.0,1.0
0.04,95,"[0, 1, 2, 3, 4, 6]","[1, 8, 20]","[11, 15, 28]",0,0,r,"[[11, 15, 28], [5, 12, 17, 20], [11, 16, 21]]","[0, 1, 0]","[3, 4]",1,1.0000000000000002,1.0000000000000002,1.0000000000000002,1.0,1.0,1.0,0.0,1.0,1.3333333333333333,1.0,2.5,0.75,0.5,0.25,1.0,1.0,3.0,1.0,1.0,1.0,1.0,1.0,1.0,1.0,1.0,1.0,1.0,1.0,1.0,1.0,1.0,1.0,1.0,1.0,1.0,1.0,1.0,1.0,1.0,1.0,1.0,1.0,1.0,1.0,1.0
0.04,96,"[5, 6]",[28],[28],0,0,r,"[[28], [28], [28]]","[0, 0, 0]","[1, 4]",3,3.000000000000001,3.000000000000001,3.000000000000001,3.0,3.0,3.0,3.0,3.0,3.333333333333333,3.0,3.5,3.0,3.0,3.0,3.0,3.0,4.0,3.0,3.0,3.0,3.0,3.0,3.0,3.0,3.0,3.0,3.0,3.0,3.0,3.0,3.0,3.0,3.0,3.0,3.0,3.0,3.0,3.0,3.0,3.0,3.0,3.0,3.0,3.0,3.0
0.04,97,"[0, 5, 6]","[4, 21]","[4, 21]",1,1,r,"[[4, 21], [11, 17, 28], [4, 21]]","[1, 0, 1]","[3, 2]",1,1.0000000000000002,3.000000000000001,2.0000000000000004,1.0,1.0,1.0,0.0,1.0,1.5,1.0,3.5,0.75,0.5,0.25,1.0,1.0,3.0,1.0,1.0,1.0,1.0,1.0,1.0,1.0,1.0,1.0,1.0,1.0,1.0,1.0,1.0,1.0,1.0,1.0,1.0,1.0,1.0,1.0,1.0,1.0,1.0,1.0,1.0,1.0,1.0
0.04,98,"[1, 5, 6]","[5, 21]","[8, 28]",1,1,r,"[[8, 28], [8, 28], [8, 28]]","[1, 1, 1]","[3, 2]",1,1.0000000000000002,1.0000000000000002,1.0000000000000002,1.0,1.0,1.0,1.0,1.0,1.6666666666666665,1.0,3.0,1.0,1.0,1.0,1.0,1.0,3.0,1.0,1.0,3.0,1.0,1.0,1.0,1.0,1.0,1.0,1.0,1.0,1.0,1.0,1.0,1.0,1.0,1.0,1.0,1.0,1.0,1.0,1.0,1.0,1.0,1.0,1.0,1.0,1.0
0.04,99,"[0, 1, 5, 6]","[12, 16, 20]","[4, 5, 28]",0,0,r,"[[4, 5, 28], [12, 16, 20], [12, 16, 20]]","[0, 0, 0]","[3, 4]",1,1.0000000000000002,1.0000000000000002,1.0000000000000002,1.0,1.0,1.0,1.0,1.0,1.6666666666666665,1.0,3.0,1.0,1.0,1.0,1.0,1.0,3.0,1.0,1.0,1.0,1.0,1.0,1.0,1.0,1.0,1.0,1.0,1.0,1.0,1.0,1.0,1.0,1.0,1.0,1.0,1.0,1.0,1.0,1.0,1.0,1.0,1.0,1.0,1.0,1.0
0.04,100,"[2, 5, 6]","[0, 28]","[0, 28]",1,1,r,"[[0, 28], [0, 28], [0, 28]]","[1, 1, 1]","[3, 2]",1,1.0000000000000002,3.000000000000001,3.000000000000001,1.0,1.0,1.0,1.0,1.0,1.6666666666666665,1.5,2.5,1.0,1.0,1.0,1.0,1.0,3.0,1.0,1.0,1.0,1.0,1.0,1.0,1.0,1.0,1.0,1.0,1.0,1.0,1.0,1.0,1.0,1.0,1.0,1.0,1.0,1.0,1.0,1.0,1.0,1.0,1.0,1.0,1.0,1.0
0.04,101,"[0, 2, 5, 6]","[1, 28]","[1, 28]",1,1,r,"[[1, 28], [1, 28], [1, 28]]","[1, 1, 1]","[3, 2]",1,1.0000000000000002,3.000000000000001,3.000000000000001,1.0,1.0,1.0,1.0,1.0,1.6666666666666665,1.5,2.5,1.0,1.0,1.0,1.0,0.0,3.0,1.0,1.0,3.0,1.0,1.0,1.0,1.0,1.0,1.0,1.0,1.0,1.0,1.0,1.0,1.0,1.0,1.0,1.0,1.0,1.0,1.0,1.0,1.0,1.0,1.0,1.0,1.0,1.0
0.04,102,"[1, 2, 5, 6]","[15, 17, 20]","[0, 8, 28]",0,0,r,"[[0, 8, 28], [0, 8, 28], [0, 8, 28]]","[0, 0, 0]","[3, 4]",1,1.0000000000000002,1.0000000000000002,1.0000000000000002,1.0,1.0,1.0,1.0,1.0,1.6666666666666665,1.0,3.0,1.0,1.0,1.0,1.0,1.0,3.0,1.0,1.0,3.0,1.0,1.0,1.0,1.0,1.0,1.0,1.0,1.0,1.0,1.0,1.0,1.0,1.0,1.0,1.0,1.0,1.0,1.0,1.0,1.0,1.0,1.0,1.0,1.0,1.0
0.04,103,"[0, 1, 2, 5, 6]","[11, 15, 20]","[1, 8, 28]",0,0,r,"[[1, 8, 28], [1, 8, 28], [11, 15, 20]]","[0, 0, 0]","[3, 4]",1,1.0000000000000002,1.0000000000000002,1.0000000000000002,1.0,1.0,1.0,1.0,1.0,1.8333333333333335,1.0,3.5,1.0,1.0,1.0,1.0,0.5,3.0,1.0,1.0,3.0,1.0,1.0,1.0,1.0,1.0,1.0,1.0,1.0,1.0,1.0,1.0,1.0,1.0,1.0,1.0,1.0,1.0,1.0,1.0,1.0,1.0,1.0,1.0,1.0,1.0
0.04,104,"[3, 5, 6]",[21],[21],0,0,r,"[[21], [21], [21]]","[0, 0, 0]","[1, 4]",3,3.000000000000001,4.000000000000001,3.000000000000001,3.0,3.0,3.0,3.0,3.0,3.3333333333333335,3.5,3.5,3.0,3.0,3.0,3.0,2.5,4.0,3.0,3.0,3.0,3.0,3.0,3.0,3.0,3.0,3.0,3.0,3.0,3.0,3.0,3.0,3.0,3.0,3.0,3.0,3.0,3.0,3.0,3.0,3.0,3.0,3.0,3.0,3.0,3.0
0.04,105,"[0, 3, 5, 6]","[4, 28]","[4, 28]",1,1,r,"[[4, 28], [11, 17, 21], [4, 28]]","[1, 0, 1]","[3, 2]",1,1.0000000000000002,3.000000000000001,2.0000000000000004,1.0,1.0,1.0,0.0,1.0,1.5,1.0,3.5,0.75,0.5,0.25,1.0,1.0,3.0,1.0,1.0,1.0,1.0,1.0,1.0,1.0,1.0,1.0,1.0,1.0,1.0,1.0,1.0,1.0,1.0,1.0,1.0,1.0,1.0,1.0,1.0,1.0,1.0,1.0,1.0,1.0,1.0
0.04,106,"[1, 3, 5, 6]","[8, 21]","[5, 28]",1,1,r,"[[5, 28], [8, 21], [8, 21]]","[1, 1, 1]","[3, 2]",1,1.0000000000000002,1.0000000000000002,1.0000000000000002,1.0,1.0,1.0,1.0,1.0,1.6666666666666665,1.0,3.0,1.0,1.0,1.0,1.0,1.0,3.0,1.0,1.0,5.0,1.0,1.0,1.0,1.0,1.0,1.0,1.0,1.0,1.0,1.0,1.0,1.0,1.0,1.0,1.0,1.0,1.0,1.0,1.0,1.0,1.0,1.0,1.0,1.0,1.0
0.04,107,"[0, 1, 3, 5, 6]","[12, 15, 20]","[4, 5, 21]",0,0,r,"[[4, 5, 21], [12, 15, 20], [12, 15, 20]]","[0, 0, 0]","[3, 4]",1,1.0000000000000002,3.000000000000001,1.0000000000000002,1.0,1.0,1.0,1.0,1.0,1.6666666666666665,1.0,3.0,1.0,1.0,1.0,1.0,1.0,3.0,1.0,1.0,1.0,1.0,1.0,1.0,1.0,3.0,3.0,3.0,3.0,1.0,1.0,1.0,1.0,1.0,1.0,1.0,1.0,1.0,1.0,1.0,1.0,1.0,1.0,1.0,1.0,1.0
0.04,108,"[2, 3, 5, 6]","[0, 21]","[0, 21]",1,1,r,"[[0, 21], [0, 21], [0, 21]]","[1, 1, 1]","[3, 2]",1,1.0000000000000002,3.000000000000001,3.000000000000001,1.0,1.0,1.0,1.0,1.0,1.6666666666666667,1.5,2.5,1.0,1.0,1.0,1.0,1.0,3.0,1.0,1.0,1.0,1.0,1.0,1.0,1.0,1.0,1.0,1.0,1.0,1.0,1.0,1.0,1.0,1.0,1.0,1.0,1.0,1.0,1.0,1.0,1.0,1.0,1.0,1.0,1.0,1.0
0.04,109,"[0, 2, 3, 5, 6]","[1, 21]","[1, 21]",1,1,r,"[[1, 21], [1, 21], [1, 21]]","[1, 1, 1]","[3, 2]",1,1.0000000000000002,3.000000000000001,3.000000000000001,1.0,1.0,1.0,1.0,1.0,1.6666666666666665,1.5,2.5,1.0,1.0,1.0,1.0,0.5,3.0,1.0,1.0,1.0,1.0,1.0,1.0,1.0,1.0,1.0,1.0,1.0,1.0,1.0,1.0,1.0,1.0,1.0,1.0,1.0,1.0,1.0,1.0,1.0,1.0,1.0,1.0,1.0,1.0
0.04,110,"[1, 2, 3, 5, 6]","[16, 17, 20]","[0, 5, 28]",0,0,r,"[[0, 5, 28], [0, 8, 21], [0, 8, 21]]","[0, 0, 0]","[3, 4]",1,1.0000000000000002,1.0000000000000002,1.0000000000000002,1.0,1.0,1.0,1.0,1.0,1.6666666666666665,1.0,3.0,1.0,1.0,1.0,1.0,1.0,3.0,1.0,1.0,3.0,1.0,1.0,1.0,1.0,1.0,1.0,1.0,1.0,1.0,1.0,1.0,1.0,1.0,1.0,1.0,1.0,1.0,1.0,1.0,1.0,1.0,1.0,1.0,1.0,1.0
0.04,111,"[0, 1, 2, 3, 5, 6]","[11, 16, 20]","[1, 5, 28]",0,0,r,"[[1, 5, 28], [1, 8, 21], [11, 16, 20]]","[0, 0, 0]","[3, 4]",1,1.0000000000000002,1.0000000000000002,1.0000000000000002,1.0,1.0,1.0,1.0,1.0,1.8333333333333335,1.0,3.5,1.0,1.0,1.0,1.0,0.5,3.0,1.0,1.0,3.0,1.0,1.0,1.0,1.0,1.0,1.0,1.0,1.0,1.0,1.0,1.0,1.0,1.0,1.0,1.0,1.0,1.0,1.0,1.0,1.0,1.0,1.0,1.0,1.0,1.0
0.04,112,"[4, 5, 6]","[5, 16, 20]","[1, 11, 28]",1,1,r,"[[1, 11, 28], [8, 15, 20], [0, 17, 28]]","[1, 1, 1]","[4, 3]",1,1.0000000000000002,1.0000000000000002,1.0000000000000002,1.0,1.0,1.0,0.0,0.0,0.6666666666666666,0.0,1.0,0.75,0.5,0.25,0.0,1.0,3.0,1.0,1.0,1.0,1.0,1.0,1.0,1.0,3.0,3.0,3.0,1.0,1.0,1.0,1.0,1.0,1.0,1.0,1.0,1.0,1.0,1.0,1.0,1.0,1.0,1.0,1.0,1.0,1.0
0.04,113,"[0, 4, 5, 6]","[12, 21]","[12, 21]",0,0,r,"[[12, 21], [12, 21], [12, 21]]","[0, 0, 0]","[2, 3]",1,1.0000000000000002,3.000000000000001,3.000000000000001,1.0,1.0,1.0,1.0,1.0,1.6666666666666665,2.0,2.0,1.0,1.0,1.0,1.0,1.0,3.0,1.0,1.0,1.0,1.0,1.0,1.0,1.0,1.0,1.0,1.0,1.0,1.0,1.0,1.0,1.0,1.0,1.0,1.0,1.0,1.0,1.0,1.0,1.0,1.0,1.0,1.0,1.0,1.0
0.04,114,"[1, 4, 5, 6]","[15, 20]","[15, 20]",0,0,g,"[[1, 8, 11, 28], [15, 20], [15, 20]]","[0, 0, 0]","[2, 5]",3,1.0000000000000002,2.0000000000000004,2.0000000000000004,1.0,1.0,1.0,0.0,0.0,1.9999999999999998,1.5,4.0,1.0,1.0,0.5,1.0,1.0,4.0,3.0,3.0,3.0,3.0,3.0,3.0,3.0,3.0,3.0,3.0,3.0,3.0,3.0,3.0,3.0,3.0,3.0,3.0,3.0,3.0,3.0,3.0,3.0,3.0,3.0,3.0,3.0,3.0
0.04,115,"[0, 1, 4, 5, 6]","[4, 16, 20]","[5, 12, 28]",1,1,r,"[[5, 12, 28], [8, 12, 21], [8, 12, 21]]","[1, 1, 1]","[4, 3]",1,1.0000000000000002,1.0000000000000002,1.0000000000000002,1.0,1.0,1.0,0.5,0.5,1.5,1.0,2.5,0.875,0.75,0.625,1.0,1.0,3.0,1.0,1.0,3.0,1.0,1.0,1.0,1.0,1.0,1.0,1.0,1.0,1.0,1.0,1.0,1.0,1.0,1.0,1.0,1.0,1.0,1.0,1.0,1.0,1.0,1.0,1.0,1.0,1.0
0.04,116,"[2, 4, 5, 6]","[17, 28]","[17, 28]",0,0,r,"[[17, 28], [17, 28], [17, 28]]","[0, 0, 0]","[2, 3]",1,2.0000000000000004,3.000000000000001,3.000000000000001,1.0,3.0,2.0,1.0,1.0,2.1666666666666665,2.5,3.0,1.75,1.5,1.25,1.5,1.0,4.0,3.0,3.0,3.0,3.0,3.0,3.0,1.0,3.0,3.0,3.0,3.0,3.0,3.0,3.0,1.0,3.0,1.0,1.0,1.0,1.0,1.0,1.0,1.0,1.0,1.0,1.0,1.0,1.0
0.04,117,"[0, 2, 4, 5, 6]","[11, 28]","[11, 28]",0,0,r,"[[11, 28], [11, 28], [11, 28]]","[0, 0, 0]","[2, 3]",1,1.0000000000000002,3.000000000000001,3.000000000000001,1.0,1.0,1.0,1.0,1.0,1.6666666666666665,2.0,2.0,1.0,1.0,1.0,1.0,1.0,3.0,1.0,1.0,1.0,1.0,1.0,1.0,1.0,1.0,1.0,1.0,1.0,1.0,1.0,1.0,1.0,1.0,1.0,1.0,1.0,1.0,1.0,1.0,1.0,1.0,1.0,1.0,1.0,1.0
0.04,118,"[1, 2, 4, 5, 6]","[0, 15, 20]","[8, 17, 28]",1,1,r,"[[8, 17, 28], [8, 17, 28], [0, 15, 20]]","[1, 1, 1]","[4, 3]",1,1.0000000000000002,1.0000000000000002,1.0000000000000002,1.0,1.0,1.0,0.5,0.5,1.6666666666666665,1.0,3.5,0.875,0.75,0.625,1.0,1.0,3.0,1.0,1.0,3.0,1.0,1.0,1.0,1.0,1.0,1.0,1.0,1.0,1.0,1.0,1.0,1.0,1.0,1.0,1.0,1.0,1.0,1.0,1.0,1.0,1.0,1.0,1.0,1.0,1.0
0.04,119,"[0, 1, 2, 4, 5, 6]","[1, 15, 20]","[8, 11, 28]",1,1,r,"[[8, 11, 28], [8, 11, 28], [8, 11, 28]]","[1, 1, 1]","[4, 3]",1,1.0000000000000002,1.0000000000000002,1.0000000000000002,1.0,1.0,1.0,0.5,0.5,1.6666666666666665,1.0,2.5,0.875,0.75,0.625,1.0,1.0,3.0,1.0,1.0,3.0,1.0,1.0,1.0,1.0,1.0,1.0,1.0,1.0,1.0,1.0,1.0,1.0,1.0,1.0,1.0,1.0,1.0,1.0,1.0,1.0,1.0,1.0,1.0,1.0,1.0
0.04,120,"[3, 4, 5, 6]","[5, 15, 20]","[1, 11, 21]",1,1,r,"[[1, 11, 21], [8, 16, 20], [0, 17, 21]]","[1, 1, 1]","[4, 3]",1,1.0000000000000002,1.0000000000000002,1.0000000000000002,1.0,1.0,1.0,0.0,0.0,0.6666666666666666,0.0,1.0,0.75,0.5,0.25,0.0,1.0,3.0,1.0,1.0,1.0,1.0,1.0,1.0,1.0,5.0,3.0,3.0,1.0,1.0,1.0,1.0,1.0,1.0,1.0,1.0,1.0,1.0,1.0,1.0,1.0,1.0,1.0,1.0,1.0,1.0
0.04,121,"[0, 3, 4, 5, 6]","[12, 28]","[12, 28]",0,0,r,"[[12, 28], [12, 28], [12, 28]]","[0, 0, 0]","[2, 3]",1,1.0000000000000002,3.000000000000001,3.000000000000001,1.0,1.0,1.0,1.0,1.0,1.6666666666666665,2.0,2.0,1.0,1.0,1.0,1.0,1.0,3.0,1.0,1.0,1.0,1.0,1.0,1.0,1.0,1.0,1.0,1.0,1.0,1.0,1.0,1.0,1.0,1.0,1.0,1.0,1.0,1.0,1.0,1.0,1.0,1.0,1.0,1.0,1.0,1.0
0.04,122,"[1, 3, 4, 5, 6]","[16, 20]","[16, 20]",0,0,g,"[[1, 5, 11, 28], [16, 20], [16, 20]]","[0, 0, 0]","[2, 5]",3,1.0000000000000002,2.0000000000000004,2.0000000000000004,1.0,1.0,1.0,0.0,0.0,2.333333333333333,2.0,4.0,1.0,1.0,0.75,1.0,1.0,4.0,3.0,3.0,3.0,3.0,3.0,3.0,3.0,3.0,3.0,3.0,3.0,3.0,3.0,3.0,3.0,3.0,3.0,3.0,3.0,3.0,3.0,3.0,3.0,3.0,3.0,3.0,3.0,3.0
0.04,123,"[0, 1, 3, 4, 5, 6]","[4, 15, 20]","[4, 15, 20]",1,1,r,"[[4, 15, 20], [8, 12, 28], [8, 12, 28]]","[1, 1, 1]","[4, 3]",1,1.0000000000000002,3.000000000000001,1.0000000000000002,1.0,1.0,1.0,1.0,1.0,1.6666666666666665,1.0,3.0,1.0,1.0,1.0,1.0,1.0,3.0,3.0,3.0,3.0,3.0,1.0,3.0,1.0,3.0,3.0,3.0,3.0,1.0,3.0,1.0,1.0,1.0,1.0,1.0,1.0,1.0,1.0,1.0,1.0,1.0,1.0,1.0,1.0,1.0
0.04,124,"[2, 3, 4, 5, 6]","[17, 21]","[17, 21]",0,0,r,"[[17, 21], [17, 21], [17, 21]]","[0, 0, 0]","[2, 3]",1,2.0000000000000004,3.000000000000001,3.000000000000001,1.0,3.0,2.0,1.5,1.5,2.1666666666666665,2.0,3.0,1.875,1.75,1.625,1.5,1.0,4.0,3.0,3.0,3.0,3.0,3.0,3.0,1.0,3.0,3.0,3.0,3.0,3.0,3.0,3.0,1.0,3.0,1.0,1.0,1.0,1.0,1.0,1.0,1.0,1.0,1.0,1.0,1.0,1.0
0.04,125,"[0, 2, 3, 4, 5, 6]","[11, 21]","[11, 21]",0,0,r,"[[11, 21], [11, 21], [11, 21]]","[0, 0, 0]","[2, 3]",1,1.0000000000000002,3.000000000000001,3.000000000000001,1.0,1.0,1.0,1.0,1.0,1.6666666666666665,2.0,2.0,1.0,1.0,1.0,1.0,1.0,3.0,1.0,1.0,1.0,1.0,1.0,1.0,1.0,1.0,1.0,1.0,1.0,1.0,1.0,1.0,1.0,1.0,1.0,1.0,1.0,1.0,1.0,1.0,1.0,1.0,1.0,1.0,1.0,1.0
0.04,126,"[1, 2, 3, 4, 5, 6]","[0, 16, 20]","[5, 17, 28]",1,1,r,"[[5, 17, 28], [8, 17, 21], [0, 16, 20]]","[1, 1, 1]","[4, 3]",1,1.0000000000000002,1.0000000000000002,1.0000000000000002,1.0,1.0,1.0,0.5,0.5,1.8333333333333335,1.0,3.5,0.875,0.75,0.625,1.0,1.0,3.0,1.0,1.0,5.0,1.0,1.0,1.0,1.0,1.0,1.0,1.0,1.0,1.0,1.0,1.0,1.0,1.0,1.0,1.0,1.0,1.0,1.0,1.0,1.0,1.0,1.0,1.0,1.0,1.0
0.04,127,"[0, 1, 2, 3, 4, 5, 6]","[1, 16, 20]","[5, 11, 28]",1,1,r,"[[5, 11, 28], [8, 11, 21], [8, 11, 21]]","[1, 1, 1]","[4, 3]",1,1.0000000000000002,1.0000000000000002,1.0000000000000002,1.0,1.0,1.0,0.5,0.5,1.6666666666666665,1.0,2.5,0.875,0.75,0.625,1.0,1.0,3.0,1.0,1.0,3.0,1.0,1.0,1.0,1.0,1.0,1.0,1.0,1.0,1.0,1.0,1.0,1.0,1.0,1.0,1.0,1.0,1.0,1.0,1.0,1.0,1.0,1.0,1.0,1.0,1.0
0.04,128,[7],"[31, 32]","[33, 36]",0,0,r,"[[33, 36], [33, 36], [31, 32]]","[0, 0, 0]","[2, 3]",1,1.0000000000000002,1.0000000000000002,1.0000000000000002,1.0,1.0,1.0,1.0,1.0,1.6666666666666665,1.0,3.0,1.0,1.0,1.0,1.0,1.0,3.0,3.0,3.0,3.0,3.0,1.0,3.0,3.0,1.0,1.0,1.0,1.0,1.0,1.0,1.0,1.0,1.0,1.0,1.0,1.0,1.0,1.0,1.0,1.0,1.0,1.0,1.0,1.0,1.0
0.04,129,"[0, 7]","[4, 20, 25]","[4, 20, 25]",1,1,r,"[[4, 20, 25], [11, 17, 33, 36], [4, 20, 25]]","[1, 0, 1]","[4, 3]",1,0.9999999999999999,1.0000000000000002,1.0,1.0,1.0,1.0,0.0,0.5,1.0,0.5,2.5,0.75,0.5,0.25,1.0,1.0,3.0,1.0,1.0,1.0,1.0,1.0,1.0,1.0,1.0,1.0,1.0,1.0,1.0,1.0,1.0,1.0,1.0,1.0,1.0,1.0,1.0,1.0,1.0,1.0,1.0,1.0,1.0,1.0,1.0
0.04,130,"[1, 7]","[5, 20, 25]","[8, 33, 36]",1,1,r,"[[8, 33, 36], [8, 33, 36], [5, 20, 25]]","[1, 1, 1]","[4, 3]",1,1.0000000000000002,1.0000000000000002,1.0000000000000002,1.0,1.0,1.0,1.0,1.0,1.3333333333333333,1.0,2.0,1.0,1.0,1.0,1.0,1.0,3.0,1.0,1.0,3.0,1.0,1.0,1.0,1.0,1.0,1.0,1.0,1.0,1.0,1.0,1.0,1.0,1.0,1.0,1.0,1.0,1.0,1.0,1.0,1.0,1.0,1.0,1.0,1.0,1.0
0.04,131,"[0, 1, 7]","[5, 12, 24]","[5, 12, 24]",1,1,r,"[[5, 12, 24], [4, 5, 33, 36], [4, 8, 20, 25]]","[1, 0, 0]","[4, 3]",1,1.0000000000000002,1.0000000000000002,1.0000000000000002,1.0,1.0,1.0,0.0,1.0,1.0,0.0,3.0,0.75,0.5,0.25,1.0,1.0,3.0,1.0,1.0,1.0,1.0,1.0,1.0,1.0,1.0,1.0,1.0,1.0,1.0,1.0,1.0,1.0,1.0,1.0,1.0,1.0,1.0,1.0,1.0,1.0,1.0,1.0,1.0,1.0,1.0
0.04,132,"[2, 7]","[17, 24]","[17, 24]",0,0,r,"[[17, 24], [17, 24], [17, 24]]","[0, 0, 0]","[2, 3]",1,1.0000000000000002,1.0000000000000002,1.0000000000000002,1.0,1.0,1.0,1.0,1.0,1.6666666666666665,1.0,3.0,1.0,1.0,1.0,1.0,1.0,3.0,1.0,1.0,1.0,1.0,1.0,1.0,1.0,1.0,1.0,1.0,1.0,1.0,1.0,1.0,1.0,1.0,1.0,1.0,1.0,1.0,1.0,1.0,1.0,1.0,1.0,1.0,1.0,1.0
0.04,133,"[0, 2, 7]","[11, 24]","[11, 24]",0,0,r,"[[11, 24], [11, 24], [1, 31, 32]]","[0, 0, 1]","[2, 3]",1,1.0000000000000002,1.0000000000000002,2.0000000000000004,1.0,1.0,1.0,0.0,1.0,1.5,1.0,3.5,0.75,0.5,0.25,1.0,1.0,3.0,1.0,1.0,1.0,1.0,1.0,1.0,1.0,1.0,1.0,1.0,1.0,1.0,1.0,1.0,1.0,1.0,1.0,1.0,1.0,1.0,1.0,1.0,1.0,1.0,1.0,1.0,1.0,1.0
0.04,134,"[1, 2, 7]","[8, 17, 24]","[8, 17, 24]",1,1,r,"[[8, 17, 24], [8, 17, 24], [8, 17, 24]]","[1, 1, 1]","[4, 3]",1,1.0000000000000002,1.0000000000000002,1.0000000000000002,1.0,1.0,1.0,1.0,1.0,1.6666666666666665,1.0,3.0,1.0,1.0,1.0,1.0,1.0,3.0,1.0,1.0,1.0,1.0,1.0,1.0,1.0,1.0,1.0,1.0,1.0,1.0,1.0,1.0,1.0,1.0,1.0,1.0,1.0,1.0,1.0,1.0,1.0,1.0,1.0,1.0,1.0,1.0
0.04,135,"[0, 1, 2, 7]","[8, 11, 24]","[8, 11, 24]",1,1,r,"[[8, 11, 24], [8, 11, 24], [4, 5, 17, 24]]","[1, 1, 0]","[4, 3]",1,1.0000000000000002,1.0000000000000002,1.0000000000000002,1.0,1.0,1.0,0.0,1.0,1.5,1.0,3.0,0.75,0.5,0.25,0.5,0.5,3.0,1.0,1.0,1.0,1.0,1.0,1.0,1.0,1.0,1.0,1.0,1.0,1.0,1.0,1.0,1.0,1.0,1.0,1.0,1.0,1.0,1.0,1.0,1.0,1.0,1.0,1.0,1.0,1.0
0.04,136,"[3, 7]","[20, 25]","[20, 25]",0,0,r,"[[20, 25], [20, 25], [20, 25]]","[0, 0, 0]","[2, 5]",3,3.000000000000001,3.000000000000001,3.000000000000001,3.0,3.0,3.0,1.0,1.0,2.333333333333333,2.0,4.0,2.5,2.0,1.5,2.0,2.0,4.0,3.0,3.0,3.0,3.0,3.0,3.0,3.0,3.0,3.0,3.0,3.0,3.0,3.0,3.0,3.0,3.0,3.0,3.0,3.0,3.0,3.0,3.0,3.0,3.0,3.0,3.0,3.0,3.0
0.04,137,"[0, 3, 7]","[12, 24]","[12, 24]",0,0,r,"[[12, 24], [12, 24], [4, 31, 32]]","[0, 0, 1]","[2, 3]",1,1.0000000000000002,1.0000000000000002,2.0000000000000004,1.0,1.0,1.0,0.0,1.0,1.5,1.0,3.5,0.75,0.5,0.25,1.0,1.0,3.0,1.0,1.0,1.0,1.0,1.0,1.0,1.0,1.0,1.0,1.0,1.0,1.0,1.0,1.0,1.0,1.0,1.0,1.0,1.0,1.0,1.0,1.0,1.0,1.0,1.0,1.0,1.0,1.0
0.04,138,"[1, 3, 7]","[8, 20, 25]","[5, 33, 36]",1,1,r,"[[5, 33, 36], [8, 20, 25], [8, 20, 25]]","[1, 1, 1]","[4, 3]",1,1.0000000000000002,1.0000000000000002,1.0000000000000002,1.0,1.0,1.0,1.0,1.0,1.6666666666666665,1.0,3.0,1.0,1.0,1.0,1.0,1.0,3.0,3.0,3.0,3.0,3.0,1.0,3.0,3.0,1.0,1.0,1.0,1.0,1.0,1.0,1.0,1.0,1.0,1.0,1.0,1.0,1.0,1.0,1.0,1.0,1.0,1.0,1.0,1.0,1.0
0.04,139,"[0, 1, 3, 7]","[8, 12, 24]","[8, 12, 24]",1,1,r,"[[8, 12, 24], [8, 12, 24], [4, 5, 20, 25]]","[1, 1, 0]","[4, 3]",1,1.0000000000000002,1.0000000000000002,1.0000000000000002,1.0,1.0,1.0,0.0,0.5,1.5,0.5,3.0,0.75,0.5,0.25,0.5,0.5,3.0,1.0,1.0,1.0,1.0,1.0,1.0,1.0,1.0,1.0,1.0,1.0,1.0,1.0,1.0,1.0,1.0,1.0,1.0,1.0,1.0,1.0,1.0,1.0,1.0,1.0,1.0,1.0,1.0
0.04,140,"[2, 3, 7]","[0, 20, 25]","[4, 11, 24]",1,1,r,"[[4, 11, 24], [4, 11, 24], [0, 20, 25]]","[1, 1, 1]","[4, 3]",1,1.0000000000000002,1.0000000000000002,1.0000000000000002,1.0,1.0,1.0,1.0,1.0,1.6666666666666665,1.0,3.0,1.0,1.0,1.0,1.0,1.0,3.0,1.0,1.0,1.0,1.0,1.0,1.0,1.0,1.0,1.0,1.0,1.0,1.0,1.0,1.0,1.0,1.0,1.0,1.0,1.0,1.0,1.0,1.0,1.0,1.0,1.0,1.0,1.0,1.0
0.04,141,"[0, 2, 3, 7]","[1, 20, 25]","[0, 12, 24]",1,1,r,"[[0, 12, 24], [4, 17, 24], [4, 17, 24]]","[1, 1, 1]","[4, 3]",1,1.0000000000000002,1.0000000000000002,1.0000000000000002,1.0,1.0,1.0,1.0,1.0,1.6666666666666665,1.0,3.0,1.0,1.0,1.0,1.0,1.0,3.0,1.0,1.0,1.0,1.0,1.0,1.0,1.0,1.0,1.0,1.0,1.0,1.0,1.0,1.0,1.0,1.0,1.0,1.0,1.0,1.0,1.0,1.0,1.0,1.0,1.0,1.0,1.0,1.0
0.04,142,"[1, 2, 3, 7]","[5, 17, 24]","[5, 17, 24]",1,1,r,"[[5, 17, 24], [5, 17, 24], [5, 17, 24]]","[1, 1, 1]","[4, 3]",1,1.0000000000000002,1.0000000000000002,1.0000000000000002,1.0,1.0,1.0,1.0,1.0,1.6666666666666665,1.0,3.0,1.0,1.0,1.0,1.0,0.5,3.0,1.0,1.0,1.0,1.0,1.0,1.0,1.0,1.0,1.0,1.0,1.0,1.0,1.0,1.0,1.0,1.0,1.0,1.0,1.0,1.0,1.0,1.0,1.0,1.0,1.0,1.0,1.0,1.0
0.04,143,"[0, 1, 2, 3, 7]","[5, 11, 24]","[5, 11, 24]",1,1,r,"[[5, 11, 24], [5, 11, 24], [4, 8, 17, 24]]","[1, 1, 0]","[4, 3]",1,1.0000000000000002,1.0000000000000002,1.0000000000000002,1.0,1.0,1.0,0.0,1.0,1.5,1.0,3.5,0.75,0.5,0.25,0.5,0.5,3.0,1.0,1.0,1.0,1.0,1.0,1.0,1.0,1.0,1.0,1.0,1.0,1.0,1.0,1.0,1.0,1.0,1.0,1.0,1.0,1.0,1.0,1.0,1.0,1.0,1.0,1.0,1.0,1.0
0.04,144,"[4, 7]",[24],[24],0,0,r,"[[24], [24], [24]]","[0, 0, 0]","[1, 4]",3,3.000000000000001,3.000000000000001,3.000000000000001,3.0,3.0,3.0,3.0,3.0,3.333333333333333,3.0,3.5,3.0,3.0,3.0,3.0,3.0,4.0,3.0,3.0,3.0,3.0,3.0,3.0,3.0,3.0,3.0,3.0,3.0,3.0,3.0,3.0,3.0,3.0,3.0,3.0,3.0,3.0,3.0,3.0,3.0,3.0,3.0,3.0,3.0,3.0
0.04,145,"[0, 4, 7]","[12, 20, 25]","[12, 20, 25]",0,0,r,"[[12, 20, 25], [11, 17, 24], [12, 20, 25]]","[0, 0, 0]","[3, 4]",1,0.9999999999999999,1.0000000000000002,1.0000000000000002,1.0,1.0,1.0,0.5,0.5,1.3333333333333335,1.0,2.5,0.875,0.75,0.625,1.0,1.0,3.0,1.0,1.0,3.0,1.0,1.0,1.0,1.0,1.0,1.0,1.0,1.0,1.0,1.0,1.0,1.0,1.0,1.0,1.0,1.0,1.0,1.0,1.0,1.0,1.0,1.0,1.0,1.0,1.0
0.04,146,"[1, 4, 7]","[8, 24]","[8, 24]",1,1,r,"[[8, 24], [8, 24], [8, 24]]","[1, 1, 1]","[3, 2]",1,1.0000000000000002,3.000000000000001,3.000000000000001,1.0,1.0,1.0,1.0,1.0,1.6666666666666665,1.5,2.5,1.0,1.0,1.0,1.0,1.0,3.0,1.0,1.0,1.0,1.0,1.0,1.0,1.0,1.0,1.0,1.0,1.0,1.0,1.0,1.0,1.0,1.0,1.0,1.0,1.0,1.0,1.0,1.0,1.0,1.0,1.0,1.0,1.0,1.0
0.04,147,"[0, 1, 4, 7]","[4, 5, 24]","[4, 5, 24]",0,0,r,"[[4, 5, 24], [4, 5, 24], [8, 12, 20, 25]]","[0, 0, 1]","[3, 4]",1,1.0000000000000002,1.0000000000000002,1.0000000000000002,1.0,1.0,1.0,0.0,1.0,1.3333333333333333,1.0,3.0,0.75,0.5,0.25,1.0,1.0,3.0,1.0,1.0,1.0,1.0,1.0,1.0,1.0,1.0,1.0,1.0,1.0,1.0,1.0,1.0,1.0,1.0,1.0,1.0,1.0,1.0,1.0,1.0,1.0,1.0,1.0,1.0,1.0,1.0
0.04,148,"[2, 4, 7]","[0, 24]","[0, 24]",1,1,r,"[[0, 24], [0, 24], [0, 24]]","[1, 1, 1]","[3, 2]",1,1.0000000000000002,1.0000000000000002,1.0000000000000002,1.0,1.0,1.0,1.0,1.0,1.6666666666666665,1.0,3.0,1.0,1.0,1.0,1.0,1.0,3.0,1.0,1.0,1.0,1.0,1.0,1.0,1.0,1.0,1.0,1.0,1.0,1.0,1.0,1.0,1.0,1.0,1.0,1.0,1.0,1.0,1.0,1.0,1.0,1.0,1.0,1.0,1.0,1.0
0.04,149,"[0, 2, 4, 7]","[1, 24]","[1, 24]",1,1,r,"[[1, 24], [1, 24], [11, 31, 32]]","[1, 1, 0]","[3, 2]",1,1.0000000000000002,1.0000000000000002,2.0000000000000004,1.0,1.0,1.0,0.0,1.0,1.5,1.0,3.5,0.75,0.5,0.25,1.0,1.0,3.0,1.0,1.0,1.0,1.0,1.0,1.0,1.0,1.0,1.0,1.0,1.0,1.0,1.0,1.0,1.0,1.0,1.0,1.0,1.0,1.0,1.0,1.0,1.0,1.0,1.0,1.0,1.0,1.0
0.04,150,"[1, 2, 4, 7]","[0, 8, 24]","[0, 8, 24]",0,0,r,"[[0, 8, 24], [0, 8, 24], [0, 8, 24]]","[0, 0, 0]","[3, 4]",1,1.0000000000000002,1.0000000000000002,1.0000000000000002,1.0,1.0,1.0,1.0,1.0,1.6666666666666665,1.0,3.0,1.0,1.0,1.0,1.0,1.0,3.0,1.0,1.0,3.0,1.0,1.0,1.0,1.0,1.0,1.0,1.0,1.0,1.0,1.0,1.0,1.0,1.0,1.0,1.0,1.0,1.0,1.0,1.0,1.0,1.0,1.0,1.0,1.0,1.0
0.04,151,"[0, 1, 2, 4, 7]","[1, 8, 24]","[1, 8, 24]",0,0,r,"[[1, 8, 24], [1, 8, 24], [5, 12, 17, 24]]","[0, 0, 1]","[3, 4]",1,1.0000000000000002,1.0000000000000002,1.0000000000000002,1.0,1.0,1.0,0.0,1.0,1.5,1.0,3.0,0.75,0.5,0.25,1.0,0.5,3.0,1.0,1.0,1.0,1.0,1.0,1.0,1.0,1.0,1.0,1.0,1.0,1.0,1.0,1.0,1.0,1.0,1.0,1.0,1.0,1.0,1.0,1.0,1.0,1.0,1.0,1.0,1.0,1.0
0.04,152,"[3, 4, 7]","[15, 16, 24]","[20, 31, 36]",0,0,r,"[[20, 31, 36], [5, 8, 24], [15, 16, 24]]","[0, 0, 0]","[3, 4]",1,1.0000000000000002,1.0000000000000002,1.0000000000000002,1.0,1.0,1.0,0.0,0.0,0.6666666666666666,0.0,1.0,0.75,0.5,0.25,0.0,1.0,3.0,1.0,1.0,1.0,1.0,1.0,1.0,1.0,3.0,1.0,1.0,1.0,1.0,1.0,1.0,1.0,1.0,1.0,1.0,1.0,1.0,1.0,1.0,1.0,1.0,1.0,1.0,1.0,1.0
0.04,153,"[0, 3, 4, 7]","[4, 24]","[4, 24]",1,1,r,"[[4, 24], [4, 24], [12, 31, 32]]","[1, 1, 0]","[3, 2]",1,1.0000000000000002,1.0000000000000002,2.0000000000000004,1.0,1.0,1.0,0.0,1.0,1.5,1.0,3.5,0.75,0.5,0.25,1.0,1.0,3.0,1.0,1.0,1.0,1.0,1.0,1.0,1.0,1.0,1.0,1.0,1.0,1.0,1.0,1.0,1.0,1.0,1.0,1.0,1.0,1.0,1.0,1.0,1.0,1.0,1.0,1.0,1.0,1.0
0.04,154,"[1, 3, 4, 7]","[5, 24]","[5, 24]",1,1,r,"[[5, 24], [5, 24], [5, 24]]","[1, 1, 1]","[3, 2]",1,2.0000000000000004,3.000000000000001,3.000000000000001,1.0,3.0,2.0,1.0,1.0,2.1666666666666665,2.5,3.0,1.75,1.5,1.25,1.5,1.0,4.0,3.0,3.0,3.0,3.0,3.0,3.0,1.0,3.0,3.0,3.0,3.0,3.0,3.0,3.0,1.0,3.0,1.0,1.0,1.0,1.0,1.0,1.0,1.0,1.0,1.0,1.0,1.0,1.0
0.04,155,"[0, 1, 3, 4, 7]","[4, 8, 24]","[4, 8, 24]",0,0,r,"[[4, 8, 24], [4, 8, 24], [5, 12, 20, 25]]","[0, 0, 1]","[3, 4]",1,1.0000000000000002,1.0000000000000002,1.0000000000000002,1.0,1.0,1.0,0.0,1.0,1.3333333333333333,1.0,3.0,0.75,0.5,0.25,1.0,1.0,3.0,1.0,1.0,1.0,1.0,1.0,1.0,1.0,1.0,1.0,1.0,1.0,1.0,1.0,1.0,1.0,1.0,1.0,1.0,1.0,1.0,1.0,1.0,1.0,1.0,1.0,1.0,1.0,1.0
0.04,156,"[2, 3, 4, 7]","[17, 20, 25]","[1, 4, 24]",0,0,r,"[[1, 4, 24], [17, 20, 25], [17, 20, 25]]","[0, 0, 0]","[3, 4]",1,1.0000000000000002,1.0000000000000002,1.0000000000000002,1.0,1.0,1.0,1.0,1.0,1.6666666666666665,1.0,3.0,1.0,1.0,1.0,1.0,1.0,3.0,1.0,1.0,3.0,1.0,1.0,1.0,1.0,1.0,1.0,1.0,1.0,1.0,1.0,1.0,1.0,1.0,1.0,1.0,1.0,1.0,1.0,1.0,1.0,1.0,1.0,1.0,1.0,1.0
0.04,157,"[0, 2, 3, 4, 7]","[11, 20, 25]","[0, 4, 24]",0,0,r,"[[0, 4, 24], [12, 17, 24], [12, 17, 24]]","[0, 0, 0]","[3, 4]",1,1.0000000000000002,1.0000000000000002,1.0000000000000002,1.0,1.0,1.0,1.0,1.0,1.6666666666666665,1.0,3.0,1.0,1.0,1.0,1.0,1.0,3.0,1.0,1.0,3.0,1.0,1.0,1.0,1.0,1.0,1.0,1.0,1.0,1.0,1.0,1.0,1.0,1.0,1.0,1.0,1.0,1.0,1.0,1.0,1.0,1.0,1.0,1.0,1.0,1.0
0.04,158,"[1, 2, 3, 4, 7]","[0, 5, 24]","[0, 5, 24]",0,0,r,"[[0, 5, 24], [8, 17, 20, 25], [0, 5, 24]]","[0, 1, 0]","[3, 4]",1,1.0000000000000002,1.0000000000000002,1.0000000000000002,1.0,1.0,1.0,0.0,1.0,1.6666666666666665,1.0,3.0,0.75,0.5,0.25,0.5,0.5,3.0,1.0,1.0,1.0,1.0,1.0,1.0,1.0,1.0,1.0,1.0,1.0,1.0,1.0,1.0,1.0,1.0,1.0,1.0,1.0,1.0,1.0,1.0,1.0,1.0,1.0,1.0,1.0,1.0
0.04,159,"[0, 1, 2, 3, 4, 7]","[1, 5, 24]","[1, 5, 24]",0,0,r,"[[1, 5, 24], [8, 12, 17, 24], [8, 12, 17, 24]]","[0, 1, 1]","[3, 4]",1,1.0000000000000002,1.0000000000000002,1.0000000000000002,1.0,1.0,1.0,0.0,1.0,1.6666666666666665,2.0,3.0,0.75,0.5,0.25,1.0,1.0,3.0,1.0,1.0,1.0,1.0,1.0,1.0,1.0,1.0,1.0,1.0,1.0,1.0,1.0,1.0,1.0,1.0,1.0,1.0,1.0,1.0,1.0,1.0,1.0,1.0,1.0,1.0,1.0,1.0
0.04,160,"[5, 7]","[20, 21, 24]","[20, 21, 24]",0,0,r,"[[20, 21, 24], [28, 32, 33], [5, 16, 20, 25]]","[0, 0, 1]","[3, 4]",1,0.9999999999999999,0.9999999999999999,1.0,1.0,1.0,1.0,0.0,0.5,0.9999999999999999,0.5,2.5,0.75,0.5,0.25,1.0,1.0,3.0,1.0,1.0,1.0,1.0,1.0,1.0,1.0,1.0,1.0,1.0,1.0,1.0,1.0,1.0,1.0,1.0,1.0,1.0,1.0,1.0,1.0,1.0,1.0,1.0,1.0,1.0,1.0,1.0
0.04,161,"[0, 5, 7]","[12, 21, 25]","[12, 21, 25]",0,0,r,"[[12, 21, 25], [11, 17, 28, 32, 33], [12, 21, 25]]","[0, 0, 0]","[3, 4]",1,1.0000000000000002,1.0000000000000002,1.0000000000000002,1.0,1.0,1.0,0.0,0.0,1.5,1.0,3.5,0.75,0.5,0.25,1.0,1.0,3.0,1.0,1.0,1.0,1.0,1.0,1.0,1.0,1.0,1.0,1.0,1.0,1.0,1.0,1.0,1.0,1.0,1.0,1.0,1.0,1.0,1.0,1.0,1.0,1.0,1.0,1.0,1.0,1.0
0.04,162,"[1, 5, 7]","[15, 20, 25]","[16, 33, 36]",0,0,r,"[[16, 33, 36], [16, 33, 36], [15, 20, 25]]","[0, 0, 0]","[3, 4]",1,1.0000000000000002,1.0000000000000002,1.0000000000000002,1.0,1.0,1.0,1.0,1.0,1.3333333333333333,1.0,2.0,1.0,1.0,1.0,1.0,1.0,3.0,1.0,1.0,3.0,1.0,1.0,1.0,1.0,1.0,1.0,1.0,1.0,1.0,1.0,1.0,1.0,1.0,1.0,1.0,1.0,1.0,1.0,1.0,1.0,1.0,1.0,1.0,1.0,1.0
0.04,163,"[0, 1, 5, 7]","[12, 15, 24]","[12, 15, 24]",0,0,r,"[[12, 15, 24], [4, 5, 28, 32, 33], [4, 16, 20, 25]]","[0, 0, 1]","[3, 4]",1,1.0000000000000002,1.0000000000000002,1.0000000000000002,1.0,1.0,1.0,0.0,0.0,1.0,0.0,3.0,0.75,0.5,0.25,1.0,1.0,3.0,1.0,1.0,1.0,1.0,1.0,1.0,1.0,1.0,1.0,1.0,1.0,1.0,1.0,1.0,1.0,1.0,1.0,1.0,1.0,1.0,1.0,1.0,1.0,1.0,1.0,1.0,1.0,1.0
0.04,164,"[2, 5, 7]","[17, 25, 28]","[17, 25, 28]",0,0,g,"[[5, 15, 17, 24], [17, 25, 28], [8, 16, 17, 24]]","[1, 0, 1]","[3, 4]",1,1.0000000000000002,1.0000000000000002,1.0000000000000002,1.0,1.0,1.0,0.0,1.0,1.0,0.0,3.0,0.75,0.5,0.25,1.0,1.0,3.0,1.0,1.0,1.0,1.0,1.0,1.0,1.0,1.0,1.0,1.0,1.0,1.0,1.0,1.0,1.0,1.0,1.0,1.0,1.0,1.0,1.0,1.0,1.0,1.0,1.0,1.0,1.0,1.0
0.04,165,"[0, 2, 5, 7]","[11, 25, 28]","[11, 25, 28]",0,0,g,"[[5, 11, 15, 24], [11, 25, 28], [11, 25, 28]]","[1, 0, 0]","[3, 4]",1,1.0000000000000002,1.0000000000000002,1.0000000000000002,1.0,1.0,1.0,0.0,1.0,1.5,1.0,3.0,0.75,0.5,0.25,1.0,1.0,3.0,1.0,1.0,1.0,1.0,1.0,1.0,1.0,1.0,1.0,1.0,1.0,1.0,1.0,1.0,1.0,1.0,1.0,1.0,1.0,1.0,1.0,1.0,1.0,1.0,1.0,1.0,1.0,1.0
0.04,166,"[1, 2, 5, 7]","[16, 17, 24]","[16, 17, 24]",0,0,r,"[[16, 17, 24], [16, 17, 24], [16, 17, 24]]","[0, 0, 0]","[3, 4]",1,1.0000000000000002,1.0000000000000002,1.0000000000000002,1.0,1.0,1.0,1.0,1.0,1.6666666666666665,1.0,3.0,1.0,1.0,1.0,1.0,1.0,3.0,1.0,1.0,3.0,1.0,1.0,1.0,1.0,1.0,1.0,1.0,1.0,1.0,1.0,1.0,1.0,1.0,1.0,1.0,1.0,1.0,1.0,1.0,1.0,1.0,1.0,1.0,1.0,1.0
0.04,167,"[0, 1, 2, 5, 7]","[11, 16, 24]","[11, 16, 24]",0,0,r,"[[11, 16, 24], [11, 16, 24], [4, 15, 17, 24]]","[0, 0, 1]","[3, 4]",1,1.0000000000000002,1.0000000000000002,1.0000000000000002,1.0,1.0,1.0,0.0,1.0,1.5,1.0,3.0,0.75,0.5,0.25,1.0,1.0,3.0,1.0,1.0,1.0,1.0,1.0,1.0,1.0,1.0,1.0,1.0,1.0,1.0,1.0,1.0,1.0,1.0,1.0,1.0,1.0,1.0,1.0,1.0,1.0,1.0,1.0,1.0,1.0,1.0
0.04,168,"[3, 5, 7]","[20, 24, 28]","[21, 31, 36]",0,0,r,"[[21, 31, 36], [20, 24, 28], [8, 16, 20, 25]]","[0, 0, 1]","[3, 4]",1,1.0000000000000002,1.0000000000000002,1.0000000000000002,1.0,1.0,1.0,0.0,1.0,1.0,1.0,2.0,0.75,0.5,0.25,1.0,1.0,3.0,1.0,1.0,1.0,1.0,1.0,1.0,1.0,1.0,1.0,1.0,1.0,1.0,1.0,1.0,1.0,1.0,1.0,1.0,1.0,1.0,1.0,1.0,1.0,1.0,1.0,1.0,1.0,1.0
0.04,169,"[0, 3, 5, 7]","[12, 25, 28]","[12, 25, 28]",0,0,g,"[[5, 12, 15, 24], [12, 25, 28], [12, 25, 28]]","[1, 0, 0]","[3, 4]",1,1.0000000000000002,1.0000000000000002,1.0000000000000002,1.0,1.0,1.0,0.0,1.0,1.5,1.0,3.0,0.75,0.5,0.25,1.0,1.0,3.0,1.0,1.0,1.0,1.0,1.0,1.0,1.0,1.0,1.0,1.0,1.0,1.0,1.0,1.0,1.0,1.0,1.0,1.0,1.0,1.0,1.0,1.0,1.0,1.0,1.0,1.0,1.0,1.0
0.04,170,"[1, 3, 5, 7]","[16, 20, 25]","[15, 33, 36]",0,0,r,"[[15, 33, 36], [16, 20, 25], [16, 20, 25]]","[0, 0, 0]","[3, 4]",1,1.0000000000000002,1.0000000000000002,1.0000000000000002,1.0,1.0,1.0,1.0,1.0,1.6666666666666665,1.0,2.5,1.0,1.0,1.0,1.0,1.0,3.0,3.0,3.0,3.0,3.0,1.0,3.0,3.0,1.0,1.0,1.0,1.0,1.0,1.0,1.0,1.0,1.0,1.0,1.0,1.0,1.0,1.0,1.0,1.0,1.0,1.0,1.0,1.0,1.0
0.04,171,"[0, 1, 3, 5, 7]","[12, 16, 24]","[12, 16, 24]",0,0,r,"[[12, 16, 24], [12, 16, 24], [4, 15, 20, 25]]","[0, 0, 1]","[3, 4]",1,1.0000000000000002,1.0000000000000002,1.0000000000000002,1.0,1.0,1.0,0.0,1.0,1.5,1.0,3.0,0.75,0.5,0.25,1.0,1.0,3.0,1.0,1.0,1.0,1.0,1.0,1.0,1.0,1.0,1.0,1.0,1.0,1.0,1.0,1.0,1.0,1.0,1.0,1.0,1.0,1.0,1.0,1.0,1.0,1.0,1.0,1.0,1.0,1.0
0.04,172,"[2, 3, 5, 7]","[17, 21, 25]","[17, 21, 25]",0,0,g,"[[4, 5, 11, 15, 24], [17, 21, 25], [5, 16, 17, 24]]","[0, 0, 1]","[3, 4]",1,1.0000000000000002,1.0000000000000002,1.0000000000000002,1.0,1.0,1.0,0.0,0.0,1.0,0.0,3.0,0.75,0.5,0.25,1.0,1.0,3.0,1.0,1.0,1.0,1.0,1.0,1.0,1.0,1.0,1.0,1.0,1.0,1.0,1.0,1.0,1.0,1.0,1.0,1.0,1.0,1.0,1.0,1.0,1.0,1.0,1.0,1.0,1.0,1.0
0.04,173,"[0, 2, 3, 5, 7]","[11, 21, 25]","[11, 21, 25]",0,0,g,"[[0, 5, 12, 15, 24], [11, 21, 25], [11, 21, 25]]","[0, 0, 0]","[3, 4]",1,1.0000000000000002,1.0000000000000002,1.0000000000000002,1.0,1.0,1.0,0.0,0.0,1.3333333333333333,1.0,3.0,0.75,0.5,0.25,1.0,1.0,3.0,1.0,1.0,3.0,1.0,1.0,1.0,1.0,1.0,1.0,1.0,1.0,1.0,1.0,1.0,1.0,1.0,1.0,1.0,1.0,1.0,1.0,1.0,1.0,1.0,1.0,1.0,1.0,1.0
0.04,174,"[1, 2, 3, 5, 7]","[15, 17, 24]","[15, 17, 24]",0,0,r,"[[15, 17, 24], [15, 17, 24], [15, 17, 24]]","[0, 0, 0]","[3, 4]",1,1.0000000000000002,1.0000000000000002,1.0000000000000002,1.0,1.0,1.0,1.0,1.0,1.6666666666666665,1.0,2.5,1.0,1.0,1.0,1.0,1.0,3.0,1.0,1.0,1.0,1.0,1.0,1.0,1.0,1.0,1.0,1.0,1.0,1.0,1.0,1.0,1.0,1.0,1.0,1.0,1.0,1.0,1.0,1.0,1.0,1.0,1.0,1.0,1.0,1.0
0.04,175,"[0, 1, 2, 3, 5, 7]","[11, 15, 24]","[11, 15, 24]",0,0,r,"[[11, 15, 24], [11, 15, 24], [4, 16, 17, 24]]","[0, 0, 1]","[3, 4]",1,1.0000000000000002,1.0000000000000002,1.0000000000000002,1.0,1.0,1.0,0.0,1.0,1.5,1.0,3.0,0.75,0.5,0.25,1.0,1.0,3.0,1.0,1.0,1.0,1.0,1.0,1.0,1.0,1.0,1.0,1.0,1.0,1.0,1.0,1.0,1.0,1.0,1.0,1.0,1.0,1.0,1.0,1.0,1.0,1.0,1.0,1.0,1.0,1.0
0.04,176,"[4, 5, 7]","[25, 28]","[25, 28]",0,0,g,"[[5, 15, 24], [25, 28], [25, 28]]","[1, 0, 0]","[2, 3]",1,1.0000000000000002,1.0000000000000002,2.0000000000000004,1.0,1.0,1.0,0.0,1.0,1.5,1.0,3.5,0.75,0.5,0.25,1.0,1.0,3.0,1.0,1.0,1.0,1.0,1.0,1.0,1.0,1.0,1.0,1.0,1.0,1.0,1.0,1.0,1.0,1.0,1.0,1.0,1.0,1.0,1.0,1.0,1.0,1.0,1.0,1.0,1.0,1.0
0.04,177,"[0, 4, 5, 7]","[4, 21, 25]","[4, 21, 25]",1,1,r,"[[4, 21, 25], [11, 17, 25, 28], [4, 21, 25]]","[1, 0, 1]","[4, 3]",1,1.0000000000000002,1.0000000000000002,1.0000000000000002,1.0,1.0,1.0,0.0,1.0,1.5,1.0,3.0,0.75,0.5,0.25,1.0,1.0,3.0,1.0,1.0,1.0,1.0,1.0,1.0,1.0,1.0,1.0,1.0,1.0,1.0,1.0,1.0,1.0,1.0,1.0,1.0,1.0,1.0,1.0,1.0,1.0,1.0,1.0,1.0,1.0,1.0
0.04,178,"[1, 4, 5, 7]","[16, 24]","[16, 24]",0,0,r,"[[16, 24], [16, 24], [16, 24]]","[0, 0, 0]","[2, 3]",1,1.0000000000000002,3.000000000000001,3.000000000000001,1.0,1.0,1.0,1.0,1.0,1.6666666666666665,1.5,2.5,1.0,1.0,1.0,1.0,0.0,3.0,1.0,1.0,3.0,1.0,1.0,1.0,1.0,1.0,1.0,1.0,1.0,1.0,1.0,1.0,1.0,1.0,1.0,1.0,1.0,1.0,1.0,1.0,1.0,1.0,1.0,1.0,1.0,1.0
0.04,179,"[0, 1, 4, 5, 7]","[4, 15, 24]","[4, 15, 24]",1,1,r,"[[4, 15, 24], [4, 5, 25, 28], [12, 16, 20, 25]]","[1, 0, 0]","[4, 3]",1,1.0000000000000002,1.0000000000000002,1.0000000000000002,1.0,1.0,1.0,0.0,1.0,1.3333333333333333,1.0,3.0,0.75,0.5,0.25,1.0,1.0,3.0,1.0,1.0,1.0,1.0,1.0,1.0,1.0,1.0,1.0,1.0,1.0,1.0,1.0,1.0,1.0,1.0,1.0,1.0,1.0,1.0,1.0,1.0,1.0,1.0,1.0,1.0,1.0,1.0
0.04,180,"[2, 4, 5, 7]","[0, 25, 28]","[0, 25, 28]",1,1,g,"[[17, 28, 32, 33], [0, 25, 28], [0, 25, 28]]","[0, 1, 1]","[4, 3]",1,1.0000000000000002,1.0000000000000002,1.0000000000000002,1.0,1.0,1.0,0.0,0.5,1.5,0.5,3.0,0.75,0.5,0.25,0.5,0.5,3.0,1.0,1.0,1.0,1.0,1.0,1.0,1.0,1.0,1.0,1.0,1.0,1.0,1.0,1.0,1.0,1.0,1.0,1.0,1.0,1.0,1.0,1.0,1.0,1.0,1.0,1.0,1.0,1.0
0.04,181,"[0, 2, 4, 5, 7]","[1, 25, 28]","[1, 25, 28]",1,1,g,"[[11, 28, 32, 33], [1, 25, 28], [1, 25, 28]]","[0, 1, 1]","[4, 3]",1,1.0000000000000002,1.0000000000000002,1.0000000000000002,1.0,1.0,1.0,0.0,1.0,1.5,1.0,3.0,0.75,0.5,0.25,1.0,1.0,3.0,1.0,1.0,1.0,1.0,1.0,1.0,1.0,1.0,1.0,1.0,1.0,1.0,1.0,1.0,1.0,1.0,1.0,1.0,1.0,1.0,1.0,1.0,1.0,1.0,1.0,1.0,1.0,1.0
0.04,182,"[1, 2, 4, 5, 7]","[0, 16, 24]","[0, 16, 24]",1,1,r,"[[0, 16, 24], [0, 16, 24], [0, 16, 24]]","[1, 1, 1]","[4, 3]",1,1.0000000000000002,1.0000000000000002,1.0000000000000002,1.0,1.0,1.0,1.0,1.0,1.6666666666666665,1.0,2.5,1.0,1.0,1.0,1.0,1.0,3.0,1.0,1.0,1.0,1.0,1.0,1.0,1.0,1.0,1.0,1.0,1.0,1.0,1.0,1.0,1.0,1.0,1.0,1.0,1.0,1.0,1.0,1.0,1.0,1.0,1.0,1.0,1.0,1.0
0.04,183,"[0, 1, 2, 4, 5, 7]","[1, 16, 24]","[1, 16, 24]",1,1,r,"[[1, 16, 24], [1, 16, 24], [12, 15, 17, 24]]","[1, 1, 0]","[4, 3]",1,1.0000000000000002,1.0000000000000002,1.0000000000000002,1.0,1.0,1.0,0.0,1.0,1.5,1.0,3.0,0.75,0.5,0.25,1.0,1.0,3.0,1.0,1.0,1.0,1.0,1.0,1.0,1.0,1.0,1.0,1.0,1.0,1.0,1.0,1.0,1.0,1.0,1.0,1.0,1.0,1.0,1.0,1.0,1.0,1.0,1.0,1.0,1.0,1.0
0.04,184,"[3, 4, 5, 7]","[21, 25]","[21, 25]",0,0,r,"[[21, 25], [21, 25], [21, 25]]","[0, 0, 0]","[2, 3]",1,1.0000000000000002,3.000000000000001,3.000000000000001,1.0,1.0,1.0,1.0,1.0,1.6666666666666665,2.0,2.0,1.0,1.0,1.0,1.0,1.0,3.0,1.0,1.0,1.0,1.0,1.0,1.0,1.0,1.0,1.0,1.0,1.0,1.0,1.0,1.0,1.0,1.0,1.0,1.0,1.0,1.0,1.0,1.0,1.0,1.0,1.0,1.0,1.0,1.0
0.04,185,"[0, 3, 4, 5, 7]","[4, 25, 28]","[4, 25, 28]",1,1,b,"[[12, 28, 32, 33], [11, 17, 21, 25], [4, 25, 28]]","[0, 0, 1]","[4, 3]",1,1.0000000000000002,1.0000000000000002,1.0000000000000002,1.0,1.0,1.0,0.0,1.0,1.3333333333333333,1.0,3.0,0.75,0.5,0.25,1.0,1.0,3.0,1.0,1.0,1.0,1.0,1.0,1.0,1.0,1.0,1.0,1.0,1.0,1.0,1.0,1.0,1.0,1.0,1.0,1.0,1.0,1.0,1.0,1.0,1.0,1.0,1.0,1.0,1.0,1.0
0.04,186,"[1, 3, 4, 5, 7]","[15, 24]","[15, 24]",0,0,r,"[[15, 24], [15, 24], [15, 24]]","[0, 0, 0]","[2, 3]",1,1.0000000000000002,3.000000000000001,3.000000000000001,1.0,1.0,1.0,1.0,1.0,1.6666666666666665,2.0,2.0,1.0,1.0,1.0,1.0,1.0,3.0,1.0,1.0,1.0,1.0,1.0,1.0,1.0,1.0,1.0,1.0,1.0,1.0,1.0,1.0,1.0,1.0,1.0,1.0,1.0,1.0,1.0,1.0,1.0,1.0,1.0,1.0,1.0,1.0
0.04,187,"[0, 1, 3, 4, 5, 7]","[4, 16, 24]","[4, 16, 24]",1,1,r,"[[4, 16, 24], [4, 5, 21, 25], [12, 15, 20, 25]]","[1, 0, 0]","[4, 3]",1,1.0000000000000002,1.0000000000000002,1.0000000000000002,1.0,1.0,1.0,0.0,1.0,1.3333333333333333,1.0,3.0,0.75,0.5,0.25,1.0,1.0,3.0,1.0,1.0,1.0,1.0,1.0,1.0,1.0,1.0,1.0,1.0,1.0,1.0,1.0,1.0,1.0,1.0,1.0,1.0,1.0,1.0,1.0,1.0,1.0,1.0,1.0,1.0,1.0,1.0
0.04,188,"[2, 3, 4, 5, 7]","[0, 21, 25]","[0, 21, 25]",1,1,g,"[[1, 12, 28, 32, 33], [0, 21, 25], [0, 21, 25]]","[1, 1, 1]","[4, 3]",1,1.0000000000000002,1.0000000000000002,1.0000000000000002,1.0,1.0,1.0,0.0,0.0,1.3333333333333333,1.0,3.0,0.75,0.5,0.25,0.5,0.5,3.0,1.0,1.0,3.0,1.0,1.0,1.0,1.0,1.0,1.0,1.0,1.0,1.0,1.0,1.0,1.0,1.0,1.0,1.0,1.0,1.0,1.0,1.0,1.0,1.0,1.0,1.0,1.0,1.0
0.04,189,"[0, 2, 3, 4, 5, 7]","[1, 21, 25]","[1, 21, 25]",1,1,g,"[[4, 17, 28, 32, 33], [1, 21, 25], [1, 21, 25]]","[1, 1, 1]","[4, 3]",1,1.0000000000000002,1.0000000000000002,1.0000000000000002,1.0,1.0,1.0,0.0,0.0,1.3333333333333333,1.0,3.0,0.75,0.5,0.25,1.0,1.0,3.0,1.0,1.0,3.0,1.0,1.0,1.0,1.0,1.0,1.0,1.0,1.0,1.0,1.0,1.0,1.0,1.0,1.0,1.0,1.0,1.0,1.0,1.0,1.0,1.0,1.0,1.0,1.0,1.0
0.04,190,"[1, 2, 3, 4, 5, 7]","[0, 15, 24]","[0, 15, 24]",1,1,r,"[[0, 15, 24], [0, 15, 24], [0, 15, 24]]","[1, 1, 1]","[4, 3]",1,1.0000000000000002,1.0000000000000002,1.0000000000000002,1.0,1.0,1.0,1.0,1.0,1.6666666666666665,1.0,2.5,1.0,1.0,1.0,1.0,1.0,3.0,1.0,1.0,1.0,1.0,1.0,1.0,1.0,1.0,1.0,1.0,1.0,1.0,1.0,1.0,1.0,1.0,1.0,1.0,1.0,1.0,1.0,1.0,1.0,1.0,1.0,1.0,1.0,1.0
0.04,191,"[0, 1, 2, 3, 4, 5, 7]","[1, 15, 24]","[1, 15, 24]",1,1,r,"[[1, 15, 24], [1, 15, 24], [12, 16, 17, 24]]","[1, 1, 0]","[4, 3]",1,1.0000000000000002,1.0000000000000002,1.0000000000000002,1.0,1.0,1.0,0.0,1.0,1.5,1.0,3.0,0.75,0.5,0.25,1.0,1.0,3.0,1.0,1.0,1.0,1.0,1.0,1.0,1.0,1.0,1.0,1.0,1.0,1.0,1.0,1.0,1.0,1.0,1.0,1.0,1.0,1.0,1.0,1.0,1.0,1.0,1.0,1.0,1.0,1.0
0.04,192,"[6, 7]","[32, 33]","[31, 36]",0,0,r,"[[31, 36], [32, 33], [32, 33]]","[0, 0, 0]","[2, 3]",1,1.0000000000000002,1.0000000000000002,3.000000000000001,1.0,1.0,1.0,1.0,1.0,2.333333333333333,3.0,3.0,1.0,1.0,1.0,1.0,1.0,3.0,1.0,1.0,1.0,1.0,1.0,1.0,1.0,3.0,1.0,1.0,1.0,1.0,1.0,1.0,1.0,1.0,1.0,1.0,1.0,1.0,1.0,1.0,1.0,1.0,1.0,1.0,1.0,1.0
0.04,193,"[0, 6, 7]","[1, 17, 25]","[4, 20, 24]",1,1,r,"[[4, 20, 24], [11, 17, 32, 33], [0, 11, 25]]","[1, 0, 1]","[4, 3]",1,1.0000000000000002,1.0000000000000002,1.0000000000000002,1.0,1.0,1.0,0.0,1.0,1.0,1.0,2.0,0.75,0.5,0.25,1.0,1.0,3.0,1.0,1.0,1.0,1.0,1.0,1.0,1.0,1.0,1.0,1.0,1.0,1.0,1.0,1.0,1.0,1.0,1.0,1.0,1.0,1.0,1.0,1.0,1.0,1.0,1.0,1.0,1.0,1.0
0.04,194,"[1, 6, 7]","[5, 20, 24]","[8, 31, 36]",1,1,r,"[[8, 31, 36], [8, 32, 33], [16, 20, 21, 25]]","[1, 1, 0]","[4, 3]",1,1.0000000000000002,1.0000000000000002,1.0000000000000002,1.0,1.0,1.0,0.0,1.0,1.0,1.0,2.0,0.75,0.5,0.25,1.0,1.0,3.0,1.0,1.0,1.0,1.0,1.0,1.0,1.0,1.0,1.0,1.0,1.0,1.0,1.0,1.0,1.0,1.0,1.0,1.0,1.0,1.0,1.0,1.0,1.0,1.0,1.0,1.0,1.0,1.0
0.04,195,"[0, 1, 6, 7]","[5, 12, 25]","[5, 12, 25]",1,1,r,"[[5, 12, 25], [4, 5, 32, 33], [5, 12, 25]]","[1, 0, 1]","[4, 3]",1,1.0000000000000002,1.0000000000000002,1.0000000000000002,1.0,1.0,1.0,0.0,1.0,1.5,1.0,3.0,0.75,0.5,0.25,1.0,1.0,3.0,1.0,1.0,1.0,1.0,1.0,1.0,1.0,1.0,1.0,1.0,1.0,1.0,1.0,1.0,1.0,1.0,1.0,1.0,1.0,1.0,1.0,1.0,1.0,1.0,1.0,1.0,1.0,1.0
0.04,196,"[2, 6, 7]","[17, 25]","[17, 25]",0,0,r,"[[17, 25], [17, 25], [0, 32, 33]]","[0, 0, 1]","[2, 3]",1,1.0000000000000002,1.0000000000000002,2.0000000000000004,1.0,1.0,1.0,0.0,1.0,1.5,1.0,3.5,0.75,0.5,0.25,1.0,1.0,3.0,1.0,1.0,1.0,1.0,1.0,1.0,1.0,1.0,1.0,1.0,1.0,1.0,1.0,1.0,1.0,1.0,1.0,1.0,1.0,1.0,1.0,1.0,1.0,1.0,1.0,1.0,1.0,1.0
0.04,197,"[0, 2, 6, 7]","[11, 25]","[11, 25]",0,0,r,"[[11, 25], [11, 25], [11, 25]]","[0, 0, 0]","[2, 3]",1,1.0000000000000002,1.0000000000000002,3.0,1.0,1.0,1.0,1.0,1.0,1.6666666666666665,2.0,2.0,1.0,1.0,1.0,1.0,1.0,3.0,1.0,1.0,1.0,1.0,1.0,1.0,1.0,1.0,1.0,1.0,1.0,1.0,1.0,1.0,1.0,1.0,1.0,1.0,1.0,1.0,1.0,1.0,1.0,1.0,1.0,1.0,1.0,1.0
0.04,198,"[1, 2, 6, 7]","[8, 17, 25]","[8, 17, 25]",1,1,r,"[[8, 17, 25], [8, 17, 25], [16, 17, 24, 28]]","[1, 1, 0]","[4, 3]",1,1.0000000000000002,1.0000000000000002,1.0000000000000002,1.0,1.0,1.0,0.0,1.0,1.3333333333333333,1.0,2.5,0.75,0.5,0.25,1.0,1.0,3.0,1.0,1.0,1.0,1.0,1.0,1.0,1.0,1.0,1.0,1.0,1.0,1.0,1.0,1.0,1.0,1.0,1.0,1.0,1.0,1.0,1.0,1.0,1.0,1.0,1.0,1.0,1.0,1.0
0.04,199,"[0, 1, 2, 6, 7]","[8, 11, 25]","[8, 11, 25]",1,1,r,"[[8, 11, 25], [8, 11, 25], [8, 11, 25]]","[1, 1, 1]","[4, 3]",1,1.0000000000000002,1.0000000000000002,1.0000000000000002,1.0,1.0,1.0,1.0,1.0,1.6666666666666665,1.5,2.0,1.0,1.0,1.0,1.0,1.0,3.0,1.0,1.0,1.0,1.0,1.0,1.0,1.0,1.0,1.0,1.0,1.0,1.0,1.0,1.0,1.0,1.0,1.0,1.0,1.0,1.0,1.0,1.0,1.0,1.0,1.0,1.0,1.0,1.0
0.04,200,"[3, 6, 7]","[20, 24]","[20, 24]",0,0,r,"[[20, 24], [20, 24], [15, 16, 32, 33]]","[0, 0, 0]","[2, 5]",3,1.0000000000000002,3.000000000000001,3.000000000000001,1.0,1.0,1.0,0.0,0.0,2.333333333333333,2.0,5.0,1.0,1.0,0.75,1.0,1.0,4.0,3.0,3.0,3.0,3.0,3.0,3.0,3.0,3.0,3.0,3.0,3.0,3.0,3.0,3.0,3.0,3.0,3.0,3.0,3.0,3.0,3.0,3.0,3.0,3.0,3.0,3.0,3.0,3.0
0.04,201,"[0, 3, 6, 7]","[12, 25]","[12, 25]",0,0,r,"[[12, 25], [12, 25], [12, 25]]","[0, 0, 0]","[2, 3]",1,1.0000000000000002,1.0000000000000002,3.000000000000001,1.0,1.0,1.0,1.0,1.0,1.6666666666666665,2.0,2.0,1.0,1.0,1.0,1.0,1.0,3.0,1.0,1.0,1.0,1.0,1.0,1.0,1.0,1.0,1.0,1.0,1.0,1.0,1.0,1.0,1.0,1.0,1.0,1.0,1.0,1.0,1.0,1.0,1.0,1.0,1.0,1.0,1.0,1.0
0.04,202,"[1, 3, 6, 7]","[8, 20, 24]","[5, 31, 36]",1,1,r,"[[5, 31, 36], [8, 20, 24], [16, 20, 25, 28]]","[1, 1, 0]","[4, 3]",1,1.0000000000000002,1.0000000000000002,1.0000000000000002,1.0,1.0,1.0,0.0,1.0,1.3333333333333333,1.0,2.0,0.75,0.5,0.25,1.0,1.0,3.0,1.0,1.0,1.0,1.0,1.0,1.0,1.0,1.0,1.0,1.0,1.0,1.0,1.0,1.0,1.0,1.0,1.0,1.0,1.0,1.0,1.0,1.0,1.0,1.0,1.0,1.0,1.0,1.0
0.04,203,"[0, 1, 3, 6, 7]","[8, 12, 25]","[8, 12, 25]",1,1,r,"[[8, 12, 25], [8, 12, 25], [8, 12, 25]]","[1, 1, 1]","[4, 3]",1,1.0000000000000002,1.0000000000000002,1.0000000000000002,1.0,1.0,1.0,0.5,0.5,1.8333333333333333,1.5,2.5,0.875,0.75,0.625,0.5,0.5,3.0,1.0,1.0,1.0,1.0,1.0,1.0,1.0,1.0,1.0,1.0,1.0,1.0,1.0,1.0,1.0,1.0,1.0,1.0,1.0,1.0,1.0,1.0,1.0,1.0,1.0,1.0,1.0,1.0
0.04,204,"[2, 3, 6, 7]","[1, 12, 25]","[0, 20, 24]",1,1,r,"[[0, 20, 24], [4, 11, 25], [1, 4, 32, 33]]","[1, 1, 0]","[4, 3]",1,1.0000000000000002,1.0000000000000002,1.0000000000000002,1.0,1.0,1.0,0.0,1.0,1.833333333333333,1.0,4.0,0.75,0.5,0.25,1.0,1.0,3.0,1.0,1.0,1.0,1.0,1.0,1.0,1.0,1.0,1.0,1.0,1.0,1.0,1.0,1.0,1.0,1.0,1.0,1.0,1.0,1.0,1.0,1.0,1.0,1.0,1.0,1.0,1.0,1.0
0.04,205,"[0, 2, 3, 6, 7]","[4, 17, 25]","[0, 12, 25]",1,1,r,"[[0, 12, 25], [4, 17, 25], [0, 12, 25]]","[1, 1, 1]","[4, 3]",1,1.0000000000000002,1.0000000000000002,1.0000000000000002,1.0,1.0,1.0,0.5,0.5,1.5,1.0,2.5,0.875,0.75,0.625,1.0,1.0,3.0,1.0,1.0,1.0,1.0,1.0,1.0,1.0,1.0,1.0,1.0,1.0,1.0,1.0,1.0,1.0,1.0,1.0,1.0,1.0,1.0,1.0,1.0,1.0,1.0,1.0,1.0,1.0,1.0
0.04,206,"[1, 2, 3, 6, 7]","[5, 17, 25]","[5, 17, 25]",1,1,r,"[[5, 17, 25], [5, 17, 25], [16, 17, 21, 24]]","[1, 1, 0]","[4, 3]",1,1.0000000000000002,1.0000000000000002,1.0000000000000002,1.0,1.0,1.0,0.5,1.0,1.5,1.0,2.5,1.0,1.0,0.875,1.0,1.0,3.0,1.0,1.0,1.0,1.0,1.0,1.0,1.0,1.0,1.0,1.0,1.0,1.0,1.0,1.0,1.0,1.0,1.0,1.0,1.0,1.0,1.0,1.0,1.0,1.0,1.0,1.0,1.0,1.0
0.04,207,"[0, 1, 2, 3, 6, 7]","[5, 11, 25]","[5, 11, 25]",1,1,r,"[[5, 11, 25], [5, 11, 25], [5, 11, 25]]","[1, 1, 1]","[4, 3]",1,1.0000000000000002,1.0000000000000002,1.0000000000000002,1.0,1.0,1.0,1.0,1.0,1.6666666666666665,1.5,2.0,1.0,1.0,1.0,1.0,0.5,3.0,1.0,1.0,1.0,1.0,1.0,1.0,1.0,1.0,1.0,1.0,1.0,1.0,1.0,1.0,1.0,1.0,1.0,1.0,1.0,1.0,1.0,1.0,1.0,1.0,1.0,1.0,1.0,1.0
0.04,208,"[4, 6, 7]",[25],[25],0,0,r,"[[25], [25], [25]]","[0, 0, 0]","[1, 4]",3,3.000000000000001,3.000000000000001,3.000000000000001,3.0,3.0,3.0,3.0,3.0,3.3333333333333335,3.5,3.5,3.0,3.0,3.0,3.0,2.5,4.0,3.0,3.0,3.0,3.0,3.0,3.0,3.0,3.0,3.0,3.0,3.0,3.0,3.0,3.0,3.0,3.0,3.0,3.0,3.0,3.0,3.0,3.0,3.0,3.0,3.0,3.0,3.0,3.0
0.04,209,"[0, 4, 6, 7]","[11, 17, 25]","[12, 20, 24]",0,0,r,"[[12, 20, 24], [12, 20, 24], [0, 1, 25]]","[0, 0, 0]","[3, 4]",1,1.0000000000000002,1.0000000000000002,1.0000000000000002,1.0,1.0,1.0,1.0,1.0,1.3333333333333333,1.0,2.0,1.0,1.0,1.0,1.0,1.0,3.0,1.0,1.0,3.0,1.0,1.0,1.0,1.0,1.0,1.0,1.0,1.0,1.0,1.0,1.0,1.0,1.0,1.0,1.0,1.0,1.0,1.0,1.0,1.0,1.0,1.0,1.0,1.0,1.0
0.04,210,"[1, 4, 6, 7]","[8, 25]","[8, 25]",1,1,r,"[[8, 25], [8, 25], [8, 25]]","[1, 1, 1]","[3, 2]",1,1.0000000000000002,3.000000000000001,3.000000000000001,1.0,1.0,1.0,1.0,1.0,1.6666666666666667,1.5,2.5,1.0,1.0,1.0,1.0,1.0,3.0,1.0,1.0,1.0,1.0,1.0,1.0,1.0,1.0,1.0,1.0,1.0,1.0,1.0,1.0,1.0,1.0,1.0,1.0,1.0,1.0,1.0,1.0,1.0,1.0,1.0,1.0,1.0,1.0
0.04,211,"[0, 1, 4, 6, 7]","[4, 5, 25]","[4, 5, 25]",0,0,r,"[[4, 5, 25], [4, 5, 25], [12, 16, 20, 25, 28]]","[0, 0, 0]","[3, 4]",1,1.0000000000000002,1.0000000000000002,1.0000000000000002,1.0,1.0,1.0,0.0,0.0,1.1666666666666665,1.0,2.5,0.75,0.5,0.25,1.0,1.0,3.0,1.0,1.0,1.0,1.0,1.0,1.0,1.0,1.0,1.0,1.0,1.0,1.0,1.0,1.0,1.0,1.0,1.0,1.0,1.0,1.0,1.0,1.0,1.0,1.0,1.0,1.0,1.0,1.0
0.04,212,"[2, 4, 6, 7]","[0, 25]","[0, 25]",1,1,r,"[[0, 25], [0, 25], [0, 25]]","[1, 1, 1]","[3, 2]",1,1.0000000000000002,1.0000000000000002,2.0000000000000004,1.0,1.0,1.0,1.0,1.0,1.6666666666666665,1.5,2.5,1.0,1.0,1.0,1.0,1.0,3.0,1.0,1.0,3.0,1.0,1.0,1.0,1.0,1.0,1.0,1.0,1.0,1.0,1.0,1.0,1.0,1.0,1.0,1.0,1.0,1.0,1.0,1.0,1.0,1.0,1.0,1.0,1.0,1.0
0.04,213,"[0, 2, 4, 6, 7]","[1, 25]","[1, 25]",1,1,r,"[[1, 25], [1, 25], [1, 25]]","[1, 1, 1]","[3, 2]",1,1.0000000000000002,1.0000000000000002,3.0,1.0,1.0,1.0,1.0,1.0,1.6666666666666665,2.0,2.0,1.0,1.0,1.0,1.0,1.0,3.0,1.0,1.0,1.0,1.0,1.0,1.0,1.0,1.0,1.0,1.0,1.0,1.0,1.0,1.0,1.0,1.0,1.0,1.0,1.0,1.0,1.0,1.0,1.0,1.0,1.0,1.0,1.0,1.0
0.04,214,"[1, 2, 4, 6, 7]","[0, 8, 25]","[0, 8, 25]",0,0,r,"[[0, 8, 25], [0, 8, 25], [0, 8, 25]]","[0, 0, 0]","[3, 4]",1,1.0000000000000002,1.0000000000000002,1.0000000000000002,1.0,1.0,1.0,1.0,1.0,1.6666666666666665,1.0,2.5,1.0,1.0,1.0,1.0,1.0,3.0,1.0,1.0,3.0,1.0,1.0,1.0,1.0,1.0,1.0,1.0,1.0,1.0,1.0,1.0,1.0,1.0,1.0,1.0,1.0,1.0,1.0,1.0,1.0,1.0,1.0,1.0,1.0,1.0
0.04,215,"[0, 1, 2, 4, 6, 7]","[1, 8, 25]","[1, 8, 25]",0,0,r,"[[1, 8, 25], [1, 8, 25], [12, 16, 17, 21, 24]]","[0, 0, 0]","[3, 4]",1,1.0000000000000002,1.0000000000000002,1.0000000000000002,1.0,1.0,1.0,0.0,0.0,1.3333333333333333,1.0,3.0,0.75,0.5,0.25,0.5,0.0,3.0,1.0,1.0,1.0,1.0,1.0,1.0,1.0,1.0,1.0,1.0,1.0,1.0,1.0,1.0,1.0,1.0,1.0,1.0,1.0,1.0,1.0,1.0,1.0,1.0,1.0,1.0,1.0,1.0
0.04,216,"[3, 4, 6, 7]","[15, 16, 25]","[20, 33, 36]",0,0,r,"[[20, 33, 36], [5, 8, 25], [15, 16, 25]]","[0, 0, 0]","[3, 4]",1,1.0000000000000002,1.0000000000000002,1.0000000000000002,1.0,1.0,1.0,0.0,0.0,0.6666666666666666,0.0,1.0,0.75,0.5,0.25,0.0,1.0,3.0,3.0,3.0,3.0,3.0,1.0,3.0,3.0,1.0,1.0,1.0,1.0,1.0,1.0,1.0,1.0,1.0,1.0,1.0,1.0,1.0,1.0,1.0,1.0,1.0,1.0,1.0,1.0,1.0
0.04,217,"[0, 3, 4, 6, 7]","[4, 25]","[4, 25]",1,1,r,"[[4, 25], [4, 25], [4, 25]]","[1, 1, 1]","[3, 2]",1,1.0000000000000002,1.0000000000000002,3.000000000000001,1.0,1.0,1.0,1.0,1.0,1.6666666666666665,2.0,2.0,1.0,1.0,1.0,1.0,1.0,3.0,1.0,1.0,1.0,1.0,1.0,1.0,1.0,1.0,1.0,1.0,1.0,1.0,1.0,1.0,1.0,1.0,1.0,1.0,1.0,1.0,1.0,1.0,1.0,1.0,1.0,1.0,1.0,1.0
0.04,218,"[1, 3, 4, 6, 7]","[5, 25]","[5, 25]",1,1,r,"[[5, 25], [5, 25], [5, 25]]","[1, 1, 1]","[3, 2]",1,2.0000000000000004,3.000000000000001,3.000000000000001,1.0,3.0,2.0,1.5,1.5,2.1666666666666665,2.0,3.0,1.875,1.75,1.625,1.5,1.0,4.0,3.0,3.0,3.0,3.0,3.0,3.0,1.0,3.0,3.0,3.0,3.0,3.0,3.0,3.0,1.0,3.0,1.0,1.0,1.0,1.0,1.0,1.0,1.0,1.0,1.0,1.0,1.0,1.0
0.04,219,"[0, 1, 3, 4, 6, 7]","[4, 8, 25]","[4, 8, 25]",0,0,r,"[[4, 8, 25], [4, 8, 25], [11, 16, 17, 21, 24]]","[0, 0, 0]","[3, 4]",1,1.0000000000000002,1.0000000000000002,1.0000000000000002,1.0,1.0,1.0,0.0,0.0,1.1666666666666665,1.0,2.5,0.75,0.5,0.25,1.0,1.0,3.0,1.0,1.0,1.0,1.0,1.0,1.0,1.0,1.0,1.0,1.0,1.0,1.0,1.0,1.0,1.0,1.0,1.0,1.0,1.0,1.0,1.0,1.0,1.0,1.0,1.0,1.0,1.0,1.0
0.04,220,"[2, 3, 4, 6, 7]","[11, 12, 25]","[17, 20, 24]",0,0,r,"[[17, 20, 24], [11, 12, 25], [17, 20, 24]]","[0, 0, 0]","[3, 4]",1,1.0000000000000002,1.0000000000000002,1.0000000000000002,1.0,1.0,1.0,1.0,1.0,1.6666666666666665,1.0,3.0,1.0,1.0,1.0,1.0,1.0,3.0,1.0,1.0,3.0,1.0,1.0,1.0,1.0,1.0,1.0,1.0,1.0,1.0,1.0,1.0,1.0,1.0,1.0,1.0,1.0,1.0,1.0,1.0,1.0,1.0,1.0,1.0,1.0,1.0
0.04,221,"[0, 2, 3, 4, 6, 7]","[12, 17, 25]","[0, 4, 25]",0,0,r,"[[0, 4, 25], [12, 17, 25], [0, 4, 25]]","[0, 0, 0]","[3, 4]",1,1.0000000000000002,1.0000000000000002,1.0000000000000002,1.0,1.0,1.0,1.0,1.0,1.6666666666666665,1.0,3.0,1.0,1.0,1.0,1.0,1.0,3.0,1.0,1.0,3.0,1.0,1.0,1.0,1.0,1.0,1.0,1.0,1.0,1.0,1.0,1.0,1.0,1.0,1.0,1.0,1.0,1.0,1.0,1.0,1.0,1.0,1.0,1.0,1.0,1.0
0.04,222,"[1, 2, 3, 4, 6, 7]","[0, 5, 25]","[0, 5, 25]",0,0,r,"[[0, 5, 25], [8, 11, 12, 25], [0, 5, 25]]","[0, 1, 0]","[3, 4]",1,1.0000000000000002,1.0000000000000002,1.0000000000000002,1.0,1.0,1.0,0.0,1.0,1.6666666666666665,1.0,3.0,0.75,0.5,0.25,0.5,0.5,3.0,1.0,1.0,1.0,1.0,1.0,1.0,1.0,1.0,1.0,1.0,1.0,1.0,1.0,1.0,1.0,1.0,1.0,1.0,1.0,1.0,1.0,1.0,1.0,1.0,1.0,1.0,1.0,1.0
0.04,223,"[0, 1, 2, 3, 4, 6, 7]","[1, 5, 25]","[1, 5, 25]",0,0,r,"[[1, 5, 25], [8, 12, 17, 25], [12, 16, 17, 24, 28]]","[0, 1, 0]","[3, 4]",1,1.0000000000000002,1.0000000000000002,1.0000000000000002,1.0,1.0,1.0,0.0,0.0,1.6666666666666665,1.0,3.0,0.75,0.5,0.25,1.0,1.0,3.0,1.0,1.0,1.0,1.0,1.0,1.0,1.0,1.0,1.0,1.0,1.0,1.0,1.0,1.0,1.0,1.0,1.0,1.0,1.0,1.0,1.0,1.0,1.0,1.0,1.0,1.0,1.0,1.0
0.04,224,"[5, 6, 7]","[20, 21, 25]","[20, 21, 25]",0,0,r,"[[20, 21, 25], [28, 33, 36], [20, 21, 25]]","[0, 0, 0]","[3, 4]",1,0.9999999999999999,0.9999999999999999,1.0000000000000002,1.0,1.0,1.0,0.5,0.5,1.3333333333333335,1.0,2.5,0.875,0.75,0.625,1.0,1.0,3.0,1.0,1.0,1.0,1.0,1.0,1.0,1.0,5.0,1.0,1.0,1.0,1.0,1.0,1.0,1.0,1.0,1.0,1.0,1.0,1.0,1.0,1.0,1.0,1.0,1.0,1.0,1.0,1.0
0.04,225,"[0, 5, 6, 7]","[12, 21, 24]","[12, 21, 24]",0,0,r,"[[12, 21, 24], [11, 17, 28, 33, 36], [4, 20, 25, 28]]","[0, 0, 1]","[3, 4]",1,1.0000000000000002,1.0000000000000002,1.0000000000000002,1.0,1.0,1.0,0.0,0.0,1.0,0.0,3.0,0.75,0.5,0.25,1.0,1.0,3.0,1.0,1.0,1.0,1.0,1.0,1.0,1.0,1.0,1.0,1.0,1.0,1.0,1.0,1.0,1.0,1.0,1.0,1.0,1.0,1.0,1.0,1.0,1.0,1.0,1.0,1.0,1.0,1.0
0.04,226,"[1, 5, 6, 7]","[15, 20, 24]","[16, 31, 36]",0,0,r,"[[16, 31, 36], [16, 32, 33], [8, 20, 21, 25]]","[0, 0, 1]","[3, 4]",1,1.0000000000000002,1.0000000000000002,1.0000000000000002,1.0,1.0,1.0,0.0,1.0,1.0,1.0,2.0,0.75,0.5,0.25,0.5,0.5,3.0,1.0,1.0,1.0,1.0,1.0,1.0,1.0,1.0,1.0,1.0,1.0,1.0,1.0,1.0,1.0,1.0,1.0,1.0,1.0,1.0,1.0,1.0,1.0,1.0,1.0,1.0,1.0,1.0
0.04,227,"[0, 1, 5, 6, 7]","[12, 15, 25]","[12, 15, 25]",0,0,r,"[[12, 15, 25], [4, 5, 28, 33, 36], [12, 15, 25]]","[0, 0, 0]","[3, 4]",1,1.0000000000000002,1.0000000000000002,1.0000000000000002,1.0,1.0,1.0,0.0,0.0,1.5,1.0,3.5,0.75,0.5,0.25,1.0,1.0,3.0,1.0,1.0,1.0,1.0,1.0,1.0,1.0,1.0,1.0,1.0,1.0,1.0,1.0,1.0,1.0,1.0,1.0,1.0,1.0,1.0,1.0,1.0,1.0,1.0,1.0,1.0,1.0,1.0
0.04,228,"[2, 5, 6, 7]","[17, 24, 28]","[17, 24, 28]",0,0,g,"[[5, 15, 17, 25], [17, 24, 28], [17, 24, 28]]","[1, 0, 0]","[3, 4]",1,1.0000000000000002,1.0000000000000002,1.0000000000000002,1.0,1.0,1.0,0.0,1.0,1.3333333333333333,1.0,3.0,0.75,0.5,0.25,1.0,1.0,3.0,1.0,1.0,1.0,1.0,1.0,1.0,1.0,1.0,1.0,1.0,1.0,1.0,1.0,1.0,1.0,1.0,1.0,1.0,1.0,1.0,1.0,1.0,1.0,1.0,1.0,1.0,1.0,1.0
0.04,229,"[0, 2, 5, 6, 7]","[11, 24, 28]","[11, 24, 28]",0,0,g,"[[5, 11, 15, 25], [11, 24, 28], [4, 17, 21, 24]]","[1, 0, 1]","[3, 4]",1,1.0000000000000002,1.0000000000000002,1.0000000000000002,1.0,1.0,1.0,0.0,1.0,1.3333333333333333,1.0,3.0,0.75,0.5,0.25,1.0,1.0,3.0,1.0,1.0,1.0,1.0,1.0,1.0,1.0,1.0,1.0,1.0,1.0,1.0,1.0,1.0,1.0,1.0,1.0,1.0,1.0,1.0,1.0,1.0,1.0,1.0,1.0,1.0,1.0,1.0
0.04,230,"[1, 2, 5, 6, 7]","[16, 17, 25]","[16, 17, 25]",0,0,r,"[[16, 17, 25], [16, 17, 25], [8, 17, 24, 28]]","[0, 0, 1]","[3, 4]",1,1.0000000000000002,1.0000000000000002,1.0000000000000002,1.0,1.0,1.0,0.0,1.0,1.3333333333333333,1.0,2.5,0.75,0.5,0.25,0.5,0.5,3.0,1.0,1.0,1.0,1.0,1.0,1.0,1.0,1.0,1.0,1.0,1.0,1.0,1.0,1.0,1.0,1.0,1.0,1.0,1.0,1.0,1.0,1.0,1.0,1.0,1.0,1.0,1.0,1.0
0.04,231,"[0, 1, 2, 5, 6, 7]","[11, 16, 25]","[11, 16, 25]",0,0,r,"[[11, 16, 25], [11, 16, 25], [11, 16, 25]]","[0, 0, 0]","[3, 4]",1,1.0000000000000002,1.0000000000000002,1.0000000000000002,1.0,1.0,1.0,1.0,1.0,1.6666666666666665,1.5,2.0,1.0,1.0,1.0,1.0,1.0,3.0,1.0,1.0,1.0,1.0,1.0,1.0,1.0,1.0,1.0,1.0,1.0,1.0,1.0,1.0,1.0,1.0,1.0,1.0,1.0,1.0,1.0,1.0,1.0,1.0,1.0,1.0,1.0,1.0
0.04,232,"[3, 5, 6, 7]","[20, 25, 28]","[21, 33, 36]",0,0,r,"[[21, 33, 36], [20, 25, 28], [20, 25, 28]]","[0, 0, 0]","[3, 4]",1,1.0000000000000002,1.0000000000000002,1.0000000000000002,1.0,1.0,1.0,1.0,1.0,1.3333333333333333,1.0,2.0,1.0,1.0,1.0,1.0,1.0,3.0,3.0,3.0,3.0,3.0,1.0,3.0,3.0,1.0,1.0,1.0,1.0,1.0,1.0,1.0,1.0,1.0,1.0,1.0,1.0,1.0,1.0,1.0,1.0,1.0,1.0,1.0,1.0,1.0
0.04,233,"[0, 3, 5, 6, 7]","[12, 24, 28]","[12, 24, 28]",0,0,g,"[[5, 12, 15, 25], [12, 24, 28], [4, 20, 21, 25]]","[1, 0, 1]","[3, 4]",1,1.0000000000000002,1.0000000000000002,1.0000000000000002,1.0,1.0,1.0,0.0,1.0,1.3333333333333333,1.0,3.0,0.75,0.5,0.25,1.0,1.0,3.0,1.0,1.0,1.0,1.0,1.0,1.0,1.0,1.0,1.0,1.0,1.0,1.0,1.0,1.0,1.0,1.0,1.0,1.0,1.0,1.0,1.0,1.0,1.0,1.0,1.0,1.0,1.0,1.0
0.04,234,"[1, 3, 5, 6, 7]","[16, 20, 24]","[15, 31, 36]",0,0,r,"[[15, 31, 36], [16, 20, 24], [8, 20, 25, 28]]","[0, 0, 1]","[3, 4]",1,1.0000000000000002,1.0000000000000002,1.0000000000000002,1.0,1.0,1.0,0.0,1.0,1.3333333333333333,1.0,2.5,0.75,0.5,0.25,0.5,0.5,3.0,1.0,1.0,1.0,1.0,1.0,1.0,1.0,1.0,1.0,1.0,1.0,1.0,1.0,1.0,1.0,1.0,1.0,1.0,1.0,1.0,1.0,1.0,1.0,1.0,1.0,1.0,1.0,1.0
0.04,235,"[0, 1, 3, 5, 6, 7]","[12, 16, 25]","[12, 16, 25]",0,0,r,"[[12, 16, 25], [12, 16, 25], [12, 16, 25]]","[0, 0, 0]","[3, 4]",1,1.0000000000000002,1.0000000000000002,1.0000000000000002,1.0,1.0,1.0,1.0,1.0,1.833333333333333,1.5,2.5,1.0,1.0,1.0,1.0,1.0,3.0,1.0,1.0,1.0,1.0,1.0,1.0,1.0,1.0,1.0,1.0,1.0,1.0,1.0,1.0,1.0,1.0,1.0,1.0,1.0,1.0,1.0,1.0,1.0,1.0,1.0,1.0,1.0,1.0
0.04,236,"[2, 3, 5, 6, 7]","[17, 21, 24]","[17, 21, 24]",0,0,r,"[[17, 21, 24], [17, 21, 24], [17, 21, 24]]","[0, 0, 0]","[3, 4]",1,1.0000000000000002,1.0000000000000002,1.0000000000000002,1.0,1.0,1.0,1.0,1.0,1.6666666666666665,1.0,2.5,1.0,1.0,1.0,1.0,1.0,3.0,1.0,1.0,1.0,1.0,1.0,1.0,1.0,1.0,1.0,1.0,1.0,1.0,1.0,1.0,1.0,1.0,1.0,1.0,1.0,1.0,1.0,1.0,1.0,1.0,1.0,1.0,1.0,1.0
0.04,237,"[0, 2, 3, 5, 6, 7]","[11, 21, 24]","[11, 21, 24]",0,0,g,"[[0, 5, 12, 15, 25], [11, 21, 24], [4, 17, 24, 28]]","[0, 0, 1]","[3, 4]",1,1.0000000000000002,1.0000000000000002,1.0000000000000002,1.0,1.0,1.0,0.0,0.0,1.3333333333333333,1.0,3.0,0.75,0.5,0.25,1.0,1.0,3.0,1.0,1.0,1.0,1.0,1.0,1.0,1.0,1.0,1.0,1.0,1.0,1.0,1.0,1.0,1.0,1.0,1.0,1.0,1.0,1.0,1.0,1.0,1.0,1.0,1.0,1.0,1.0,1.0
0.04,238,"[1, 2, 3, 5, 6, 7]","[15, 17, 25]","[15, 17, 25]",0,0,r,"[[15, 17, 25], [15, 17, 25], [8, 17, 21, 24]]","[0, 0, 1]","[3, 4]",1,1.0000000000000002,1.0000000000000002,1.0000000000000002,1.0,1.0,1.0,0.0,1.0,1.5,1.0,2.5,0.75,0.5,0.25,0.5,0.5,3.0,1.0,1.0,1.0,1.0,1.0,1.0,1.0,1.0,1.0,1.0,1.0,1.0,1.0,1.0,1.0,1.0,1.0,1.0,1.0,1.0,1.0,1.0,1.0,1.0,1.0,1.0,1.0,1.0
0.04,239,"[0, 1, 2, 3, 5, 6, 7]","[11, 15, 25]","[11, 15, 25]",0,0,r,"[[11, 15, 25], [11, 15, 25], [11, 15, 25]]","[0, 0, 0]","[3, 4]",1,1.0000000000000002,1.0000000000000002,1.0000000000000002,1.0,1.0,1.0,1.0,1.0,1.6666666666666665,2.0,2.0,1.0,1.0,1.0,1.0,1.0,3.0,1.0,1.0,1.0,1.0,1.0,1.0,1.0,1.0,1.0,1.0,1.0,1.0,1.0,1.0,1.0,1.0,1.0,1.0,1.0,1.0,1.0,1.0,1.0,1.0,1.0,1.0,1.0,1.0
0.04,240,"[4, 5, 6, 7]","[24, 28]","[24, 28]",0,0,g,"[[5, 15, 25], [24, 28], [24, 28]]","[1, 0, 0]","[2, 3]",1,1.0000000000000002,1.0000000000000002,2.0000000000000004,1.0,1.0,1.0,0.0,1.0,1.5,1.0,3.5,0.75,0.5,0.25,1.0,1.0,3.0,1.0,1.0,1.0,1.0,1.0,1.0,1.0,1.0,1.0,1.0,1.0,1.0,1.0,1.0,1.0,1.0,1.0,1.0,1.0,1.0,1.0,1.0,1.0,1.0,1.0,1.0,1.0,1.0
0.04,241,"[0, 4, 5, 6, 7]","[4, 21, 24]","[4, 21, 24]",1,1,r,"[[4, 21, 24], [11, 17, 24, 28], [12, 20, 25, 28]]","[1, 0, 0]","[4, 3]",1,1.0000000000000002,1.0000000000000002,1.0000000000000002,1.0,1.0,1.0,0.0,1.0,1.3333333333333333,1.0,3.0,0.75,0.5,0.25,1.0,1.0,3.0,1.0,1.0,1.0,1.0,1.0,1.0,1.0,1.0,1.0,1.0,1.0,1.0,1.0,1.0,1.0,1.0,1.0,1.0,1.0,1.0,1.0,1.0,1.0,1.0,1.0,1.0,1.0,1.0
0.04,242,"[1, 4, 5, 6, 7]","[16, 25]","[16, 25]",0,0,r,"[[16, 25], [16, 25], [16, 25]]","[0, 0, 0]","[2, 3]",1,1.0000000000000002,3.000000000000001,3.000000000000001,1.0,1.0,1.0,1.0,1.0,1.6666666666666665,1.5,2.5,1.0,1.0,1.0,1.0,0.5,3.0,1.0,1.0,1.0,1.0,1.0,1.0,1.0,1.0,1.0,1.0,1.0,1.0,1.0,1.0,1.0,1.0,1.0,1.0,1.0,1.0,1.0,1.0,1.0,1.0,1.0,1.0,1.0,1.0
0.04,243,"[0, 1, 4, 5, 6, 7]","[4, 15, 25]","[4, 15, 25]",1,1,r,"[[4, 15, 25], [12, 16, 20, 24], [8, 12, 20, 25, 28]]","[1, 0, 1]","[4, 3]",1,1.0000000000000002,1.0000000000000002,1.0000000000000002,1.0,1.0,1.0,0.0,0.0,1.3333333333333333,1.0,3.0,0.75,0.5,0.25,1.0,1.0,3.0,1.0,1.0,1.0,1.0,1.0,1.0,1.0,1.0,1.0,1.0,1.0,1.0,1.0,1.0,1.0,1.0,1.0,1.0,1.0,1.0,1.0,1.0,1.0,1.0,1.0,1.0,1.0,1.0
0.04,244,"[2, 4, 5, 6, 7]","[0, 24, 28]","[0, 24, 28]",1,1,g,"[[17, 28, 31, 32], [0, 24, 28], [0, 24, 28]]","[0, 1, 1]","[4, 3]",1,1.0000000000000002,1.0000000000000002,1.0000000000000002,1.0,1.0,1.0,0.0,1.0,1.3333333333333333,1.0,3.0,0.75,0.5,0.25,1.0,1.0,3.0,1.0,1.0,1.0,1.0,1.0,1.0,1.0,1.0,1.0,1.0,1.0,1.0,1.0,1.0,1.0,1.0,1.0,1.0,1.0,1.0,1.0,1.0,1.0,1.0,1.0,1.0,1.0,1.0
0.04,245,"[0, 2, 4, 5, 6, 7]","[1, 24, 28]","[1, 24, 28]",1,1,g,"[[11, 28, 31, 32], [1, 24, 28], [12, 17, 21, 24]]","[0, 1, 0]","[4, 3]",1,1.0000000000000002,1.0000000000000002,1.0000000000000002,1.0,1.0,1.0,0.0,1.0,1.3333333333333333,1.0,3.0,0.75,0.5,0.25,1.0,1.0,3.0,1.0,1.0,1.0,1.0,1.0,1.0,1.0,1.0,1.0,1.0,1.0,1.0,1.0,1.0,1.0,1.0,1.0,1.0,1.0,1.0,1.0,1.0,1.0,1.0,1.0,1.0,1.0,1.0
0.04,246,"[1, 2, 4, 5, 6, 7]","[0, 16, 25]","[0, 16, 25]",1,1,r,"[[0, 16, 25], [0, 16, 25], [0, 16, 25]]","[1, 1, 1]","[4, 3]",1,1.0000000000000002,1.0000000000000002,1.0000000000000002,1.0,1.0,1.0,1.0,1.0,1.6666666666666665,1.5,2.5,1.0,1.0,1.0,1.0,1.0,3.0,1.0,1.0,1.0,1.0,1.0,1.0,1.0,1.0,1.0,1.0,1.0,1.0,1.0,1.0,1.0,1.0,1.0,1.0,1.0,1.0,1.0,1.0,1.0,1.0,1.0,1.0,1.0,1.0
0.04,247,"[0, 1, 2, 4, 5, 6, 7]","[1, 16, 25]","[1, 16, 25]",1,1,r,"[[1, 16, 25], [1, 16, 25], [8, 12, 17, 21, 24]]","[1, 1, 1]","[4, 3]",1,1.0000000000000002,1.0000000000000002,1.0000000000000002,1.0,1.0,1.0,0.0,0.0,1.3333333333333333,1.0,3.0,0.75,0.5,0.25,0.5,0.5,3.0,1.0,1.0,1.0,1.0,1.0,1.0,1.0,1.0,1.0,1.0,1.0,1.0,1.0,1.0,1.0,1.0,1.0,1.0,1.0,1.0,1.0,1.0,1.0,1.0,1.0,1.0,1.0,1.0
0.04,248,"[3, 4, 5, 6, 7]","[21, 24]","[21, 24]",0,0,r,"[[21, 24], [21, 24], [21, 24]]","[0, 0, 0]","[2, 3]",1,1.0000000000000002,3.000000000000001,3.000000000000001,1.0,1.0,1.0,1.0,1.0,1.6666666666666665,2.0,2.0,1.0,1.0,1.0,1.0,1.0,3.0,1.0,1.0,1.0,1.0,1.0,1.0,1.0,1.0,1.0,1.0,1.0,1.0,1.0,1.0,1.0,1.0,1.0,1.0,1.0,1.0,1.0,1.0,1.0,1.0,1.0,1.0,1.0,1.0
0.04,249,"[0, 3, 4, 5, 6, 7]","[4, 24, 28]","[12, 28, 31, 32]",0,1,r,"[[12, 28, 31, 32], [11, 17, 21, 24], [12, 20, 21, 25]]","[0, 0, 0]","[4, 3]",1,1.0000000000000002,1.0000000000000002,1.0000000000000002,1.0,1.0,1.0,0.0,0.0,1.3333333333333333,1.0,3.0,0.75,0.5,0.25,1.0,1.0,3.0,1.0,1.0,3.0,1.0,1.0,1.0,1.0,1.0,1.0,1.0,1.0,1.0,1.0,1.0,1.0,1.0,1.0,1.0,1.0,1.0,1.0,1.0,1.0,1.0,1.0,1.0,1.0,1.0
0.04,250,"[1, 3, 4, 5, 6, 7]","[15, 25]","[15, 25]",0,0,r,"[[15, 25], [15, 25], [15, 25]]","[0, 0, 0]","[2, 3]",1,1.0000000000000002,3.000000000000001,3.000000000000001,1.0,1.0,1.0,1.0,1.0,1.6666666666666665,2.0,2.0,1.0,1.0,1.0,1.0,1.0,3.0,1.0,1.0,1.0,1.0,1.0,1.0,1.0,1.0,1.0,1.0,1.0,1.0,1.0,1.0,1.0,1.0,1.0,1.0,1.0,1.0,1.0,1.0,1.0,1.0,1.0,1.0,1.0,1.0
0.04,251,"[0, 1, 3, 4, 5, 6, 7]","[4, 16, 25]","[4, 16, 25]",1,1,r,"[[4, 16, 25], [12, 15, 20, 24], [8, 11, 17, 21, 24]]","[1, 0, 1]","[4, 3]",1,1.0000000000000002,1.0000000000000002,1.0000000000000002,1.0,1.0,1.0,0.0,0.0,1.3333333333333333,1.0,3.0,0.75,0.5,0.25,1.0,1.0,3.0,1.0,1.0,1.0,1.0,1.0,1.0,1.0,1.0,1.0,1.0,1.0,1.0,1.0,1.0,1.0,1.0,1.0,1.0,1.0,1.0,1.0,1.0,1.0,1.0,1.0,1.0,1.0,1.0
0.04,252,"[2, 3, 4, 5, 6, 7]","[0, 21, 24]","[0, 21, 24]",1,1,r,"[[0, 21, 24], [0, 21, 24], [0, 21, 24]]","[1, 1, 1]","[4, 3]",1,1.0000000000000002,1.0000000000000002,1.0000000000000002,1.0,1.0,1.0,1.0,1.0,1.6666666666666665,1.0,2.5,1.0,1.0,1.0,1.0,1.0,3.0,1.0,1.0,1.0,1.0,1.0,1.0,1.0,1.0,1.0,1.0,1.0,1.0,1.0,1.0,1.0,1.0,1.0,1.0,1.0,1.0,1.0,1.0,1.0,1.0,1.0,1.0,1.0,1.0
0.04,253,"[0, 2, 3, 4, 5, 6, 7]","[1, 21, 24]","[1, 21, 24]",1,1,g,"[[4, 17, 28, 31, 32], [1, 21, 24], [12, 17, 24, 28]]","[1, 1, 0]","[4, 3]",1,1.0000000000000002,1.0000000000000002,1.0000000000000002,1.0,1.0,1.0,0.0,0.0,1.3333333333333333,1.0,3.0,0.75,0.5,0.25,1.0,1.0,3.0,1.0,1.0,1.0,1.0,1.0,1.0,1.0,1.0,1.0,1.0,1.0,1.0,1.0,1.0,1.0,1.0,1.0,1.0,1.0,1.0,1.0,1.0,1.0,1.0,1.0,1.0,1.0,1.0
0.04,254,"[1, 2, 3, 4, 5, 6, 7]","[0, 15, 25]","[0, 15, 25]",1,1,r,"[[0, 15, 25], [0, 15, 25], [0, 15, 25]]","[1, 1, 1]","[4, 3]",1,1.0000000000000002,1.0000000000000002,1.0000000000000002,1.0,1.0,1.0,1.0,1.0,1.6666666666666665,1.5,2.5,1.0,1.0,1.0,1.0,1.0,3.0,1.0,1.0,1.0,1.0,1.0,1.0,1.0,1.0,1.0,1.0,1.0,1.0,1.0,1.0,1.0,1.0,1.0,1.0,1.0,1.0,1.0,1.0,1.0,1.0,1.0,1.0,1.0,1.0
0.04,255,"[0, 1, 2, 3, 4, 5, 6, 7]","[1, 15, 25]","[1, 15, 25]",1,1,r,"[[1, 15, 25], [1, 15, 25], [8, 12, 17, 24, 28]]","[1, 1, 1]","[4, 3]",1,1.0000000000000002,1.0000000000000002,1.0000000000000002,1.0,1.0,1.0,0.0,0.0,1.3333333333333333,1.0,3.0,0.75,0.5,0.25,0.5,0.5,3.0,1.0,1.0,1.0,1.0,1.0,1.0,1.0,1.0,1.0,1.0,1.0,1.0,1.0,1.0,1.0,1.0,1.0,1.0,1.0,1.0,1.0,1.0,1.0,1.0,1.0,1.0,1.0,1.0
0.04,256,[8],[36],[36],0,0,r,"[[36], [36], [36]]","[0, 0, 0]","[1, 4]",3,3.000000000000001,3.000000000000001,3.000000000000001,3.0,3.0,3.0,3.0,3.0,3.333333333333333,3.0,4.0,3.0,3.0,3.0,3.0,3.0,4.0,3.0,3.0,3.0,3.0,3.0,3.0,3.0,3.0,3.0,3.0,3.0,3.0,3.0,3.0,3.0,3.0,3.0,3.0,3.0,3.0,3.0,3.0,3.0,3.0,3.0,3.0,3.0,3.0
0.04,257,"[0, 8]","[12, 20, 32]","[0, 1, 36]",0,0,r,"[[0, 1, 36], [11, 17, 36], [0, 1, 36]]","[0, 0, 0]","[3, 4]",1,1.0000000000000002,1.0000000000000002,1.0000000000000002,1.0,1.0,1.0,1.0,1.0,1.3333333333333333,1.0,2.0,1.0,1.0,1.0,1.0,1.0,3.0,1.0,1.0,1.0,1.0,1.0,1.0,1.0,1.0,1.0,1.0,1.0,1.0,1.0,1.0,1.0,1.0,1.0,1.0,1.0,1.0,1.0,1.0,1.0,1.0,1.0,1.0,1.0,1.0
0.04,258,"[1, 8]","[8, 36]","[8, 36]",1,1,r,"[[8, 36], [8, 36], [8, 36]]","[1, 1, 1]","[3, 2]",1,1.0000000000000002,1.0000000000000002,1.0000000000000002,1.0,1.0,1.0,1.0,1.0,1.6666666666666665,1.0,3.0,1.0,1.0,1.0,1.0,1.0,3.0,1.0,1.0,3.0,1.0,1.0,1.0,1.0,1.0,1.0,1.0,1.0,1.0,1.0,1.0,1.0,1.0,1.0,1.0,1.0,1.0,1.0,1.0,1.0,1.0,1.0,1.0,1.0,1.0
0.04,259,"[0, 1, 8]","[4, 5, 36]","[4, 5, 36]",0,0,r,"[[4, 5, 36], [4, 5, 36], [4, 5, 36]]","[0, 0, 0]","[3, 4]",1,1.0000000000000002,1.0000000000000002,1.0000000000000002,1.0,1.0,1.0,1.0,1.0,1.6666666666666665,1.0,3.0,1.0,1.0,1.0,1.0,1.0,3.0,1.0,1.0,1.0,1.0,1.0,1.0,1.0,1.0,1.0,1.0,1.0,1.0,1.0,1.0,1.0,1.0,1.0,1.0,1.0,1.0,1.0,1.0,1.0,1.0,1.0,1.0,1.0,1.0
0.04,260,"[2, 8]","[0, 36]","[0, 36]",1,1,r,"[[0, 36], [0, 36], [0, 36]]","[1, 1, 1]","[3, 2]",1,1.0000000000000002,1.0000000000000002,1.0000000000000002,1.0,1.0,1.0,1.0,1.0,1.6666666666666665,1.0,3.0,1.0,1.0,1.0,1.0,1.0,3.0,1.0,1.0,3.0,1.0,1.0,1.0,1.0,1.0,1.0,1.0,1.0,1.0,1.0,1.0,1.0,1.0,1.0,1.0,1.0,1.0,1.0,1.0,1.0,1.0,1.0,1.0,1.0,1.0
0.04,261,"[0, 2, 8]","[1, 36]","[1, 36]",1,1,r,"[[1, 36], [1, 36], [1, 36]]","[1, 1, 1]","[3, 2]",1,1.0000000000000002,1.0000000000000002,2.0000000000000004,1.0,1.0,1.0,1.0,1.0,1.6666666666666665,1.5,2.5,1.0,1.0,1.0,1.0,1.0,3.0,1.0,1.0,1.0,1.0,1.0,1.0,1.0,1.0,1.0,1.0,1.0,1.0,1.0,1.0,1.0,1.0,1.0,1.0,1.0,1.0,1.0,1.0,1.0,1.0,1.0,1.0,1.0,1.0
0.04,262,"[1, 2, 8]","[0, 8, 36]","[0, 8, 36]",0,0,r,"[[0, 8, 36], [0, 8, 36], [0, 8, 36]]","[0, 0, 0]","[3, 4]",1,1.0000000000000002,1.0000000000000002,1.0000000000000002,1.0,1.0,1.0,1.0,1.0,1.6666666666666665,1.0,3.0,1.0,1.0,1.0,1.0,1.0,3.0,1.0,1.0,3.0,1.0,1.0,1.0,1.0,1.0,1.0,1.0,1.0,1.0,1.0,1.0,1.0,1.0,1.0,1.0,1.0,1.0,1.0,1.0,1.0,1.0,1.0,1.0,1.0,1.0
0.04,263,"[0, 1, 2, 8]","[1, 8, 36]","[1, 8, 36]",0,0,r,"[[1, 8, 36], [1, 8, 36], [1, 8, 36]]","[0, 0, 0]","[3, 4]",1,1.0000000000000002,1.0000000000000002,1.0000000000000002,1.0,1.0,1.0,1.0,1.0,1.6666666666666665,1.0,2.5,1.0,1.0,1.0,1.0,0.0,3.0,1.0,1.0,1.0,1.0,1.0,1.0,1.0,1.0,1.0,1.0,1.0,1.0,1.0,1.0,1.0,1.0,1.0,1.0,1.0,1.0,1.0,1.0,1.0,1.0,1.0,1.0,1.0,1.0
0.04,264,"[3, 8]","[20, 24, 31]","[21, 28, 36]",0,0,r,"[[21, 28, 36], [5, 8, 36], [15, 16, 36]]","[0, 0, 0]","[3, 4]",1,1.0000000000000002,1.0000000000000002,1.0000000000000002,1.0,1.0,1.0,0.0,0.0,1.0,0.0,1.0,0.75,0.5,0.25,0.0,1.0,3.0,3.0,3.0,3.0,3.0,1.0,3.0,3.0,1.0,1.0,1.0,1.0,1.0,1.0,1.0,1.0,1.0,1.0,1.0,1.0,1.0,1.0,1.0,1.0,1.0,1.0,1.0,1.0,1.0
0.04,265,"[0, 3, 8]","[4, 36]","[4, 36]",1,1,r,"[[4, 36], [4, 36], [4, 36]]","[1, 1, 1]","[3, 2]",1,1.0000000000000002,1.0000000000000002,3.000000000000001,1.0,1.0,1.0,1.0,1.0,1.6666666666666665,1.5,2.5,1.0,1.0,1.0,1.0,1.0,3.0,1.0,1.0,1.0,1.0,1.0,1.0,1.0,1.0,1.0,1.0,1.0,1.0,1.0,1.0,1.0,1.0,1.0,1.0,1.0,1.0,1.0,1.0,1.0,1.0,1.0,1.0,1.0,1.0
0.04,266,"[1, 3, 8]","[5, 36]","[5, 36]",1,1,r,"[[5, 36], [5, 36], [5, 36]]","[1, 1, 1]","[3, 2]",1,1.0000000000000002,1.0000000000000002,2.0000000000000004,1.0,1.0,1.0,1.0,1.0,1.6666666666666665,1.5,2.5,1.0,1.0,1.0,1.0,1.0,3.0,1.0,1.0,1.0,1.0,1.0,1.0,1.0,1.0,1.0,1.0,1.0,1.0,1.0,1.0,1.0,1.0,1.0,1.0,1.0,1.0,1.0,1.0,1.0,1.0,1.0,1.0,1.0,1.0
0.04,267,"[0, 1, 3, 8]","[4, 8, 36]","[4, 8, 36]",0,0,r,"[[4, 8, 36], [4, 8, 36], [4, 8, 36]]","[0, 0, 0]","[3, 4]",1,1.0000000000000002,1.0000000000000002,1.0000000000000002,1.0,1.0,1.0,1.0,1.0,1.6666666666666665,1.0,3.0,1.0,1.0,1.0,1.0,1.0,3.0,1.0,1.0,1.0,1.0,1.0,1.0,1.0,1.0,1.0,1.0,1.0,1.0,1.0,1.0,1.0,1.0,1.0,1.0,1.0,1.0,1.0,1.0,1.0,1.0,1.0,1.0,1.0,1.0
0.04,268,"[2, 3, 8]","[17, 20, 32]","[1, 4, 36]",0,0,r,"[[1, 4, 36], [1, 4, 36], [1, 4, 36]]","[0, 0, 0]","[3, 4]",1,1.0000000000000002,1.0000000000000002,1.0000000000000002,1.0,1.0,1.0,1.0,1.0,1.6666666666666665,1.0,3.0,1.0,1.0,1.0,1.0,1.0,3.0,1.0,1.0,1.0,1.0,1.0,1.0,1.0,1.0,1.0,1.0,1.0,1.0,1.0,1.0,1.0,1.0,1.0,1.0,1.0,1.0,1.0,1.0,1.0,1.0,1.0,1.0,1.0,1.0
0.04,269,"[0, 2, 3, 8]","[11, 20, 32]","[0, 4, 36]",0,0,r,"[[0, 4, 36], [0, 4, 36], [0, 4, 36]]","[0, 0, 0]","[3, 4]",1,1.0000000000000002,1.0000000000000002,1.0000000000000002,1.0,1.0,1.0,1.0,1.0,1.6666666666666665,1.0,3.0,1.0,1.0,1.0,1.0,1.0,3.0,1.0,1.0,3.0,1.0,1.0,1.0,1.0,1.0,1.0,1.0,1.0,1.0,1.0,1.0,1.0,1.0,1.0,1.0,1.0,1.0,1.0,1.0,1.0,1.0,1.0,1.0,1.0,1.0
0.04,270,"[1, 2, 3, 8]","[0, 5, 36]","[0, 5, 36]",0,0,r,"[[0, 5, 36], [0, 5, 36], [0, 5, 36]]","[0, 0, 0]","[3, 4]",1,1.0000000000000002,1.0000000000000002,1.0000000000000002,1.0,1.0,1.0,1.0,1.0,1.6666666666666665,1.0,2.5,1.0,1.0,1.0,1.0,0.5,3.0,1.0,1.0,3.0,1.0,1.0,1.0,1.0,1.0,1.0,1.0,1.0,1.0,1.0,1.0,1.0,1.0,1.0,1.0,1.0,1.0,1.0,1.0,1.0,1.0,1.0,1.0,1.0,1.0
0.04,271,"[0, 1, 2, 3, 8]","[1, 5, 36]","[1, 5, 36]",0,0,r,"[[1, 5, 36], [1, 5, 36], [1, 5, 36]]","[0, 0, 0]","[3, 4]",1,1.0000000000000002,1.0000000000000002,1.0000000000000002,1.0,1.0,1.0,1.0,1.0,1.6666666666666665,1.0,2.5,1.0,1.0,1.0,1.0,0.0,3.0,1.0,1.0,1.0,1.0,1.0,1.0,1.0,1.0,1.0,1.0,1.0,1.0,1.0,1.0,1.0,1.0,1.0,1.0,1.0,1.0,1.0,1.0,1.0,1.0,1.0,1.0,1.0,1.0
0.04,272,"[4, 8]","[25, 31]","[24, 33]",0,0,r,"[[24, 33], [24, 33], [24, 33]]","[0, 0, 0]","[2, 3]",1,1.0000000000000002,1.0000000000000002,1.0000000000000002,1.0,1.0,1.0,1.0,1.0,1.6666666666666665,1.0,3.0,1.0,1.0,1.0,1.0,1.0,3.0,1.0,1.0,3.0,1.0,1.0,1.0,1.0,1.0,1.0,1.0,1.0,1.0,1.0,1.0,1.0,1.0,1.0,1.0,1.0,1.0,1.0,1.0,1.0,1.0,1.0,1.0,1.0,1.0
0.04,273,"[0, 4, 8]","[4, 20, 32]","[1, 17, 36]",1,1,r,"[[1, 17, 36], [11, 17, 24, 33], [0, 11, 36]]","[1, 0, 1]","[4, 3]",1,1.0000000000000002,1.0000000000000002,1.0000000000000002,1.0,1.0,1.0,0.0,1.0,1.0,1.0,2.0,0.75,0.5,0.25,1.0,1.0,3.0,1.0,1.0,1.0,1.0,1.0,1.0,1.0,1.0,1.0,1.0,1.0,1.0,1.0,1.0,1.0,1.0,1.0,1.0,1.0,1.0,1.0,1.0,1.0,1.0,1.0,1.0,1.0,1.0
0.04,274,"[1, 4, 8]","[8, 25, 31]","[8, 24, 33]",1,1,r,"[[8, 24, 33], [8, 24, 33], [8, 24, 33]]","[1, 1, 1]","[4, 3]",1,1.0000000000000002,1.0000000000000002,1.0000000000000002,1.0,1.0,1.0,1.0,1.0,1.6666666666666665,1.0,3.0,1.0,1.0,1.0,1.0,1.0,3.0,1.0,1.0,3.0,1.0,1.0,1.0,1.0,1.0,1.0,1.0,1.0,1.0,1.0,1.0,1.0,1.0,1.0,1.0,1.0,1.0,1.0,1.0,1.0,1.0,1.0,1.0,1.0,1.0
0.04,275,"[0, 1, 4, 8]","[5, 12, 36]","[5, 12, 36]",1,1,r,"[[5, 12, 36], [4, 5, 24, 33], [5, 12, 36]]","[1, 0, 1]","[4, 3]",1,1.0000000000000002,1.0000000000000002,1.0000000000000002,1.0,1.0,1.0,0.0,1.0,1.3333333333333333,1.0,2.5,0.75,0.5,0.25,0.5,0.5,3.0,1.0,1.0,1.0,1.0,1.0,1.0,1.0,1.0,1.0,1.0,1.0,1.0,1.0,1.0,1.0,1.0,1.0,1.0,1.0,1.0,1.0,1.0,1.0,1.0,1.0,1.0,1.0,1.0
0.04,276,"[2, 4, 8]","[17, 36]","[17, 36]",0,0,r,"[[17, 36], [17, 36], [17, 36]]","[0, 0, 0]","[2, 3]",1,1.0000000000000002,1.0000000000000002,1.0000000000000002,1.0,1.0,1.0,1.0,1.0,1.6666666666666665,1.0,3.0,1.0,1.0,1.0,1.0,0.5,3.0,1.0,1.0,3.0,1.0,1.0,1.0,1.0,1.0,1.0,1.0,1.0,1.0,1.0,1.0,1.0,1.0,1.0,1.0,1.0,1.0,1.0,1.0,1.0,1.0,1.0,1.0,1.0,1.0
0.04,277,"[0, 2, 4, 8]","[11, 36]","[11, 36]",0,0,r,"[[11, 36], [11, 36], [11, 36]]","[0, 0, 0]","[2, 3]",1,1.0000000000000002,1.0000000000000002,2.0000000000000004,1.0,1.0,1.0,1.0,1.0,1.6666666666666667,1.5,2.5,1.0,1.0,1.0,1.0,1.0,3.0,1.0,1.0,1.0,1.0,1.0,1.0,1.0,1.0,1.0,1.0,1.0,1.0,1.0,1.0,1.0,1.0,1.0,1.0,1.0,1.0,1.0,1.0,1.0,1.0,1.0,1.0,1.0,1.0
0.04,278,"[1, 2, 4, 8]","[8, 17, 36]","[8, 17, 36]",1,1,r,"[[8, 17, 36], [8, 17, 36], [8, 17, 36]]","[1, 1, 1]","[4, 3]",1,1.0000000000000002,1.0000000000000002,1.0000000000000002,1.0,1.0,1.0,1.0,1.0,1.6666666666666665,1.0,2.5,1.0,1.0,1.0,1.0,0.5,3.0,1.0,1.0,1.0,1.0,1.0,1.0,1.0,1.0,1.0,1.0,1.0,1.0,1.0,1.0,1.0,1.0,1.0,1.0,1.0,1.0,1.0,1.0,1.0,1.0,1.0,1.0,1.0,1.0
0.04,279,"[0, 1, 2, 4, 8]","[8, 11, 36]","[8, 11, 36]",1,1,r,"[[8, 11, 36], [8, 11, 36], [8, 11, 36]]","[1, 1, 1]","[4, 3]",1,1.0000000000000002,1.0000000000000002,1.0000000000000002,1.0,1.0,1.0,1.0,1.0,1.6666666666666665,1.0,2.5,1.0,1.0,1.0,1.0,1.0,3.0,1.0,1.0,1.0,1.0,1.0,1.0,1.0,1.0,1.0,1.0,1.0,1.0,1.0,1.0,1.0,1.0,1.0,1.0,1.0,1.0,1.0,1.0,1.0,1.0,1.0,1.0,1.0,1.0
0.04,280,"[3, 4, 8]","[20, 32]","[20, 32]",0,0,r,"[[20, 32], [20, 32], [11, 12, 17, 36]]","[0, 0, 0]","[2, 5]",3,1.0000000000000002,3.0,3.0,1.0,1.0,1.0,0.0,0.0,2.0,2.0,4.0,1.0,1.0,0.75,1.0,1.0,4.0,3.0,3.0,5.0,3.0,3.0,3.0,3.0,3.0,3.0,3.0,3.0,3.0,3.0,3.0,3.0,3.0,3.0,3.0,3.0,3.0,3.0,3.0,3.0,3.0,3.0,3.0,3.0,3.0
0.04,281,"[0, 3, 4, 8]","[12, 36]","[12, 36]",0,0,r,"[[12, 36], [12, 36], [12, 36]]","[0, 0, 0]","[2, 3]",1,1.0000000000000002,1.0000000000000002,3.000000000000001,1.0,1.0,1.0,1.0,1.0,1.6666666666666667,1.5,2.5,1.0,1.0,1.0,1.0,0.5,3.0,1.0,1.0,1.0,1.0,1.0,1.0,1.0,1.0,1.0,1.0,1.0,1.0,1.0,1.0,1.0,1.0,1.0,1.0,1.0,1.0,1.0,1.0,1.0,1.0,1.0,1.0,1.0,1.0
0.04,282,"[1, 3, 4, 8]","[5, 25, 31]","[5, 24, 33]",1,1,r,"[[5, 24, 33], [8, 20, 32], [5, 24, 33]]","[1, 1, 1]","[4, 3]",1,1.0000000000000002,1.0000000000000002,1.0000000000000002,1.0,1.0,1.0,0.5,0.5,1.5,1.0,2.5,0.875,0.75,0.625,1.0,1.0,3.0,1.0,1.0,3.0,1.0,1.0,1.0,1.0,1.0,1.0,1.0,1.0,1.0,1.0,1.0,1.0,1.0,1.0,1.0,1.0,1.0,1.0,1.0,1.0,1.0,1.0,1.0,1.0,1.0
0.04,283,"[0, 1, 3, 4, 8]","[8, 12, 36]","[8, 12, 36]",1,1,r,"[[8, 12, 36], [8, 12, 36], [8, 12, 36]]","[1, 1, 1]","[4, 3]",1,1.0000000000000002,1.0000000000000002,1.0000000000000002,1.0,1.0,1.0,1.0,1.0,1.6666666666666665,1.0,2.5,1.0,1.0,1.0,1.0,0.5,3.0,1.0,1.0,3.0,1.0,1.0,1.0,1.0,1.0,1.0,1.0,1.0,1.0,1.0,1.0,1.0,1.0,1.0,1.0,1.0,1.0,1.0,1.0,1.0,1.0,1.0,1.0,1.0,1.0
0.04,284,"[2, 3, 4, 8]","[0, 20, 32]","[1, 12, 36]",1,1,r,"[[1, 12, 36], [4, 11, 36], [1, 4, 24, 33]]","[1, 1, 0]","[4, 3]",1,1.0000000000000002,1.0000000000000002,1.0000000000000002,1.0,1.0,1.0,0.0,1.0,1.3333333333333333,1.0,3.0,0.75,0.5,0.25,1.0,1.0,3.0,1.0,1.0,1.0,1.0,1.0,1.0,1.0,1.0,1.0,1.0,1.0,1.0,1.0,1.0,1.0,1.0,1.0,1.0,1.0,1.0,1.0,1.0,1.0,1.0,1.0,1.0,1.0,1.0
0.04,285,"[0, 2, 3, 4, 8]","[1, 20, 32]","[4, 17, 36]",1,1,r,"[[4, 17, 36], [4, 17, 36], [0, 12, 36]]","[1, 1, 1]","[4, 3]",1,1.0000000000000002,1.0000000000000002,1.0000000000000002,1.0,1.0,1.0,1.0,1.0,1.6666666666666665,1.0,3.0,1.0,1.0,1.0,1.0,1.0,3.0,1.0,1.0,1.0,1.0,1.0,1.0,1.0,1.0,1.0,1.0,1.0,1.0,1.0,1.0,1.0,1.0,1.0,1.0,1.0,1.0,1.0,1.0,1.0,1.0,1.0,1.0,1.0,1.0
0.04,286,"[1, 2, 3, 4, 8]","[5, 17, 36]","[5, 17, 36]",1,1,r,"[[5, 17, 36], [5, 17, 36], [5, 17, 36]]","[1, 1, 1]","[4, 3]",1,1.0000000000000002,1.0000000000000002,1.0000000000000002,1.0,1.0,1.0,1.0,1.0,1.6666666666666665,1.0,2.5,1.0,1.0,1.0,1.0,0.5,3.0,1.0,1.0,1.0,1.0,1.0,1.0,1.0,1.0,1.0,1.0,1.0,1.0,1.0,1.0,1.0,1.0,1.0,1.0,1.0,1.0,1.0,1.0,1.0,1.0,1.0,1.0,1.0,1.0
0.04,287,"[0, 1, 2, 3, 4, 8]","[5, 11, 36]","[5, 11, 36]",1,1,r,"[[5, 11, 36], [5, 11, 36], [5, 11, 36]]","[1, 1, 1]","[4, 3]",1,1.0000000000000002,1.0000000000000002,1.0000000000000002,1.0,1.0,1.0,0.5,0.5,1.6666666666666665,1.5,2.5,1.0,1.0,0.875,0.5,0.5,3.0,1.0,1.0,1.0,1.0,1.0,1.0,1.0,1.0,1.0,1.0,1.0,1.0,1.0,1.0,1.0,1.0,1.0,1.0,1.0,1.0,1.0,1.0,1.0,1.0,1.0,1.0,1.0,1.0
0.04,288,"[5, 8]","[28, 32]","[28, 32]",0,0,r,"[[28, 32], [28, 32], [28, 32]]","[0, 0, 0]","[2, 3]",1,1.0000000000000002,1.0000000000000002,1.0000000000000002,1.0,1.0,1.0,1.0,1.0,1.6666666666666665,1.0,3.0,1.0,1.0,1.0,1.0,1.0,3.0,1.0,1.0,1.0,1.0,1.0,1.0,1.0,1.0,1.0,1.0,1.0,1.0,1.0,1.0,1.0,1.0,1.0,1.0,1.0,1.0,1.0,1.0,1.0,1.0,1.0,1.0,1.0,1.0
0.04,289,"[0, 5, 8]","[4, 21, 32]","[4, 21, 32]",1,1,b,"[[0, 1, 28, 32], [11, 17, 28, 32], [4, 21, 32]]","[0, 0, 1]","[4, 3]",1,1.0000000000000002,1.0000000000000002,1.0000000000000002,1.0,1.0,1.0,0.0,1.0,1.0,0.0,3.0,0.75,0.5,0.25,1.0,1.0,3.0,1.0,1.0,1.0,1.0,1.0,1.0,1.0,1.0,1.0,1.0,1.0,1.0,1.0,1.0,1.0,1.0,1.0,1.0,1.0,1.0,1.0,1.0,1.0,1.0,1.0,1.0,1.0,1.0
0.04,290,"[1, 5, 8]","[16, 36]","[16, 36]",0,0,r,"[[16, 36], [16, 36], [16, 36]]","[0, 0, 0]","[2, 3]",1,1.0000000000000002,1.0000000000000002,1.0000000000000002,1.0,1.0,1.0,1.0,1.0,1.6666666666666665,1.0,3.0,1.0,1.0,1.0,1.0,0.0,3.0,1.0,1.0,3.0,1.0,1.0,1.0,1.0,1.0,1.0,1.0,1.0,1.0,1.0,1.0,1.0,1.0,1.0,1.0,1.0,1.0,1.0,1.0,1.0,1.0,1.0,1.0,1.0,1.0
0.04,291,"[0, 1, 5, 8]","[4, 15, 36]","[4, 15, 36]",1,1,r,"[[4, 15, 36], [4, 5, 28, 32], [4, 15, 36]]","[1, 0, 1]","[4, 3]",1,1.0000000000000002,1.0000000000000002,1.0000000000000002,1.0,1.0,1.0,0.0,1.0,1.5,1.0,3.0,0.75,0.5,0.25,0.5,1.0,3.0,1.0,1.0,1.0,1.0,1.0,1.0,1.0,1.0,1.0,1.0,1.0,1.0,1.0,1.0,1.0,1.0,1.0,1.0,1.0,1.0,1.0,1.0,1.0,1.0,1.0,1.0,1.0,1.0
0.04,292,"[2, 5, 8]","[0, 28, 32]","[0, 28, 32]",1,1,r,"[[0, 28, 32], [0, 28, 32], [0, 28, 32]]","[1, 1, 1]","[4, 3]",1,1.0000000000000002,1.0000000000000002,1.0000000000000002,1.0,1.0,1.0,1.0,1.0,1.6666666666666665,1.0,3.0,1.0,1.0,1.0,1.0,1.0,3.0,1.0,1.0,3.0,1.0,1.0,1.0,1.0,1.0,1.0,1.0,1.0,1.0,1.0,1.0,1.0,1.0,1.0,1.0,1.0,1.0,1.0,1.0,1.0,1.0,1.0,1.0,1.0,1.0
0.04,293,"[0, 2, 5, 8]","[1, 28, 32]","[1, 28, 32]",1,1,r,"[[1, 28, 32], [1, 28, 32], [1, 28, 32]]","[1, 1, 1]","[4, 3]",1,1.0000000000000002,1.0000000000000002,1.0000000000000002,1.0,1.0,1.0,1.0,1.0,1.6666666666666665,1.0,3.0,1.0,1.0,1.0,1.0,1.0,3.0,1.0,1.0,3.0,1.0,1.0,1.0,1.0,1.0,1.0,1.0,1.0,1.0,1.0,1.0,1.0,1.0,1.0,1.0,1.0,1.0,1.0,1.0,1.0,1.0,1.0,1.0,1.0,1.0
0.04,294,"[1, 2, 5, 8]","[0, 16, 36]","[0, 16, 36]",1,1,r,"[[0, 16, 36], [0, 16, 36], [0, 16, 36]]","[1, 1, 1]","[4, 3]",1,1.0000000000000002,1.0000000000000002,1.0000000000000002,1.0,1.0,1.0,1.0,1.0,1.6666666666666665,1.0,2.5,1.0,1.0,1.0,1.0,1.0,3.0,1.0,1.0,1.0,1.0,1.0,1.0,1.0,1.0,1.0,1.0,1.0,1.0,1.0,1.0,1.0,1.0,1.0,1.0,1.0,1.0,1.0,1.0,1.0,1.0,1.0,1.0,1.0,1.0
0.04,295,"[0, 1, 2, 5, 8]","[1, 16, 36]","[1, 16, 36]",1,1,r,"[[1, 16, 36], [1, 16, 36], [1, 16, 36]]","[1, 1, 1]","[4, 3]",1,1.0000000000000002,1.0000000000000002,1.0000000000000002,1.0,1.0,1.0,1.0,1.0,1.6666666666666665,1.0,2.5,1.0,1.0,1.0,1.0,1.0,3.0,1.0,1.0,1.0,1.0,1.0,1.0,1.0,1.0,1.0,1.0,1.0,1.0,1.0,1.0,1.0,1.0,1.0,1.0,1.0,1.0,1.0,1.0,1.0,1.0,1.0,1.0,1.0,1.0
0.04,296,"[3, 5, 8]","[21, 32]","[21, 32]",0,0,r,"[[21, 32], [21, 32], [21, 32]]","[0, 0, 0]","[2, 3]",1,1.0000000000000002,2.0000000000000004,2.0000000000000004,1.0,1.0,1.0,0.5,0.5,1.8333333333333333,2.0,2.5,1.0,1.0,0.875,1.0,1.0,3.0,1.0,1.0,1.0,1.0,1.0,1.0,1.0,1.0,1.0,1.0,1.0,1.0,1.0,1.0,1.0,1.0,1.0,1.0,1.0,1.0,1.0,1.0,1.0,1.0,1.0,1.0,1.0,1.0
0.04,297,"[0, 3, 5, 8]","[4, 28, 32]","[4, 28, 32]",1,1,r,"[[4, 28, 32], [11, 17, 21, 32], [4, 28, 32]]","[1, 0, 1]","[4, 3]",1,1.0000000000000002,1.0000000000000002,1.0000000000000002,1.0,1.0,1.0,0.0,1.0,1.3333333333333333,1.0,3.0,0.75,0.5,0.25,0.0,1.0,3.0,1.0,1.0,1.0,1.0,1.0,1.0,1.0,1.0,1.0,1.0,1.0,1.0,1.0,1.0,1.0,1.0,1.0,1.0,1.0,1.0,1.0,1.0,1.0,1.0,1.0,1.0,1.0,1.0
0.04,298,"[1, 3, 5, 8]","[15, 36]","[15, 36]",0,0,r,"[[15, 36], [15, 36], [15, 36]]","[0, 0, 0]","[2, 3]",1,1.0000000000000002,1.0000000000000002,1.0000000000000002,1.0,1.0,1.0,1.0,1.0,1.6666666666666665,1.5,2.5,1.0,1.0,1.0,1.0,1.0,3.0,1.0,1.0,1.0,1.0,1.0,1.0,1.0,1.0,1.0,1.0,1.0,1.0,1.0,1.0,1.0,1.0,1.0,1.0,1.0,1.0,1.0,1.0,1.0,1.0,1.0,1.0,1.0,1.0
0.04,299,"[0, 1, 3, 5, 8]","[4, 16, 36]","[4, 16, 36]",1,1,r,"[[4, 16, 36], [4, 5, 21, 32], [4, 16, 36]]","[1, 0, 1]","[4, 3]",1,1.0000000000000002,1.0000000000000002,1.0000000000000002,1.0,1.0,1.0,0.0,1.0,1.5,1.0,3.0,0.75,0.5,0.25,0.5,1.0,3.0,1.0,1.0,1.0,1.0,1.0,1.0,1.0,1.0,1.0,1.0,1.0,1.0,1.0,1.0,1.0,1.0,1.0,1.0,1.0,1.0,1.0,1.0,1.0,1.0,1.0,1.0,1.0,1.0
0.04,300,"[2, 3, 5, 8]","[0, 21, 32]","[0, 21, 32]",1,1,g,"[[1, 4, 28, 32], [0, 21, 32], [0, 21, 32]]","[0, 1, 1]","[4, 3]",1,1.0000000000000002,1.0000000000000002,1.0000000000000002,1.0,1.0,1.0,0.0,1.0,1.3333333333333333,1.0,2.5,0.75,0.5,0.25,1.0,1.0,3.0,1.0,1.0,1.0,1.0,1.0,1.0,1.0,1.0,1.0,1.0,1.0,1.0,1.0,1.0,1.0,1.0,1.0,1.0,1.0,1.0,1.0,1.0,1.0,1.0,1.0,1.0,1.0,1.0
0.04,301,"[0, 2, 3, 5, 8]","[1, 21, 32]","[1, 21, 32]",1,1,g,"[[0, 4, 28, 32], [1, 21, 32], [1, 21, 32]]","[0, 1, 1]","[4, 3]",1,1.0000000000000002,1.0000000000000002,1.0000000000000002,1.0,1.0,1.0,0.0,1.0,1.3333333333333333,1.0,2.5,0.75,0.5,0.25,1.0,1.0,3.0,1.0,1.0,1.0,1.0,1.0,1.0,1.0,1.0,1.0,1.0,1.0,1.0,1.0,1.0,1.0,1.0,1.0,1.0,1.0,1.0,1.0,1.0,1.0,1.0,1.0,1.0,1.0,1.0
0.04,302,"[1, 2, 3, 5, 8]","[0, 15, 36]","[0, 15, 36]",1,1,r,"[[0, 15, 36], [0, 15, 36], [0, 15, 36]]","[1, 1, 1]","[4, 3]",1,1.0000000000000002,1.0000000000000002,1.0000000000000002,1.0,1.0,1.0,1.0,1.0,1.6666666666666665,1.0,2.5,1.0,1.0,1.0,1.0,1.0,3.0,1.0,1.0,1.0,1.0,1.0,1.0,1.0,1.0,1.0,1.0,1.0,1.0,1.0,1.0,1.0,1.0,1.0,1.0,1.0,1.0,1.0,1.0,1.0,1.0,1.0,1.0,1.0,1.0
0.04,303,"[0, 1, 2, 3, 5, 8]","[1, 15, 36]","[1, 15, 36]",1,1,r,"[[1, 15, 36], [1, 15, 36], [1, 15, 36]]","[1, 1, 1]","[4, 3]",1,1.0000000000000002,1.0000000000000002,1.0000000000000002,1.0,1.0,1.0,1.0,1.0,1.6666666666666665,1.5,2.5,1.0,1.0,1.0,1.0,1.0,3.0,1.0,1.0,1.0,1.0,1.0,1.0,1.0,1.0,1.0,1.0,1.0,1.0,1.0,1.0,1.0,1.0,1.0,1.0,1.0,1.0,1.0,1.0,1.0,1.0,1.0,1.0,1.0,1.0
0.04,304,"[4, 5, 8]","[24, 28, 31]","[20, 21, 36]",0,0,r,"[[20, 21, 36], [20, 21, 36], [25, 28, 33]]","[0, 0, 0]","[3, 4]",1,1.0000000000000002,1.0000000000000002,1.0000000000000002,1.0,1.0,1.0,1.0,1.0,1.6666666666666665,1.0,3.0,1.0,1.0,1.0,1.0,1.0,3.0,1.0,1.0,3.0,1.0,1.0,1.0,1.0,1.0,1.0,1.0,1.0,1.0,1.0,1.0,1.0,1.0,1.0,1.0,1.0,1.0,1.0,1.0,1.0,1.0,1.0,1.0,1.0,1.0
0.04,305,"[0, 4, 5, 8]","[12, 21, 32]","[12, 21, 32]",0,0,g,"[[1, 17, 28, 32], [12, 21, 32], [12, 21, 32]]","[1, 0, 0]","[3, 4]",1,1.0000000000000002,1.0000000000000002,1.0000000000000002,1.0,1.0,1.0,0.0,1.0,1.5,1.0,3.0,0.75,0.5,0.25,1.0,1.0,3.0,1.0,1.0,1.0,1.0,1.0,1.0,1.0,1.0,1.0,1.0,1.0,1.0,1.0,1.0,1.0,1.0,1.0,1.0,1.0,1.0,1.0,1.0,1.0,1.0,1.0,1.0,1.0,1.0
0.04,306,"[1, 4, 5, 8]","[16, 25, 31]","[16, 24, 33]",0,0,r,"[[16, 24, 33], [15, 20, 32], [16, 24, 33]]","[0, 0, 0]","[3, 4]",1,1.0000000000000002,1.0000000000000002,1.0000000000000002,1.0,1.0,1.0,1.0,1.0,1.8333333333333335,1.0,3.5,1.0,1.0,1.0,1.0,1.0,3.0,1.0,1.0,3.0,1.0,1.0,1.0,1.0,1.0,1.0,1.0,1.0,1.0,1.0,1.0,1.0,1.0,1.0,1.0,1.0,1.0,1.0,1.0,1.0,1.0,1.0,1.0,1.0,1.0
0.04,307,"[0, 1, 4, 5, 8]","[12, 15, 36]","[12, 15, 36]",0,0,r,"[[12, 15, 36], [12, 15, 36], [12, 15, 36]]","[0, 0, 0]","[3, 4]",1,1.0000000000000002,1.0000000000000002,1.0000000000000002,1.0,1.0,1.0,1.0,1.0,1.6666666666666665,1.5,2.0,1.0,1.0,1.0,1.0,1.0,3.0,1.0,1.0,1.0,1.0,1.0,1.0,1.0,1.0,1.0,1.0,1.0,1.0,1.0,1.0,1.0,1.0,1.0,1.0,1.0,1.0,1.0,1.0,1.0,1.0,1.0,1.0,1.0,1.0
0.04,308,"[2, 4, 5, 8]","[17, 28, 32]","[17, 28, 32]",0,0,r,"[[17, 28, 32], [17, 28, 32], [0, 25, 28, 33]]","[0, 0, 1]","[3, 4]",1,1.0000000000000002,1.0000000000000002,1.0000000000000002,1.0,1.0,1.0,0.0,1.0,1.6666666666666665,1.0,3.0,0.75,0.5,0.25,0.5,0.5,3.0,1.0,1.0,1.0,1.0,1.0,1.0,1.0,1.0,1.0,1.0,1.0,1.0,1.0,1.0,1.0,1.0,1.0,1.0,1.0,1.0,1.0,1.0,1.0,1.0,1.0,1.0,1.0,1.0
0.04,309,"[0, 2, 4, 5, 8]","[11, 28, 32]","[11, 28, 32]",0,0,r,"[[11, 28, 32], [11, 28, 32], [11, 28, 32]]","[0, 0, 0]","[3, 4]",1,1.0000000000000002,1.0000000000000002,1.0000000000000002,1.0,1.0,1.0,1.0,1.0,1.6666666666666665,1.0,2.5,1.0,1.0,1.0,1.0,1.0,3.0,1.0,1.0,3.0,1.0,1.0,1.0,1.0,1.0,1.0,1.0,1.0,1.0,1.0,1.0,1.0,1.0,1.0,1.0,1.0,1.0,1.0,1.0,1.0,1.0,1.0,1.0,1.0,1.0
0.04,310,"[1, 2, 4, 5, 8]","[16, 17, 36]","[16, 17, 36]",0,0,r,"[[16, 17, 36], [16, 17, 36], [16, 17, 36]]","[0, 0, 0]","[3, 4]",1,1.0000000000000002,1.0000000000000002,1.0000000000000002,1.0,1.0,1.0,1.0,1.0,1.6666666666666665,1.0,3.0,1.0,1.0,1.0,1.0,0.5,3.0,1.0,1.0,3.0,1.0,1.0,1.0,1.0,1.0,1.0,1.0,1.0,1.0,1.0,1.0,1.0,1.0,1.0,1.0,1.0,1.0,1.0,1.0,1.0,1.0,1.0,1.0,1.0,1.0
0.04,311,"[0, 1, 2, 4, 5, 8]","[11, 16, 36]","[11, 16, 36]",0,0,r,"[[11, 16, 36], [11, 16, 36], [11, 16, 36]]","[0, 0, 0]","[3, 4]",1,1.0000000000000002,1.0000000000000002,1.0000000000000002,1.0,1.0,1.0,1.0,1.0,1.6666666666666665,1.0,2.0,1.0,1.0,1.0,1.0,1.0,3.0,1.0,1.0,1.0,1.0,1.0,1.0,1.0,1.0,1.0,1.0,1.0,1.0,1.0,1.0,1.0,1.0,1.0,1.0,1.0,1.0,1.0,1.0,1.0,1.0,1.0,1.0,1.0,1.0
0.04,312,"[3, 4, 5, 8]","[21, 24, 31]","[20, 28, 36]",0,0,r,"[[20, 28, 36], [21, 24, 31], [21, 25, 33]]","[0, 0, 0]","[3, 4]",1,1.0000000000000002,1.0000000000000002,1.0000000000000002,1.0,1.0,1.0,1.0,1.0,1.6666666666666665,1.0,3.0,1.0,1.0,1.0,1.0,1.0,3.0,3.0,3.0,3.0,3.0,1.0,3.0,3.0,3.0,3.0,1.0,1.0,1.0,1.0,1.0,1.0,1.0,1.0,1.0,1.0,1.0,1.0,1.0,1.0,1.0,1.0,1.0,1.0,1.0
0.04,313,"[0, 3, 4, 5, 8]","[12, 28, 32]","[12, 28, 32]",0,0,r,"[[12, 28, 32], [11, 17, 21, 24, 31], [12, 28, 32]]","[0, 0, 0]","[3, 4]",1,1.0000000000000002,1.0000000000000002,1.0000000000000002,1.0,1.0,1.0,0.0,0.0,1.1666666666666665,1.0,2.5,0.75,0.5,0.25,0.0,0.5,3.0,1.0,1.0,3.0,1.0,1.0,1.0,1.0,1.0,1.0,1.0,1.0,1.0,1.0,1.0,1.0,1.0,1.0,1.0,1.0,1.0,1.0,1.0,1.0,1.0,1.0,1.0,1.0,1.0
0.04,314,"[1, 3, 4, 5, 8]","[15, 25, 31]","[15, 24, 33]",0,0,r,"[[15, 24, 33], [15, 24, 33], [15, 24, 33]]","[0, 0, 0]","[3, 4]",1,1.0000000000000002,1.0000000000000002,1.0000000000000002,1.0,1.0,1.0,0.5,0.5,1.6666666666666665,1.0,2.5,0.875,0.75,0.625,1.0,1.0,3.0,1.0,1.0,3.0,1.0,1.0,1.0,1.0,1.0,1.0,1.0,1.0,1.0,1.0,1.0,1.0,1.0,1.0,1.0,1.0,1.0,1.0,1.0,1.0,1.0,1.0,1.0,1.0,1.0
0.04,315,"[0, 1, 3, 4, 5, 8]","[12, 16, 36]","[12, 16, 36]",0,0,r,"[[12, 16, 36], [4, 5, 21, 24, 31], [12, 16, 36]]","[0, 0, 0]","[3, 4]",1,1.0000000000000002,1.0000000000000002,1.0000000000000002,1.0,1.0,1.0,0.0,0.0,1.3333333333333333,1.0,3.0,0.75,0.5,0.25,0.5,0.5,3.0,1.0,1.0,1.0,1.0,1.0,1.0,1.0,1.0,1.0,1.0,1.0,1.0,1.0,1.0,1.0,1.0,1.0,1.0,1.0,1.0,1.0,1.0,1.0,1.0,1.0,1.0,1.0,1.0
0.04,316,"[2, 3, 4, 5, 8]","[17, 21, 32]","[17, 21, 32]",0,0,g,"[[1, 12, 28, 32], [17, 21, 32], [0, 21, 25, 33]]","[1, 0, 1]","[3, 4]",1,1.0000000000000002,1.0000000000000002,1.0000000000000002,1.0,1.0,1.0,1.0,1.0,1.6666666666666665,1.0,3.0,1.0,1.0,1.0,1.0,1.0,3.0,1.0,1.0,1.0,1.0,1.0,1.0,1.0,1.0,1.0,1.0,1.0,1.0,1.0,1.0,1.0,1.0,1.0,1.0,1.0,1.0,1.0,1.0,1.0,1.0,1.0,1.0,1.0,1.0
0.04,317,"[0, 2, 3, 4, 5, 8]","[11, 21, 32]","[11, 21, 32]",0,0,g,"[[4, 17, 28, 32], [11, 21, 32], [11, 21, 32]]","[1, 0, 0]","[3, 4]",1,1.0000000000000002,1.0000000000000002,1.0000000000000002,1.0,1.0,1.0,0.0,1.0,1.5,1.0,2.5,0.75,0.5,0.25,1.0,1.0,3.0,1.0,1.0,1.0,1.0,1.0,1.0,1.0,1.0,1.0,1.0,1.0,1.0,1.0,1.0,1.0,1.0,1.0,1.0,1.0,1.0,1.0,1.0,1.0,1.0,1.0,1.0,1.0,1.0
0.04,318,"[1, 2, 3, 4, 5, 8]","[15, 17, 36]","[15, 17, 36]",0,0,r,"[[15, 17, 36], [15, 17, 36], [15, 17, 36]]","[0, 0, 0]","[3, 4]",1,1.0000000000000002,1.0000000000000002,1.0000000000000002,1.0,1.0,1.0,1.0,1.0,1.6666666666666665,1.0,2.5,1.0,1.0,1.0,1.0,0.5,3.0,1.0,1.0,3.0,1.0,1.0,1.0,1.0,1.0,1.0,1.0,1.0,1.0,1.0,1.0,1.0,1.0,1.0,1.0,1.0,1.0,1.0,1.0,1.0,1.0,1.0,1.0,1.0,1.0
0.04,319,"[0, 1, 2, 3, 4, 5, 8]","[11, 15, 36]","[11, 15, 36]",0,0,r,"[[11, 15, 36], [11, 15, 36], [11, 15, 36]]","[0, 0, 0]","[3, 4]",1,1.0000000000000002,1.0000000000000002,1.0000000000000002,1.0,1.0,1.0,1.0,1.0,1.6666666666666665,1.5,2.0,1.0,1.0,1.0,1.0,1.0,3.0,1.0,1.0,1.0,1.0,1.0,1.0,1.0,1.0,1.0,1.0,1.0,1.0,1.0,1.0,1.0,1.0,1.0,1.0,1.0,1.0,1.0,1.0,1.0,1.0,1.0,1.0,1.0,1.0
0.04,320,"[6, 8]",[32],[32],0,0,r,"[[32], [32], [32]]","[0, 0, 0]","[1, 4]",3,3.0,3.0,3.000000000000001,3.0,3.0,3.0,3.0,3.0,3.333333333333333,3.0,3.5,3.0,3.0,3.0,3.0,1.5,4.0,3.0,3.0,3.0,3.0,3.0,3.0,3.0,3.0,3.0,3.0,3.0,3.0,3.0,3.0,3.0,3.0,3.0,3.0,3.0,3.0,3.0,3.0,3.0,3.0,3.0,3.0,3.0,3.0
0.04,321,"[0, 6, 8]","[11, 17, 32]","[12, 20, 36]",0,0,r,"[[12, 20, 36], [12, 20, 36], [0, 1, 32]]","[0, 0, 0]","[3, 4]",1,1.0000000000000002,1.0000000000000002,1.0000000000000002,1.0,1.0,1.0,1.0,1.0,1.6666666666666665,1.0,3.0,1.0,1.0,1.0,1.0,1.0,3.0,1.0,1.0,3.0,1.0,1.0,1.0,1.0,1.0,1.0,1.0,1.0,1.0,1.0,1.0,1.0,1.0,1.0,1.0,1.0,1.0,1.0,1.0,1.0,1.0,1.0,1.0,1.0,1.0
0.04,322,"[1, 6, 8]","[8, 32]","[8, 32]",1,1,r,"[[8, 32], [8, 32], [8, 32]]","[1, 1, 1]","[3, 2]",1,1.0000000000000002,1.0000000000000002,1.0000000000000002,1.0,1.0,1.0,1.0,1.0,1.6666666666666665,1.0,3.0,1.0,1.0,1.0,1.0,0.5,3.0,1.0,1.0,3.0,1.0,1.0,1.0,1.0,1.0,1.0,1.0,1.0,1.0,1.0,1.0,1.0,1.0,1.0,1.0,1.0,1.0,1.0,1.0,1.0,1.0,1.0,1.0,1.0,1.0
0.04,323,"[0, 1, 6, 8]","[4, 5, 32]","[4, 5, 32]",0,0,r,"[[4, 5, 32], [4, 5, 32], [4, 5, 32]]","[0, 0, 0]","[3, 4]",1,1.0000000000000002,1.0000000000000002,1.0000000000000002,1.0,1.0,1.0,1.0,1.0,1.6666666666666665,1.0,3.0,1.0,1.0,1.0,1.0,1.0,3.0,1.0,1.0,1.0,1.0,1.0,1.0,1.0,1.0,1.0,1.0,1.0,1.0,1.0,1.0,1.0,1.0,1.0,1.0,1.0,1.0,1.0,1.0,1.0,1.0,1.0,1.0,1.0,1.0
0.04,324,"[2, 6, 8]","[0, 32]","[0, 32]",1,1,r,"[[0, 32], [0, 32], [0, 32]]","[1, 1, 1]","[3, 2]",1,1.0000000000000002,2.0000000000000004,2.0000000000000004,1.0,1.0,1.0,1.0,1.0,1.6666666666666665,1.5,2.5,1.0,1.0,1.0,1.0,1.0,3.0,1.0,1.0,1.0,1.0,1.0,1.0,1.0,1.0,1.0,1.0,1.0,1.0,1.0,1.0,1.0,1.0,1.0,1.0,1.0,1.0,1.0,1.0,1.0,1.0,1.0,1.0,1.0,1.0
0.04,325,"[0, 2, 6, 8]","[1, 32]","[1, 32]",1,1,r,"[[1, 32], [1, 32], [1, 32]]","[1, 1, 1]","[3, 2]",1,2.0000000000000004,2.0000000000000004,2.0000000000000004,1.0,3.0,2.0,1.0,1.0,2.1666666666666665,2.5,3.0,1.75,1.5,1.25,1.5,1.5,4.0,3.0,3.0,3.0,3.0,3.0,3.0,1.0,3.0,3.0,3.0,3.0,3.0,3.0,3.0,1.0,3.0,1.0,1.0,1.0,1.0,1.0,1.0,1.0,1.0,1.0,1.0,1.0,1.0
0.04,326,"[1, 2, 6, 8]","[0, 8, 32]","[0, 8, 32]",0,0,r,"[[0, 8, 32], [0, 8, 32], [0, 8, 32]]","[0, 0, 0]","[3, 4]",1,1.0000000000000002,1.0000000000000002,1.0000000000000002,1.0,1.0,1.0,1.0,1.0,1.6666666666666665,1.0,2.5,1.0,1.0,1.0,1.0,1.0,3.0,1.0,1.0,3.0,1.0,1.0,1.0,1.0,1.0,1.0,1.0,1.0,1.0,1.0,1.0,1.0,1.0,1.0,1.0,1.0,1.0,1.0,1.0,1.0,1.0,1.0,1.0,1.0,1.0
0.04,327,"[0, 1, 2, 6, 8]","[1, 8, 32]","[1, 8, 32]",0,0,r,"[[1, 8, 32], [1, 8, 32], [1, 8, 32]]","[0, 0, 0]","[3, 4]",1,1.0000000000000002,1.0000000000000002,1.0000000000000002,1.0,1.0,1.0,1.0,1.0,1.6666666666666665,1.0,3.0,1.0,1.0,1.0,1.0,0.0,3.0,1.0,1.0,3.0,1.0,1.0,1.0,1.0,1.0,1.0,1.0,1.0,1.0,1.0,1.0,1.0,1.0,1.0,1.0,1.0,1.0,1.0,1.0,1.0,1.0,1.0,1.0,1.0,1.0
0.04,328,"[3, 6, 8]","[20, 25, 31]","[20, 24, 33]",0,0,r,"[[20, 24, 33], [5, 8, 32], [15, 16, 32]]","[0, 0, 0]","[3, 4]",1,1.0000000000000002,1.0000000000000002,1.0000000000000002,1.0,1.0,1.0,0.0,0.0,1.0,0.5,1.0,0.75,0.5,0.25,0.0,1.0,3.0,5.0,5.0,5.0,5.0,1.0,5.0,5.0,1.0,1.0,1.0,1.0,1.0,1.0,1.0,1.0,1.0,1.0,1.0,1.0,1.0,1.0,1.0,1.0,1.0,1.0,1.0,1.0,1.0
0.04,329,"[0, 3, 6, 8]","[4, 32]","[4, 32]",1,1,r,"[[4, 32], [4, 32], [4, 32]]","[1, 1, 1]","[3, 2]",1,2.0000000000000004,2.0000000000000004,3.000000000000001,1.0,3.0,2.0,1.0,1.0,2.1666666666666665,2.5,3.0,1.75,1.5,1.25,1.5,1.0,4.0,3.0,3.0,3.0,3.0,3.0,3.0,3.0,3.0,3.0,3.0,3.0,3.0,3.0,3.0,1.0,3.0,1.0,1.0,1.0,1.0,1.0,1.0,1.0,1.0,1.0,1.0,1.0,3.0
0.04,330,"[1, 3, 6, 8]","[5, 32]","[5, 32]",1,1,r,"[[5, 32], [5, 32], [5, 32]]","[1, 1, 1]","[3, 2]",1,1.0000000000000002,1.0000000000000002,2.0000000000000004,1.0,1.0,1.0,1.0,1.0,1.6666666666666665,1.5,2.5,1.0,1.0,1.0,1.0,0.5,3.0,1.0,1.0,1.0,1.0,1.0,1.0,1.0,1.0,1.0,1.0,1.0,1.0,1.0,1.0,1.0,1.0,1.0,1.0,1.0,1.0,1.0,1.0,1.0,1.0,1.0,1.0,1.0,1.0
0.04,331,"[0, 1, 3, 6, 8]","[4, 8, 32]","[4, 8, 32]",0,0,g,"[[4, 15, 21, 36], [4, 8, 32], [4, 8, 32]]","[1, 0, 0]","[3, 4]",1,1.0000000000000002,1.0000000000000002,1.0000000000000002,1.0,1.0,1.0,0.0,1.0,1.6666666666666665,1.0,3.0,0.75,0.5,0.25,0.5,1.0,3.0,1.0,1.0,1.0,1.0,1.0,1.0,1.0,1.0,1.0,1.0,1.0,1.0,1.0,1.0,1.0,1.0,1.0,1.0,1.0,1.0,1.0,1.0,1.0,1.0,1.0,1.0,1.0,1.0
0.04,332,"[2, 3, 6, 8]","[11, 12, 32]","[17, 20, 36]",0,0,r,"[[17, 20, 36], [1, 4, 32], [1, 4, 32]]","[0, 0, 0]","[3, 4]",1,1.0000000000000002,1.0000000000000002,1.0000000000000002,1.0,1.0,1.0,0.5,0.5,1.5,1.0,2.5,0.875,0.75,0.625,1.0,1.0,3.0,1.0,1.0,3.0,1.0,1.0,1.0,1.0,1.0,1.0,1.0,1.0,1.0,1.0,1.0,1.0,1.0,1.0,1.0,1.0,1.0,1.0,1.0,1.0,1.0,1.0,1.0,1.0,1.0
0.04,333,"[0, 2, 3, 6, 8]","[12, 17, 32]","[11, 20, 36]",0,0,r,"[[11, 20, 36], [0, 4, 32], [0, 4, 32]]","[0, 0, 0]","[3, 4]",1,1.0000000000000002,1.0000000000000002,1.0000000000000002,1.0,1.0,1.0,0.5,0.5,1.6666666666666665,1.0,3.5,0.875,0.75,0.625,1.0,1.0,3.0,1.0,1.0,1.0,1.0,1.0,1.0,1.0,1.0,1.0,1.0,1.0,1.0,1.0,1.0,1.0,1.0,1.0,1.0,1.0,1.0,1.0,1.0,1.0,1.0,1.0,1.0,1.0,1.0
0.04,334,"[1, 2, 3, 6, 8]","[0, 5, 32]","[0, 5, 32]",0,0,r,"[[0, 5, 32], [0, 5, 32], [0, 5, 32]]","[0, 0, 0]","[3, 4]",1,1.0000000000000002,1.0000000000000002,1.0000000000000002,1.0,1.0,1.0,1.0,1.0,1.6666666666666665,1.0,2.5,1.0,1.0,1.0,1.0,0.5,3.0,1.0,1.0,3.0,1.0,1.0,1.0,1.0,1.0,1.0,1.0,1.0,1.0,1.0,1.0,1.0,1.0,1.0,1.0,1.0,1.0,1.0,1.0,1.0,1.0,1.0,1.0,1.0,1.0
0.04,335,"[0, 1, 2, 3, 6, 8]","[1, 5, 32]","[1, 5, 32]",0,0,r,"[[1, 5, 32], [1, 5, 32], [1, 5, 32]]","[0, 0, 0]","[3, 4]",1,1.0000000000000002,1.0000000000000002,1.0000000000000002,1.0,1.0,1.0,1.0,1.0,1.6666666666666665,1.0,2.5,1.0,1.0,1.0,1.0,0.0,3.0,1.0,1.0,3.0,1.0,1.0,1.0,1.0,1.0,1.0,1.0,1.0,1.0,1.0,1.0,1.0,1.0,1.0,1.0,1.0,1.0,1.0,1.0,1.0,1.0,1.0,1.0,1.0,1.0
0.04,336,"[4, 6, 8]","[24, 31]","[24, 31]",0,0,g,"[[1, 11, 32], [24, 31], [25, 33]]","[1, 0, 0]","[2, 3]",1,3.000000000000001,3.000000000000001,3.000000000000001,3.0,3.0,3.0,0.0,2.0,2.333333333333333,3.0,4.0,2.25,1.5,0.75,2.0,2.0,3.0,1.0,1.0,1.0,1.0,1.0,1.0,1.0,1.0,1.0,1.0,1.0,1.0,1.0,1.0,1.0,1.0,1.0,1.0,1.0,1.0,1.0,1.0,1.0,1.0,1.0,1.0,1.0,1.0
0.04,337,"[0, 4, 6, 8]","[1, 17, 32]","[4, 20, 36]",1,1,r,"[[4, 20, 36], [11, 17, 24, 31], [0, 11, 32]]","[1, 0, 1]","[4, 3]",1,1.0000000000000002,1.0000000000000002,1.0000000000000002,1.0,1.0,1.0,0.0,1.0,1.3333333333333333,1.0,2.0,0.75,0.5,0.25,1.0,1.0,3.0,1.0,1.0,1.0,1.0,1.0,1.0,1.0,1.0,1.0,1.0,1.0,1.0,1.0,1.0,1.0,1.0,1.0,1.0,1.0,1.0,1.0,1.0,1.0,1.0,1.0,1.0,1.0,1.0
0.04,338,"[1, 4, 6, 8]","[8, 24, 31]","[8, 24, 31]",1,1,g,"[[16, 25, 28, 31], [8, 24, 31], [8, 25, 33]]","[0, 1, 1]","[4, 3]",1,1.0000000000000002,1.0000000000000002,2.0000000000000004,1.0,1.0,1.0,0.0,1.0,1.3333333333333333,1.0,3.0,0.75,0.5,0.25,1.0,1.0,3.0,1.0,1.0,1.0,1.0,1.0,1.0,1.0,1.0,1.0,1.0,1.0,1.0,1.0,1.0,1.0,1.0,1.0,1.0,1.0,1.0,1.0,1.0,1.0,1.0,1.0,1.0,1.0,1.0
0.04,339,"[0, 1, 4, 6, 8]","[5, 12, 32]","[5, 12, 32]",1,1,r,"[[5, 12, 32], [4, 5, 24, 31], [5, 12, 32]]","[1, 0, 1]","[4, 3]",1,1.0000000000000002,1.0000000000000002,1.0000000000000002,1.0,1.0,1.0,0.5,1.0,1.5,1.0,2.5,1.0,1.0,0.875,1.0,1.0,3.0,1.0,1.0,1.0,1.0,1.0,1.0,1.0,1.0,1.0,1.0,1.0,1.0,1.0,1.0,1.0,1.0,1.0,1.0,1.0,1.0,1.0,1.0,1.0,1.0,1.0,1.0,1.0,1.0
0.04,340,"[2, 4, 6, 8]","[17, 32]","[17, 32]",0,0,r,"[[17, 32], [17, 32], [0, 25, 33]]","[0, 0, 1]","[2, 3]",1,2.0000000000000004,2.0000000000000004,2.500000000000001,1.0,3.0,2.0,0.5,2.0,1.8333333333333333,2.0,3.0,1.625,1.25,0.875,0.5,0.5,4.0,1.0,1.0,1.0,1.0,1.0,1.0,1.0,1.0,1.0,1.0,1.0,1.0,1.0,1.0,1.0,1.0,1.0,1.0,1.0,1.0,1.0,1.0,1.0,1.0,1.0,1.0,1.0,1.0
0.04,341,"[0, 2, 4, 6, 8]","[11, 32]","[11, 32]",0,0,r,"[[11, 32], [11, 32], [11, 32]]","[0, 0, 0]","[2, 3]",1,2.0000000000000004,2.0000000000000004,2.0000000000000004,1.0,3.0,2.0,1.5,1.5,2.1666666666666665,2.0,3.0,1.875,1.75,1.625,1.5,1.5,4.0,3.0,3.0,3.0,3.0,3.0,3.0,3.0,3.0,3.0,3.0,3.0,3.0,3.0,3.0,1.0,3.0,1.0,1.0,1.0,1.0,1.0,1.0,1.0,1.0,1.0,1.0,1.0,3.0
0.04,342,"[1, 2, 4, 6, 8]","[8, 17, 32]","[8, 17, 32]",1,1,r,"[[8, 17, 32], [8, 17, 32], [0, 8, 25, 33]]","[1, 1, 0]","[4, 3]",1,1.0000000000000002,1.0000000000000002,1.0000000000000002,1.0,1.0,1.0,0.5,1.0,1.5,1.0,2.5,0.875,0.75,0.625,1.0,1.0,3.0,1.0,1.0,1.0,1.0,1.0,1.0,1.0,1.0,1.0,1.0,1.0,1.0,1.0,1.0,1.0,1.0,1.0,1.0,1.0,1.0,1.0,1.0,1.0,1.0,1.0,1.0,1.0,1.0
0.04,343,"[0, 1, 2, 4, 6, 8]","[8, 11, 32]","[8, 11, 32]",1,1,r,"[[8, 11, 32], [8, 11, 32], [8, 11, 32]]","[1, 1, 1]","[4, 3]",1,1.0000000000000002,1.0000000000000002,1.0000000000000002,1.0,1.0,1.0,1.0,1.0,1.6666666666666665,1.0,2.5,1.0,1.0,1.0,1.0,1.0,3.0,1.0,1.0,1.0,1.0,1.0,1.0,1.0,1.0,1.0,1.0,1.0,1.0,1.0,1.0,1.0,1.0,1.0,1.0,1.0,1.0,1.0,1.0,1.0,1.0,1.0,1.0,1.0,1.0
0.04,344,"[3, 4, 6, 8]","[20, 36]","[20, 36]",0,0,r,"[[20, 36], [20, 36], [20, 36]]","[0, 0, 0]","[2, 5]",3,2.0000000000000004,2.0000000000000004,3.000000000000001,1.0,3.0,2.0,1.0,1.0,2.3333333333333335,2.5,3.5,1.75,1.5,1.25,1.5,1.0,4.0,3.0,3.0,3.0,3.0,3.0,3.0,3.0,3.0,3.0,3.0,3.0,3.0,3.0,3.0,3.0,3.0,3.0,3.0,3.0,3.0,3.0,3.0,3.0,3.0,3.0,3.0,3.0,3.0
0.04,345,"[0, 3, 4, 6, 8]","[12, 32]","[12, 32]",0,0,r,"[[12, 32], [12, 32], [12, 32]]","[0, 0, 0]","[2, 3]",1,2.0000000000000004,2.0000000000000004,3.000000000000001,1.0,3.0,2.0,1.5,1.5,2.1666666666666665,2.0,3.0,1.875,1.75,1.625,1.5,0.5,4.0,3.0,3.0,3.0,3.0,3.0,3.0,1.0,3.0,3.0,3.0,3.0,3.0,3.0,3.0,1.0,3.0,1.0,1.0,1.0,1.0,1.0,1.0,1.0,1.0,1.0,1.0,1.0,1.0
0.04,346,"[1, 3, 4, 6, 8]","[5, 24, 31]","[8, 20, 36]",1,1,g,"[[15, 25, 28, 31], [8, 20, 36], [8, 20, 36]]","[0, 1, 1]","[4, 3]",1,1.0000000000000002,1.0000000000000002,2.0000000000000004,1.0,1.0,1.0,0.0,1.0,1.9999999999999998,1.0,4.0,0.75,0.5,0.25,1.0,1.0,3.0,1.0,1.0,1.0,1.0,1.0,1.0,1.0,1.0,1.0,1.0,1.0,1.0,1.0,1.0,1.0,1.0,1.0,1.0,1.0,1.0,1.0,1.0,1.0,1.0,1.0,1.0,1.0,1.0
0.04,347,"[0, 1, 3, 4, 6, 8]","[8, 12, 32]","[8, 12, 32]",1,1,g,"[[4, 5, 20, 36], [8, 12, 32], [8, 12, 32]]","[0, 1, 1]","[4, 3]",1,1.0000000000000002,1.0000000000000002,1.0000000000000002,1.0,1.0,1.0,0.0,1.0,1.6666666666666665,1.0,3.0,0.75,0.5,0.25,0.0,0.0,3.0,1.0,1.0,1.0,1.0,1.0,1.0,1.0,1.0,1.0,1.0,1.0,1.0,1.0,1.0,1.0,1.0,1.0,1.0,1.0,1.0,1.0,1.0,1.0,1.0,1.0,1.0,1.0,1.0
0.04,348,"[2, 3, 4, 6, 8]","[1, 12, 32]","[0, 20, 36]",1,1,r,"[[0, 20, 36], [4, 11, 32], [0, 20, 36]]","[1, 1, 1]","[4, 3]",1,1.0000000000000002,1.0000000000000002,1.0000000000000002,1.0,1.0,1.0,0.5,0.5,1.6666666666666667,1.0,3.5,0.875,0.75,0.625,0.5,0.0,3.0,1.0,1.0,3.0,1.0,1.0,1.0,1.0,1.0,1.0,1.0,1.0,1.0,1.0,1.0,1.0,1.0,1.0,1.0,1.0,1.0,1.0,1.0,1.0,1.0,1.0,1.0,1.0,1.0
0.04,349,"[0, 2, 3, 4, 6, 8]","[4, 17, 32]","[1, 20, 36]",1,1,r,"[[1, 20, 36], [4, 17, 32], [0, 12, 32]]","[1, 1, 1]","[4, 3]",1,1.0000000000000002,1.0000000000000002,1.0000000000000002,1.0,1.0,1.0,0.5,0.5,1.8333333333333335,1.0,3.5,0.875,0.75,0.625,1.0,1.0,3.0,1.0,1.0,1.0,1.0,1.0,1.0,1.0,1.0,1.0,1.0,1.0,1.0,1.0,1.0,1.0,1.0,1.0,1.0,1.0,1.0,1.0,1.0,1.0,1.0,1.0,1.0,1.0,1.0
0.04,350,"[1, 2, 3, 4, 6, 8]","[5, 17, 32]","[5, 17, 32]",1,1,r,"[[5, 17, 32], [5, 17, 32], [0, 8, 20, 36]]","[1, 1, 0]","[4, 3]",1,1.0000000000000002,1.0000000000000002,1.0000000000000002,1.0,1.0,1.0,0.5,1.0,1.5,1.5,2.5,0.875,0.75,0.625,0.5,0.5,3.0,1.0,1.0,1.0,1.0,1.0,1.0,1.0,1.0,1.0,1.0,1.0,1.0,1.0,1.0,1.0,1.0,1.0,1.0,1.0,1.0,1.0,1.0,1.0,1.0,1.0,1.0,1.0,1.0
0.04,351,"[0, 1, 2, 3, 4, 6, 8]","[5, 11, 32]","[5, 11, 32]",1,1,r,"[[5, 11, 32], [5, 11, 32], [5, 11, 32]]","[1, 1, 1]","[4, 3]",1,1.0000000000000002,1.0000000000000002,1.0000000000000002,1.0,1.0,1.0,1.0,1.0,1.6666666666666665,1.5,2.5,1.0,1.0,1.0,1.0,0.5,3.0,1.0,1.0,1.0,1.0,1.0,1.0,1.0,1.0,1.0,1.0,1.0,1.0,1.0,1.0,1.0,1.0,1.0,1.0,1.0,1.0,1.0,1.0,1.0,1.0,1.0,1.0,1.0,1.0
0.04,352,"[5, 6, 8]","[28, 36]","[28, 36]",0,0,r,"[[28, 36], [28, 36], [28, 36]]","[0, 0, 0]","[2, 3]",1,1.0000000000000002,1.0000000000000002,1.0000000000000002,1.0,1.0,1.0,1.0,1.0,1.6666666666666665,1.0,3.0,1.0,1.0,1.0,1.0,1.0,3.0,1.0,1.0,1.0,1.0,1.0,1.0,1.0,1.0,1.0,1.0,1.0,1.0,1.0,1.0,1.0,1.0,1.0,1.0,1.0,1.0,1.0,1.0,1.0,1.0,1.0,1.0,1.0,1.0
0.04,353,"[0, 5, 6, 8]","[4, 21, 36]","[4, 21, 36]",1,1,r,"[[4, 21, 36], [11, 17, 28, 36], [4, 21, 36]]","[1, 0, 1]","[4, 3]",1,1.0000000000000002,1.0000000000000002,1.0000000000000002,1.0,1.0,1.0,0.0,0.5,1.5,0.5,3.0,0.75,0.5,0.25,0.5,1.0,3.0,1.0,1.0,1.0,1.0,1.0,1.0,1.0,1.0,1.0,1.0,1.0,1.0,1.0,1.0,1.0,1.0,1.0,1.0,1.0,1.0,1.0,1.0,1.0,1.0,1.0,1.0,1.0,1.0
0.04,354,"[1, 5, 6, 8]","[16, 32]","[16, 32]",0,0,r,"[[16, 32], [16, 32], [16, 32]]","[0, 0, 0]","[2, 3]",1,1.0000000000000002,1.0000000000000002,1.0000000000000002,1.0,1.0,1.0,1.0,1.0,1.6666666666666665,1.0,3.0,1.0,1.0,1.0,1.0,0.0,3.0,1.0,1.0,3.0,1.0,1.0,1.0,1.0,1.0,1.0,1.0,1.0,1.0,1.0,1.0,1.0,1.0,1.0,1.0,1.0,1.0,1.0,1.0,1.0,1.0,1.0,1.0,1.0,1.0
0.04,355,"[0, 1, 5, 6, 8]","[4, 15, 32]","[4, 15, 32]",1,1,r,"[[4, 15, 32], [12, 16, 20, 36], [4, 15, 32]]","[1, 0, 1]","[4, 3]",1,1.0000000000000002,1.0000000000000002,1.0000000000000002,1.0,1.0,1.0,0.0,1.0,1.5,1.0,3.5,0.75,0.5,0.25,0.5,0.5,3.0,1.0,1.0,1.0,1.0,1.0,1.0,1.0,1.0,1.0,1.0,1.0,1.0,1.0,1.0,1.0,1.0,1.0,1.0,1.0,1.0,1.0,1.0,1.0,1.0,1.0,1.0,1.0,1.0
0.04,356,"[2, 5, 6, 8]","[0, 28, 36]","[0, 28, 36]",1,1,r,"[[0, 28, 36], [0, 28, 36], [0, 28, 36]]","[1, 1, 1]","[4, 3]",1,1.0000000000000002,1.0000000000000002,1.0000000000000002,1.0,1.0,1.0,1.0,1.0,1.6666666666666665,1.0,3.0,1.0,1.0,1.0,1.0,1.0,3.0,1.0,1.0,3.0,1.0,1.0,1.0,1.0,1.0,1.0,1.0,1.0,1.0,1.0,1.0,1.0,1.0,1.0,1.0,1.0,1.0,1.0,1.0,1.0,1.0,1.0,1.0,1.0,1.0
0.04,357,"[0, 2, 5, 6, 8]","[1, 28, 36]","[1, 28, 36]",1,1,r,"[[1, 28, 36], [1, 28, 36], [1, 28, 36]]","[1, 1, 1]","[4, 3]",1,1.0000000000000002,1.0000000000000002,1.0000000000000002,1.0,1.0,1.0,1.0,1.0,1.6666666666666665,1.0,2.5,1.0,1.0,1.0,1.0,1.0,3.0,1.0,1.0,1.0,1.0,1.0,1.0,1.0,1.0,1.0,1.0,1.0,1.0,1.0,1.0,1.0,1.0,1.0,1.0,1.0,1.0,1.0,1.0,1.0,1.0,1.0,1.0,1.0,1.0
0.04,358,"[1, 2, 5, 6, 8]","[0, 16, 32]","[0, 16, 32]",1,1,r,"[[0, 16, 32], [0, 16, 32], [0, 16, 32]]","[1, 1, 1]","[4, 3]",1,1.0000000000000002,1.0000000000000002,1.0000000000000002,1.0,1.0,1.0,1.0,1.0,1.6666666666666665,1.0,2.5,1.0,1.0,1.0,1.0,0.0,3.0,1.0,1.0,1.0,1.0,1.0,1.0,1.0,1.0,1.0,1.0,1.0,1.0,1.0,1.0,1.0,1.0,1.0,1.0,1.0,1.0,1.0,1.0,1.0,1.0,1.0,1.0,1.0,1.0
0.04,359,"[0, 1, 2, 5, 6, 8]","[1, 16, 32]","[1, 16, 32]",1,1,r,"[[1, 16, 32], [1, 16, 32], [1, 16, 32]]","[1, 1, 1]","[4, 3]",1,1.0000000000000002,1.0000000000000002,1.0000000000000002,1.0,1.0,1.0,1.0,1.0,1.6666666666666665,1.0,2.5,1.0,1.0,1.0,1.0,0.0,3.0,1.0,1.0,3.0,1.0,1.0,1.0,1.0,1.0,1.0,1.0,1.0,1.0,1.0,1.0,1.0,1.0,1.0,1.0,1.0,1.0,1.0,1.0,1.0,1.0,1.0,1.0,1.0,1.0
0.04,360,"[3, 5, 6, 8]","[21, 36]","[21, 36]",0,0,r,"[[21, 36], [21, 36], [21, 36]]","[0, 0, 0]","[2, 3]",1,1.0000000000000002,2.0000000000000004,2.0000000000000004,1.0,1.0,1.0,1.0,1.0,1.6666666666666665,1.5,2.5,1.0,1.0,1.0,1.0,1.0,3.0,1.0,1.0,3.0,1.0,1.0,1.0,1.0,1.0,1.0,1.0,1.0,1.0,1.0,1.0,1.0,1.0,1.0,1.0,1.0,1.0,1.0,1.0,1.0,1.0,1.0,1.0,1.0,1.0
0.04,361,"[0, 3, 5, 6, 8]","[4, 28, 36]","[4, 28, 36]",1,1,r,"[[4, 28, 36], [11, 17, 21, 36], [4, 28, 36]]","[1, 0, 1]","[4, 3]",1,1.0000000000000002,1.0000000000000002,1.0000000000000002,1.0,1.0,1.0,0.0,1.0,1.3333333333333333,1.0,3.0,0.75,0.5,0.25,0.0,1.0,3.0,1.0,1.0,1.0,1.0,1.0,1.0,1.0,1.0,1.0,1.0,1.0,1.0,1.0,1.0,1.0,1.0,1.0,1.0,1.0,1.0,1.0,1.0,1.0,1.0,1.0,1.0,1.0,1.0
0.04,362,"[1, 3, 5, 6, 8]","[15, 32]","[15, 32]",0,0,r,"[[15, 32], [15, 32], [15, 32]]","[0, 0, 0]","[2, 3]",1,1.0000000000000002,1.0000000000000002,1.0000000000000002,1.0,1.0,1.0,1.0,1.0,1.6666666666666665,1.5,2.5,1.0,1.0,1.0,1.0,0.5,3.0,1.0,1.0,1.0,1.0,1.0,1.0,1.0,1.0,1.0,1.0,1.0,1.0,1.0,1.0,1.0,1.0,1.0,1.0,1.0,1.0,1.0,1.0,1.0,1.0,1.0,1.0,1.0,1.0
0.04,363,"[0, 1, 3, 5, 6, 8]","[4, 16, 32]","[4, 16, 32]",1,1,b,"[[4, 5, 21, 36], [12, 15, 20, 36], [4, 16, 32]]","[0, 0, 1]","[4, 3]",1,1.0000000000000002,1.0000000000000002,1.0000000000000002,1.0,1.0,1.0,0.0,1.0,1.6666666666666665,2.0,3.0,0.75,0.5,0.25,1.0,1.0,3.0,1.0,1.0,1.0,1.0,1.0,1.0,1.0,1.0,1.0,1.0,1.0,1.0,1.0,1.0,1.0,1.0,1.0,1.0,1.0,1.0,1.0,1.0,1.0,1.0,1.0,1.0,1.0,1.0
0.04,364,"[2, 3, 5, 6, 8]","[0, 21, 36]","[0, 21, 36]",1,1,r,"[[0, 21, 36], [0, 21, 36], [0, 21, 36]]","[1, 1, 1]","[4, 3]",1,1.0000000000000002,1.0000000000000002,1.0000000000000002,1.0,1.0,1.0,1.0,1.0,1.6666666666666665,1.0,2.5,1.0,1.0,1.0,1.0,1.0,3.0,1.0,1.0,3.0,1.0,1.0,1.0,1.0,1.0,1.0,1.0,1.0,1.0,1.0,1.0,1.0,1.0,1.0,1.0,1.0,1.0,1.0,1.0,1.0,1.0,1.0,1.0,1.0,1.0
0.04,365,"[0, 2, 3, 5, 6, 8]","[1, 21, 36]","[1, 21, 36]",1,1,r,"[[1, 21, 36], [1, 21, 36], [1, 21, 36]]","[1, 1, 1]","[4, 3]",1,1.0000000000000002,1.0000000000000002,1.0000000000000002,1.0,1.0,1.0,1.0,1.0,1.6666666666666665,1.5,2.5,1.0,1.0,1.0,1.0,1.0,3.0,1.0,1.0,1.0,1.0,1.0,1.0,1.0,1.0,1.0,1.0,1.0,1.0,1.0,1.0,1.0,1.0,1.0,1.0,1.0,1.0,1.0,1.0,1.0,1.0,1.0,1.0,1.0,1.0
0.04,366,"[1, 2, 3, 5, 6, 8]","[0, 15, 32]","[0, 15, 32]",1,1,r,"[[0, 15, 32], [0, 15, 32], [0, 15, 32]]","[1, 1, 1]","[4, 3]",1,1.0000000000000002,1.0000000000000002,1.0000000000000002,1.0,1.0,1.0,0.5,0.5,1.6666666666666665,1.5,2.5,1.0,1.0,0.875,0.5,0.5,3.0,1.0,1.0,3.0,1.0,1.0,1.0,1.0,1.0,1.0,1.0,1.0,1.0,1.0,1.0,1.0,1.0,1.0,1.0,1.0,1.0,1.0,1.0,1.0,1.0,1.0,1.0,1.0,1.0
0.04,367,"[0, 1, 2, 3, 5, 6, 8]","[1, 15, 32]","[1, 15, 32]",1,1,r,"[[1, 15, 32], [1, 15, 32], [1, 15, 32]]","[1, 1, 1]","[4, 3]",1,1.0000000000000002,1.0000000000000002,1.0000000000000002,1.0,1.0,1.0,0.5,0.5,1.6666666666666665,1.5,2.5,1.0,1.0,0.875,0.5,0.5,3.0,1.0,1.0,3.0,1.0,1.0,1.0,1.0,1.0,1.0,1.0,1.0,1.0,1.0,1.0,1.0,1.0,1.0,1.0,1.0,1.0,1.0,1.0,1.0,1.0,1.0,1.0,1.0,1.0
0.04,368,"[4, 5, 6, 8]","[25, 28, 31]","[24, 28, 33]",0,0,r,"[[24, 28, 33], [20, 21, 32], [25, 28, 31]]","[0, 0, 0]","[3, 4]",1,1.0000000000000002,1.0000000000000002,1.0000000000000002,1.0,1.0,1.0,1.0,1.0,1.6666666666666665,1.0,3.0,1.0,1.0,1.0,1.0,1.0,3.0,3.0,3.0,5.0,3.0,1.0,3.0,3.0,1.0,1.0,1.0,1.0,1.0,1.0,1.0,1.0,1.0,1.0,1.0,1.0,1.0,1.0,1.0,1.0,1.0,1.0,1.0,1.0,1.0
0.04,369,"[0, 4, 5, 6, 8]","[12, 21, 36]","[12, 21, 36]",0,0,r,"[[12, 21, 36], [12, 21, 36], [12, 21, 36]]","[0, 0, 0]","[3, 4]",1,1.0000000000000002,1.0000000000000002,1.0000000000000002,1.0,1.0,1.0,0.5,0.5,1.8333333333333333,1.5,2.5,0.875,0.75,0.625,0.5,1.0,3.0,1.0,1.0,1.0,1.0,1.0,1.0,1.0,1.0,1.0,1.0,1.0,1.0,1.0,1.0,1.0,1.0,1.0,1.0,1.0,1.0,1.0,1.0,1.0,1.0,1.0,1.0,1.0,1.0
0.04,370,"[1, 4, 5, 6, 8]","[16, 24, 31]","[15, 20, 36]",0,0,g,"[[8, 20, 21, 32], [15, 20, 36], [16, 25, 33]]","[1, 0, 0]","[3, 4]",1,1.0000000000000002,1.0000000000000002,2.0000000000000004,1.0,1.0,1.0,0.0,1.0,1.9999999999999998,1.0,4.5,0.75,0.5,0.25,1.0,1.0,3.0,1.0,1.0,1.0,1.0,1.0,1.0,1.0,1.0,1.0,1.0,1.0,1.0,1.0,1.0,1.0,1.0,1.0,1.0,1.0,1.0,1.0,1.0,1.0,1.0,1.0,1.0,1.0,1.0
0.04,371,"[0, 1, 4, 5, 6, 8]","[12, 15, 32]","[12, 15, 32]",0,0,r,"[[12, 15, 32], [12, 15, 32], [12, 15, 32]]","[0, 0, 0]","[3, 4]",1,1.0000000000000002,1.0000000000000002,1.0000000000000002,1.0,1.0,1.0,1.0,1.0,1.6666666666666665,1.5,2.0,1.0,1.0,1.0,1.0,0.5,3.0,1.0,1.0,1.0,1.0,1.0,1.0,1.0,1.0,1.0,1.0,1.0,1.0,1.0,1.0,1.0,1.0,1.0,1.0,1.0,1.0,1.0,1.0,1.0,1.0,1.0,1.0,1.0,1.0
0.04,372,"[2, 4, 5, 6, 8]","[17, 28, 36]","[17, 28, 36]",0,0,r,"[[17, 28, 36], [17, 28, 36], [0, 25, 28, 31]]","[0, 0, 1]","[3, 4]",1,1.0000000000000002,1.0000000000000002,1.0000000000000002,1.0,1.0,1.0,0.0,1.0,1.6666666666666665,1.0,3.0,0.75,0.5,0.25,0.5,0.5,3.0,1.0,1.0,1.0,1.0,1.0,1.0,1.0,1.0,1.0,1.0,1.0,1.0,1.0,1.0,1.0,1.0,1.0,1.0,1.0,1.0,1.0,1.0,1.0,1.0,1.0,1.0,1.0,1.0
0.04,373,"[0, 2, 4, 5, 6, 8]","[11, 28, 36]","[11, 28, 36]",0,0,r,"[[11, 28, 36], [11, 28, 36], [11, 28, 36]]","[0, 0, 0]","[3, 4]",1,1.0000000000000002,1.0000000000000002,1.0000000000000002,1.0,1.0,1.0,1.0,1.0,1.6666666666666665,1.0,2.5,1.0,1.0,1.0,1.0,1.0,3.0,1.0,1.0,1.0,1.0,1.0,1.0,1.0,1.0,1.0,1.0,1.0,1.0,1.0,1.0,1.0,1.0,1.0,1.0,1.0,1.0,1.0,1.0,1.0,1.0,1.0,1.0,1.0,1.0
0.04,374,"[1, 2, 4, 5, 6, 8]","[16, 17, 32]","[16, 17, 32]",0,0,r,"[[16, 17, 32], [16, 17, 32], [0, 16, 25, 33]]","[0, 0, 1]","[3, 4]",1,1.0000000000000002,1.0000000000000002,1.0000000000000002,1.0,1.0,1.0,0.5,1.0,1.6666666666666665,1.0,3.0,0.875,0.75,0.625,1.0,0.0,3.0,1.0,1.0,1.0,1.0,1.0,1.0,1.0,1.0,1.0,1.0,1.0,1.0,1.0,1.0,1.0,1.0,1.0,1.0,1.0,1.0,1.0,1.0,1.0,1.0,1.0,1.0,1.0,1.0
0.04,375,"[0, 1, 2, 4, 5, 6, 8]","[11, 16, 32]","[11, 16, 32]",0,0,r,"[[11, 16, 32], [11, 16, 32], [11, 16, 32]]","[0, 0, 0]","[3, 4]",1,1.0000000000000002,1.0000000000000002,1.0000000000000002,1.0,1.0,1.0,1.0,1.0,1.6666666666666665,1.0,2.0,1.0,1.0,1.0,1.0,0.0,3.0,1.0,1.0,1.0,1.0,1.0,1.0,1.0,1.0,1.0,1.0,1.0,1.0,1.0,1.0,1.0,1.0,1.0,1.0,1.0,1.0,1.0,1.0,1.0,1.0,1.0,1.0,1.0,1.0
0.04,376,"[3, 4, 5, 6, 8]","[21, 25, 31]","[20, 28, 32]",0,0,r,"[[20, 28, 32], [21, 24, 33], [21, 25, 31]]","[0, 0, 0]","[3, 4]",1,1.0000000000000002,1.0000000000000002,1.0000000000000002,1.0,1.0,1.0,1.0,1.0,1.6666666666666665,1.0,3.0,1.0,1.0,1.0,1.0,1.0,3.0,3.0,3.0,5.0,3.0,1.0,3.0,3.0,3.0,3.0,1.0,1.0,1.0,1.0,1.0,1.0,1.0,1.0,1.0,1.0,1.0,1.0,1.0,1.0,1.0,1.0,1.0,1.0,1.0
0.04,377,"[0, 3, 4, 5, 6, 8]","[12, 28, 36]","[12, 28, 36]",0,0,r,"[[12, 28, 36], [11, 17, 21, 24, 33], [12, 28, 36]]","[0, 0, 0]","[3, 4]",1,1.0000000000000002,1.0000000000000002,1.0000000000000002,1.0,1.0,1.0,0.0,0.0,1.1666666666666665,1.0,2.5,0.75,0.5,0.25,0.0,0.5,3.0,1.0,1.0,3.0,1.0,1.0,1.0,1.0,1.0,1.0,1.0,1.0,1.0,1.0,1.0,1.0,1.0,1.0,1.0,1.0,1.0,1.0,1.0,1.0,1.0,1.0,1.0,1.0,1.0
0.04,378,"[1, 3, 4, 5, 6, 8]","[15, 24, 31]","[15, 24, 31]",0,0,g,"[[5, 20, 21, 32], [15, 24, 31], [16, 20, 36]]","[1, 0, 0]","[3, 4]",1,1.0000000000000002,1.0000000000000002,2.0000000000000004,1.0,1.0,1.0,0.0,1.0,1.6666666666666665,1.5,3.0,0.875,0.75,0.625,1.0,1.0,3.0,1.0,1.0,1.0,1.0,1.0,1.0,1.0,1.0,1.0,1.0,1.0,1.0,1.0,1.0,1.0,1.0,1.0,1.0,1.0,1.0,1.0,1.0,1.0,1.0,1.0,1.0,1.0,1.0
0.04,379,"[0, 1, 3, 4, 5, 6, 8]","[12, 16, 32]","[12, 16, 32]",0,0,b,"[[4, 15, 20, 36], [4, 5, 21, 24, 33], [12, 16, 32]]","[1, 0, 0]","[3, 4]",1,1.0000000000000002,1.0000000000000002,1.0000000000000002,1.0,1.0,1.0,0.0,0.0,1.6666666666666665,1.0,3.0,0.75,0.5,0.25,1.0,1.0,3.0,1.0,1.0,1.0,1.0,1.0,1.0,1.0,1.0,1.0,1.0,1.0,1.0,1.0,1.0,1.0,1.0,1.0,1.0,1.0,1.0,1.0,1.0,1.0,1.0,1.0,1.0,1.0,1.0
0.04,380,"[2, 3, 4, 5, 6, 8]","[17, 21, 36]","[17, 21, 36]",0,0,r,"[[17, 21, 36], [17, 21, 36], [0, 21, 25, 31]]","[0, 0, 1]","[3, 4]",1,1.0000000000000002,1.0000000000000002,1.0000000000000002,1.0,1.0,1.0,0.0,1.0,1.6666666666666665,1.0,3.0,0.75,0.5,0.25,0.0,0.5,3.0,1.0,1.0,1.0,1.0,1.0,1.0,1.0,1.0,1.0,1.0,1.0,1.0,1.0,1.0,1.0,1.0,1.0,1.0,1.0,1.0,1.0,1.0,1.0,1.0,1.0,1.0,1.0,1.0
0.04,381,"[0, 2, 3, 4, 5, 6, 8]","[11, 21, 36]","[11, 21, 36]",0,0,r,"[[11, 21, 36], [11, 21, 36], [11, 21, 36]]","[0, 0, 0]","[3, 4]",1,1.0000000000000002,1.0000000000000002,1.0000000000000002,1.0,1.0,1.0,1.0,1.0,1.6666666666666665,1.5,2.5,1.0,1.0,1.0,1.0,1.0,3.0,1.0,1.0,1.0,1.0,1.0,1.0,1.0,1.0,1.0,1.0,1.0,1.0,1.0,1.0,1.0,1.0,1.0,1.0,1.0,1.0,1.0,1.0,1.0,1.0,1.0,1.0,1.0,1.0
0.04,382,"[1, 2, 3, 4, 5, 6, 8]","[15, 17, 32]","[15, 17, 32]",0,0,r,"[[15, 17, 32], [15, 17, 32], [0, 16, 20, 36]]","[0, 0, 1]","[3, 4]",1,1.0000000000000002,1.0000000000000002,1.0000000000000002,1.0,1.0,1.0,0.0,1.0,1.8333333333333333,1.5,3.0,0.875,0.75,0.5,1.0,0.5,3.0,1.0,1.0,1.0,1.0,1.0,1.0,1.0,1.0,1.0,1.0,1.0,1.0,1.0,1.0,1.0,1.0,1.0,1.0,1.0,1.0,1.0,1.0,1.0,1.0,1.0,1.0,1.0,1.0
0.04,383,"[0, 1, 2, 3, 4, 5, 6, 8]","[11, 15, 32]","[11, 15, 32]",0,0,r,"[[11, 15, 32], [11, 15, 32], [11, 15, 32]]","[0, 0, 0]","[3, 4]",1,1.0000000000000002,1.0000000000000002,1.0000000000000002,1.0,1.0,1.0,0.5,0.5,1.6666666666666665,1.5,2.0,1.0,1.0,0.875,0.5,0.5,3.0,1.0,1.0,1.0,1.0,1.0,1.0,1.0,1.0,1.0,1.0,1.0,1.0,1.0,1.0,1.0,1.0,1.0,1.0,1.0,1.0,1.0,1.0,1.0,1.0,1.0,1.0,1.0,1.0
0.04,384,"[7, 8]",[33],[33],0,0,r,"[[33], [33], [33]]","[0, 0, 0]","[1, 4]",3,3.0,3.0,3.000000000000001,3.0,3.0,3.0,3.0,3.0,3.333333333333333,3.0,3.5,3.0,3.0,3.0,3.0,2.0,4.0,3.0,3.0,3.0,3.0,3.0,3.0,3.0,3.0,3.0,3.0,3.0,3.0,3.0,3.0,3.0,3.0,3.0,3.0,3.0,3.0,3.0,3.0,3.0,3.0,3.0,3.0,3.0,3.0
0.04,385,"[0, 7, 8]","[12, 20, 31]","[12, 20, 31]",0,0,r,"[[12, 20, 31], [11, 17, 33], [0, 1, 33]]","[0, 0, 0]","[3, 4]",1,1.0000000000000002,1.0000000000000002,1.0000000000000002,1.0,1.0,1.0,1.0,1.0,1.5,1.0,2.5,1.0,1.0,1.0,1.0,1.0,3.0,1.0,1.0,3.0,1.0,1.0,1.0,1.0,1.0,1.0,1.0,1.0,1.0,1.0,1.0,1.0,1.0,1.0,1.0,1.0,1.0,1.0,1.0,1.0,1.0,1.0,1.0,1.0,1.0
0.04,386,"[1, 7, 8]","[8, 33]","[8, 33]",1,1,r,"[[8, 33], [8, 33], [8, 33]]","[1, 1, 1]","[3, 2]",1,1.0000000000000002,2.0000000000000004,2.0000000000000004,1.0,1.0,1.0,1.0,1.0,1.6666666666666665,1.5,2.5,1.0,1.0,1.0,1.0,1.0,3.0,1.0,1.0,1.0,1.0,1.0,1.0,1.0,1.0,1.0,1.0,1.0,1.0,1.0,1.0,1.0,1.0,1.0,1.0,1.0,1.0,1.0,1.0,1.0,1.0,1.0,1.0,1.0,1.0
0.04,387,"[0, 1, 7, 8]","[4, 5, 33]","[4, 5, 33]",0,0,r,"[[4, 5, 33], [4, 5, 33], [4, 5, 33]]","[0, 0, 0]","[3, 4]",1,1.0000000000000002,1.0000000000000002,1.0000000000000002,1.0,1.0,1.0,1.0,1.0,1.6666666666666665,1.0,3.0,1.0,1.0,1.0,1.0,1.0,3.0,1.0,1.0,1.0,1.0,1.0,1.0,1.0,1.0,1.0,1.0,1.0,1.0,1.0,1.0,1.0,1.0,1.0,1.0,1.0,1.0,1.0,1.0,1.0,1.0,1.0,1.0,1.0,1.0
0.04,388,"[2, 7, 8]","[0, 33]","[0, 33]",1,1,r,"[[0, 33], [0, 33], [0, 33]]","[1, 1, 1]","[3, 2]",1,1.0000000000000002,1.0000000000000002,1.0000000000000002,1.0,1.0,1.0,1.0,1.0,1.6666666666666665,1.0,3.0,1.0,1.0,1.0,1.0,0.0,3.0,1.0,1.0,3.0,1.0,1.0,1.0,1.0,1.0,1.0,1.0,1.0,1.0,1.0,1.0,1.0,1.0,1.0,1.0,1.0,1.0,1.0,1.0,1.0,1.0,1.0,1.0,1.0,1.0
0.04,389,"[0, 2, 7, 8]","[1, 33]","[1, 33]",1,1,r,"[[1, 33], [1, 33], [1, 33]]","[1, 1, 1]","[3, 2]",1,1.0000000000000002,1.0000000000000002,2.0000000000000004,1.0,1.0,1.0,1.0,1.0,1.6666666666666665,1.5,2.5,1.0,1.0,1.0,1.0,0.0,3.0,1.0,1.0,3.0,1.0,1.0,1.0,1.0,1.0,1.0,1.0,1.0,1.0,1.0,1.0,1.0,1.0,1.0,1.0,1.0,1.0,1.0,1.0,1.0,1.0,1.0,1.0,1.0,1.0
0.04,390,"[1, 2, 7, 8]","[0, 8, 33]","[0, 8, 33]",0,0,r,"[[0, 8, 33], [0, 8, 33], [0, 8, 33]]","[0, 0, 0]","[3, 4]",1,1.0000000000000002,1.0000000000000002,1.0000000000000002,1.0,1.0,1.0,1.0,1.0,1.6666666666666665,1.0,2.5,1.0,1.0,1.0,1.0,1.0,3.0,1.0,1.0,3.0,1.0,1.0,1.0,1.0,1.0,1.0,1.0,1.0,1.0,1.0,1.0,1.0,1.0,1.0,1.0,1.0,1.0,1.0,1.0,1.0,1.0,1.0,1.0,1.0,1.0
0.04,391,"[0, 1, 2, 7, 8]","[1, 8, 33]","[1, 8, 33]",0,0,r,"[[1, 8, 33], [1, 8, 33], [1, 8, 33]]","[0, 0, 0]","[3, 4]",1,1.0000000000000002,1.0000000000000002,1.0000000000000002,1.0,1.0,1.0,1.0,1.0,1.6666666666666665,1.0,2.5,1.0,1.0,1.0,1.0,0.0,3.0,1.0,1.0,3.0,1.0,1.0,1.0,1.0,1.0,1.0,1.0,1.0,1.0,1.0,1.0,1.0,1.0,1.0,1.0,1.0,1.0,1.0,1.0,1.0,1.0,1.0,1.0,1.0,1.0
0.04,392,"[3, 7, 8]","[20, 24, 32]","[20, 25, 36]",0,0,r,"[[20, 25, 36], [5, 8, 33], [20, 25, 36]]","[0, 0, 0]","[3, 4]",1,1.0000000000000002,1.0000000000000002,1.0000000000000002,1.0,1.0,1.0,0.0,0.0,1.0,0.0,1.0,0.75,0.5,0.25,0.0,1.0,3.0,1.0,1.0,1.0,1.0,1.0,1.0,1.0,1.0,1.0,1.0,1.0,1.0,1.0,1.0,1.0,1.0,1.0,1.0,1.0,1.0,1.0,1.0,1.0,1.0,1.0,1.0,1.0,1.0
0.04,393,"[0, 3, 7, 8]","[4, 33]","[4, 33]",1,1,r,"[[4, 33], [4, 33], [4, 33]]","[1, 1, 1]","[3, 2]",1,1.0000000000000002,1.0000000000000002,3.000000000000001,1.0,1.0,1.0,1.0,1.0,1.6666666666666665,1.5,2.5,1.0,1.0,1.0,1.0,0.0,3.0,1.0,1.0,3.0,1.0,1.0,1.0,1.0,1.0,1.0,1.0,1.0,1.0,1.0,1.0,1.0,1.0,1.0,1.0,1.0,1.0,1.0,1.0,1.0,1.0,1.0,1.0,1.0,1.0
0.04,394,"[1, 3, 7, 8]","[5, 33]","[5, 33]",1,1,r,"[[5, 33], [5, 33], [5, 33]]","[1, 1, 1]","[3, 2]",1,2.0000000000000004,2.0000000000000004,2.0000000000000004,1.0,3.0,2.0,1.0,1.0,2.1666666666666665,2.5,3.0,1.75,1.5,1.25,1.5,1.0,4.0,3.0,3.0,3.0,3.0,3.0,3.0,1.0,3.0,3.0,3.0,3.0,3.0,3.0,3.0,1.0,3.0,1.0,1.0,1.0,1.0,1.0,1.0,1.0,1.0,1.0,1.0,1.0,1.0
0.04,395,"[0, 1, 3, 7, 8]","[4, 8, 33]","[4, 8, 33]",0,0,r,"[[4, 8, 33], [4, 8, 33], [4, 8, 33]]","[0, 0, 0]","[3, 4]",1,1.0000000000000002,1.0000000000000002,1.0000000000000002,1.0,1.0,1.0,1.0,1.0,1.6666666666666665,1.0,2.5,1.0,1.0,1.0,1.0,1.0,3.0,1.0,1.0,1.0,1.0,1.0,1.0,1.0,1.0,1.0,1.0,1.0,1.0,1.0,1.0,1.0,1.0,1.0,1.0,1.0,1.0,1.0,1.0,1.0,1.0,1.0,1.0,1.0,1.0
0.04,396,"[2, 3, 7, 8]","[17, 20, 31]","[1, 4, 33]",0,0,r,"[[1, 4, 33], [1, 4, 33], [1, 4, 33]]","[0, 0, 0]","[3, 4]",1,1.0000000000000002,1.0000000000000002,1.0000000000000002,1.0,1.0,1.0,1.0,1.0,1.6666666666666665,1.0,3.0,1.0,1.0,1.0,1.0,1.0,3.0,1.0,1.0,3.0,1.0,1.0,1.0,1.0,1.0,1.0,1.0,1.0,1.0,1.0,1.0,1.0,1.0,1.0,1.0,1.0,1.0,1.0,1.0,1.0,1.0,1.0,1.0,1.0,1.0
0.04,397,"[0, 2, 3, 7, 8]","[11, 20, 31]","[0, 4, 33]",0,0,r,"[[0, 4, 33], [0, 4, 33], [0, 4, 33]]","[0, 0, 0]","[3, 4]",1,1.0000000000000002,1.0000000000000002,1.0000000000000002,1.0,1.0,1.0,1.0,1.0,1.6666666666666665,1.0,3.0,1.0,1.0,1.0,1.0,1.0,3.0,1.0,1.0,3.0,1.0,1.0,1.0,1.0,1.0,1.0,1.0,1.0,1.0,1.0,1.0,1.0,1.0,1.0,1.0,1.0,1.0,1.0,1.0,1.0,1.0,1.0,1.0,1.0,1.0
0.04,398,"[1, 2, 3, 7, 8]","[0, 5, 33]","[0, 5, 33]",0,0,r,"[[0, 5, 33], [0, 5, 33], [0, 5, 33]]","[0, 0, 0]","[3, 4]",1,1.0000000000000002,1.0000000000000002,1.0000000000000002,1.0,1.0,1.0,1.0,1.0,1.6666666666666665,1.0,3.0,1.0,1.0,1.0,1.0,0.5,3.0,1.0,1.0,3.0,1.0,1.0,1.0,1.0,1.0,1.0,1.0,1.0,1.0,1.0,1.0,1.0,1.0,1.0,1.0,1.0,1.0,1.0,1.0,1.0,1.0,1.0,1.0,1.0,1.0
0.04,399,"[0, 1, 2, 3, 7, 8]","[1, 5, 33]","[1, 5, 33]",0,0,r,"[[1, 5, 33], [1, 5, 33], [1, 5, 33]]","[0, 0, 0]","[3, 4]",1,1.0000000000000002,1.0000000000000002,1.0000000000000002,1.0,1.0,1.0,1.0,1.0,1.6666666666666665,1.0,2.5,1.0,1.0,1.0,1.0,0.0,3.0,1.0,1.0,3.0,1.0,1.0,1.0,1.0,1.0,1.0,1.0,1.0,1.0,1.0,1.0,1.0,1.0,1.0,1.0,1.0,1.0,1.0,1.0,1.0,1.0,1.0,1.0,1.0,1.0
0.04,400,"[4, 7, 8]","[25, 32]","[24, 36]",0,0,r,"[[24, 36], [24, 36], [24, 36]]","[0, 0, 0]","[2, 3]",1,1.0000000000000002,1.0000000000000002,1.0000000000000002,1.0,1.0,1.0,1.0,1.0,1.6666666666666665,1.0,3.0,1.0,1.0,1.0,1.0,1.0,3.0,1.0,1.0,3.0,1.0,1.0,1.0,1.0,1.0,1.0,1.0,1.0,1.0,1.0,1.0,1.0,1.0,1.0,1.0,1.0,1.0,1.0,1.0,1.0,1.0,1.0,1.0,1.0,1.0
0.04,401,"[0, 4, 7, 8]","[4, 20, 31]","[4, 20, 31]",1,1,r,"[[4, 20, 31], [11, 17, 24, 36], [0, 11, 33]]","[1, 0, 1]","[4, 3]",1,1.0000000000000002,1.0000000000000002,1.0000000000000002,1.0,1.0,1.0,0.0,1.0,1.1666666666666665,1.0,2.0,0.75,0.5,0.25,1.0,1.0,3.0,1.0,1.0,1.0,1.0,1.0,1.0,1.0,1.0,1.0,1.0,1.0,1.0,1.0,1.0,1.0,1.0,1.0,1.0,1.0,1.0,1.0,1.0,1.0,1.0,1.0,1.0,1.0,1.0
0.04,402,"[1, 4, 7, 8]","[5, 20, 31]","[8, 24, 36]",1,1,r,"[[8, 24, 36], [8, 24, 36], [8, 24, 36]]","[1, 1, 1]","[4, 3]",1,1.0000000000000002,1.0000000000000002,1.0000000000000002,1.0,1.0,1.0,1.0,1.0,1.6666666666666665,1.0,3.0,1.0,1.0,1.0,1.0,1.0,3.0,1.0,1.0,3.0,1.0,1.0,1.0,1.0,1.0,1.0,1.0,1.0,1.0,1.0,1.0,1.0,1.0,1.0,1.0,1.0,1.0,1.0,1.0,1.0,1.0,1.0,1.0,1.0,1.0
0.04,403,"[0, 1, 4, 7, 8]","[5, 12, 33]","[5, 12, 33]",1,1,r,"[[5, 12, 33], [4, 5, 24, 36], [5, 12, 33]]","[1, 0, 1]","[4, 3]",1,1.0000000000000002,1.0000000000000002,1.0000000000000002,1.0,1.0,1.0,0.0,1.0,1.3333333333333333,1.0,2.5,0.75,0.5,0.25,0.5,0.5,3.0,1.0,1.0,1.0,1.0,1.0,1.0,1.0,1.0,1.0,1.0,1.0,1.0,1.0,1.0,1.0,1.0,1.0,1.0,1.0,1.0,1.0,1.0,1.0,1.0,1.0,1.0,1.0,1.0
0.04,404,"[2, 4, 7, 8]","[17, 33]","[17, 33]",0,0,r,"[[17, 33], [17, 33], [17, 33]]","[0, 0, 0]","[2, 3]",1,1.0000000000000002,1.0000000000000002,1.0000000000000002,1.0,1.0,1.0,1.0,1.0,1.6666666666666665,1.0,3.0,1.0,1.0,1.0,1.0,0.0,3.0,1.0,1.0,3.0,1.0,1.0,1.0,1.0,1.0,1.0,1.0,1.0,1.0,1.0,1.0,1.0,1.0,1.0,1.0,1.0,1.0,1.0,1.0,1.0,1.0,1.0,1.0,1.0,1.0
0.04,405,"[0, 2, 4, 7, 8]","[11, 33]","[11, 33]",0,0,r,"[[11, 33], [11, 33], [11, 33]]","[0, 0, 0]","[2, 3]",1,1.0000000000000002,1.0000000000000002,2.0000000000000004,1.0,1.0,1.0,1.0,1.0,1.6666666666666665,1.5,2.5,1.0,1.0,1.0,1.0,0.5,3.0,1.0,1.0,1.0,1.0,1.0,1.0,1.0,1.0,1.0,1.0,1.0,1.0,1.0,1.0,1.0,1.0,1.0,1.0,1.0,1.0,1.0,1.0,1.0,1.0,1.0,1.0,1.0,1.0
0.04,406,"[1, 2, 4, 7, 8]","[8, 17, 33]","[8, 17, 33]",1,1,r,"[[8, 17, 33], [8, 17, 33], [8, 17, 33]]","[1, 1, 1]","[4, 3]",1,1.0000000000000002,1.0000000000000002,1.0000000000000002,1.0,1.0,1.0,1.0,1.0,1.6666666666666665,1.0,2.5,1.0,1.0,1.0,1.0,0.0,3.0,1.0,1.0,1.0,1.0,1.0,1.0,1.0,1.0,1.0,1.0,1.0,1.0,1.0,1.0,1.0,1.0,1.0,1.0,1.0,1.0,1.0,1.0,1.0,1.0,1.0,1.0,1.0,1.0
0.04,407,"[0, 1, 2, 4, 7, 8]","[8, 11, 33]","[8, 11, 33]",1,1,r,"[[8, 11, 33], [8, 11, 33], [8, 11, 33]]","[1, 1, 1]","[4, 3]",1,1.0000000000000002,1.0000000000000002,1.0000000000000002,1.0,1.0,1.0,1.0,1.0,1.6666666666666665,1.5,2.5,1.0,1.0,1.0,1.0,1.0,3.0,1.0,1.0,1.0,1.0,1.0,1.0,1.0,1.0,1.0,1.0,1.0,1.0,1.0,1.0,1.0,1.0,1.0,1.0,1.0,1.0,1.0,1.0,1.0,1.0,1.0,1.0,1.0,1.0
0.04,408,"[3, 4, 7, 8]","[20, 31]","[20, 31]",0,0,r,"[[20, 31], [20, 31], [11, 12, 17, 33]]","[0, 0, 0]","[2, 5]",3,1.0000000000000002,2.0000000000000004,2.0000000000000004,1.0,1.0,1.0,0.0,0.0,1.9999999999999998,1.5,4.0,1.0,1.0,0.5,1.0,1.0,4.0,3.0,3.0,3.0,3.0,3.0,3.0,3.0,3.0,3.0,3.0,3.0,3.0,3.0,3.0,3.0,3.0,3.0,3.0,3.0,3.0,3.0,3.0,3.0,3.0,3.0,3.0,3.0,3.0
0.04,409,"[0, 3, 4, 7, 8]","[12, 33]","[12, 33]",0,0,r,"[[12, 33], [12, 33], [12, 33]]","[0, 0, 0]","[2, 3]",1,1.0000000000000002,1.0000000000000002,3.000000000000001,1.0,1.0,1.0,1.0,1.0,1.6666666666666665,1.5,2.5,1.0,1.0,1.0,1.0,0.0,3.0,1.0,1.0,1.0,1.0,1.0,1.0,1.0,1.0,1.0,1.0,1.0,1.0,1.0,1.0,1.0,1.0,1.0,1.0,1.0,1.0,1.0,1.0,1.0,1.0,1.0,1.0,1.0,1.0
0.04,410,"[1, 3, 4, 7, 8]","[8, 20, 31]","[5, 24, 36]",1,1,r,"[[5, 24, 36], [8, 20, 31], [5, 24, 36]]","[1, 1, 1]","[4, 3]",1,1.0000000000000002,1.0000000000000002,1.0000000000000002,1.0,1.0,1.0,0.5,0.5,1.6666666666666665,1.0,3.5,0.875,0.75,0.625,1.0,1.0,3.0,1.0,1.0,3.0,1.0,1.0,1.0,1.0,1.0,1.0,1.0,1.0,1.0,1.0,1.0,1.0,1.0,1.0,1.0,1.0,1.0,1.0,1.0,1.0,1.0,1.0,1.0,1.0,1.0
0.04,411,"[0, 1, 3, 4, 7, 8]","[8, 12, 33]","[8, 12, 33]",1,1,r,"[[8, 12, 33], [8, 12, 33], [8, 12, 33]]","[1, 1, 1]","[4, 3]",1,1.0000000000000002,1.0000000000000002,1.0000000000000002,1.0,1.0,1.0,1.0,1.0,1.6666666666666665,1.5,2.5,1.0,1.0,1.0,1.0,0.5,3.0,1.0,1.0,3.0,1.0,1.0,1.0,1.0,1.0,1.0,1.0,1.0,1.0,1.0,1.0,1.0,1.0,1.0,1.0,1.0,1.0,1.0,1.0,1.0,1.0,1.0,1.0,1.0,1.0
0.04,412,"[2, 3, 4, 7, 8]","[0, 20, 31]","[1, 12, 33]",1,1,r,"[[1, 12, 33], [4, 11, 33], [1, 4, 24, 36]]","[1, 1, 0]","[4, 3]",1,1.0000000000000002,1.0000000000000002,1.0000000000000002,1.0,1.0,1.0,0.0,1.0,1.3333333333333333,1.0,3.0,0.75,0.5,0.25,1.0,1.0,3.0,1.0,1.0,1.0,1.0,1.0,1.0,1.0,1.0,1.0,1.0,1.0,1.0,1.0,1.0,1.0,1.0,1.0,1.0,1.0,1.0,1.0,1.0,1.0,1.0,1.0,1.0,1.0,1.0
0.04,413,"[0, 2, 3, 4, 7, 8]","[1, 20, 31]","[4, 17, 33]",1,1,r,"[[4, 17, 33], [4, 17, 33], [0, 12, 33]]","[1, 1, 1]","[4, 3]",1,1.0000000000000002,1.0000000000000002,1.0000000000000002,1.0,1.0,1.0,1.0,1.0,1.6666666666666665,1.0,3.0,1.0,1.0,1.0,1.0,1.0,3.0,1.0,1.0,1.0,1.0,1.0,1.0,1.0,1.0,1.0,1.0,1.0,1.0,1.0,1.0,1.0,1.0,1.0,1.0,1.0,1.0,1.0,1.0,1.0,1.0,1.0,1.0,1.0,1.0
0.04,414,"[1, 2, 3, 4, 7, 8]","[5, 17, 33]","[5, 17, 33]",1,1,r,"[[5, 17, 33], [5, 17, 33], [5, 17, 33]]","[1, 1, 1]","[4, 3]",1,1.0000000000000002,1.0000000000000002,1.0000000000000002,1.0,1.0,1.0,1.0,1.0,1.6666666666666665,1.0,2.5,1.0,1.0,1.0,1.0,0.0,3.0,1.0,1.0,1.0,1.0,1.0,1.0,1.0,1.0,1.0,1.0,1.0,1.0,1.0,1.0,1.0,1.0,1.0,1.0,1.0,1.0,1.0,1.0,1.0,1.0,1.0,1.0,1.0,1.0
0.04,415,"[0, 1, 2, 3, 4, 7, 8]","[5, 11, 33]","[5, 11, 33]",1,1,r,"[[5, 11, 33], [5, 11, 33], [5, 11, 33]]","[1, 1, 1]","[4, 3]",1,1.0000000000000002,1.0000000000000002,1.0000000000000002,1.0,1.0,1.0,0.5,0.5,1.6666666666666665,1.5,2.5,1.0,1.0,0.875,0.5,0.5,3.0,1.0,1.0,1.0,1.0,1.0,1.0,1.0,1.0,1.0,1.0,1.0,1.0,1.0,1.0,1.0,1.0,1.0,1.0,1.0,1.0,1.0,1.0,1.0,1.0,1.0,1.0,1.0,1.0
0.04,416,"[5, 7, 8]","[28, 31]","[28, 31]",0,0,g,"[[5, 15, 33], [28, 31], [28, 31]]","[1, 0, 0]","[2, 3]",1,1.0000000000000002,1.0000000000000002,2.0000000000000004,1.0,1.0,1.0,0.0,1.0,1.5,1.0,3.5,0.75,0.5,0.25,1.0,1.0,3.0,1.0,1.0,1.0,1.0,1.0,1.0,1.0,1.0,1.0,1.0,1.0,1.0,1.0,1.0,1.0,1.0,1.0,1.0,1.0,1.0,1.0,1.0,1.0,1.0,1.0,1.0,1.0,1.0
0.04,417,"[0, 5, 7, 8]","[4, 21, 31]","[4, 21, 31]",1,1,r,"[[4, 21, 31], [11, 17, 28, 31], [4, 21, 31]]","[1, 0, 1]","[4, 3]",1,1.0000000000000002,1.0000000000000002,1.0000000000000002,1.0,1.0,1.0,0.0,1.0,1.5,1.0,3.0,0.75,0.5,0.25,1.0,1.0,3.0,1.0,1.0,1.0,1.0,1.0,1.0,1.0,1.0,1.0,1.0,1.0,1.0,1.0,1.0,1.0,1.0,1.0,1.0,1.0,1.0,1.0,1.0,1.0,1.0,1.0,1.0,1.0,1.0
0.04,418,"[1, 5, 7, 8]","[16, 33]","[16, 33]",0,0,r,"[[16, 33], [16, 33], [16, 33]]","[0, 0, 0]","[2, 3]",1,1.0000000000000002,2.0000000000000004,2.0000000000000004,1.0,1.0,1.0,1.0,1.0,1.6666666666666665,1.5,2.5,1.0,1.0,1.0,1.0,0.0,3.0,1.0,1.0,3.0,1.0,1.0,1.0,1.0,1.0,1.0,1.0,1.0,1.0,1.0,1.0,1.0,1.0,1.0,1.0,1.0,1.0,1.0,1.0,1.0,1.0,1.0,1.0,1.0,1.0
0.04,419,"[0, 1, 5, 7, 8]","[4, 15, 33]","[4, 15, 33]",1,1,r,"[[4, 15, 33], [4, 5, 28, 31], [4, 15, 33]]","[1, 0, 1]","[4, 3]",1,1.0000000000000002,1.0000000000000002,1.0000000000000002,1.0,1.0,1.0,0.0,1.0,1.5,1.0,3.0,0.75,0.5,0.25,1.0,1.0,3.0,1.0,1.0,1.0,1.0,1.0,1.0,1.0,1.0,1.0,1.0,1.0,1.0,1.0,1.0,1.0,1.0,1.0,1.0,1.0,1.0,1.0,1.0,1.0,1.0,1.0,1.0,1.0,1.0
0.04,420,"[2, 5, 7, 8]","[0, 28, 31]","[0, 28, 31]",1,1,g,"[[17, 24, 28, 32], [0, 28, 31], [0, 28, 31]]","[0, 1, 1]","[4, 3]",1,1.0000000000000002,1.0000000000000002,1.0000000000000002,1.0,1.0,1.0,0.0,1.0,1.5,1.0,3.0,0.75,0.5,0.25,0.5,1.0,3.0,1.0,1.0,1.0,1.0,1.0,1.0,1.0,1.0,1.0,1.0,1.0,1.0,1.0,1.0,1.0,1.0,1.0,1.0,1.0,1.0,1.0,1.0,1.0,1.0,1.0,1.0,1.0,1.0
0.04,421,"[0, 2, 5, 7, 8]","[1, 28, 31]","[1, 28, 31]",1,1,g,"[[11, 24, 28, 32], [1, 28, 31], [1, 28, 31]]","[0, 1, 1]","[4, 3]",1,1.0000000000000002,1.0000000000000002,1.0000000000000002,1.0,1.0,1.0,0.0,1.0,1.5,1.0,3.0,0.75,0.5,0.25,1.0,1.0,3.0,1.0,1.0,1.0,1.0,1.0,1.0,1.0,1.0,1.0,1.0,1.0,1.0,1.0,1.0,1.0,1.0,1.0,1.0,1.0,1.0,1.0,1.0,1.0,1.0,1.0,1.0,1.0,1.0
0.04,422,"[1, 2, 5, 7, 8]","[0, 16, 33]","[0, 16, 33]",1,1,r,"[[0, 16, 33], [0, 16, 33], [0, 16, 33]]","[1, 1, 1]","[4, 3]",1,1.0000000000000002,1.0000000000000002,1.0000000000000002,1.0,1.0,1.0,1.0,1.0,1.6666666666666665,1.0,2.5,1.0,1.0,1.0,1.0,1.0,3.0,1.0,1.0,1.0,1.0,1.0,1.0,1.0,1.0,1.0,1.0,1.0,1.0,1.0,1.0,1.0,1.0,1.0,1.0,1.0,1.0,1.0,1.0,1.0,1.0,1.0,1.0,1.0,1.0
0.04,423,"[0, 1, 2, 5, 7, 8]","[1, 16, 33]","[1, 16, 33]",1,1,r,"[[1, 16, 33], [1, 16, 33], [1, 16, 33]]","[1, 1, 1]","[4, 3]",1,1.0000000000000002,1.0000000000000002,1.0000000000000002,1.0,1.0,1.0,1.0,1.0,1.6666666666666665,1.5,2.5,1.0,1.0,1.0,1.0,1.0,3.0,1.0,1.0,3.0,1.0,1.0,1.0,1.0,1.0,1.0,1.0,1.0,1.0,1.0,1.0,1.0,1.0,1.0,1.0,1.0,1.0,1.0,1.0,1.0,1.0,1.0,1.0,1.0,1.0
0.04,424,"[3, 5, 7, 8]","[21, 31]","[21, 31]",0,0,r,"[[21, 31], [21, 31], [21, 31]]","[0, 0, 0]","[2, 3]",1,1.0000000000000002,3.0,3.0,1.0,1.0,1.0,1.0,1.0,1.6666666666666665,2.0,2.0,1.0,1.0,1.0,1.0,1.0,3.0,1.0,1.0,1.0,1.0,1.0,1.0,1.0,1.0,1.0,1.0,1.0,1.0,1.0,1.0,1.0,1.0,1.0,1.0,1.0,1.0,1.0,1.0,1.0,1.0,1.0,1.0,1.0,1.0
0.04,425,"[0, 3, 5, 7, 8]","[4, 28, 31]","[4, 28, 31]",1,1,b,"[[12, 24, 28, 32], [11, 17, 21, 31], [4, 28, 31]]","[0, 0, 1]","[4, 3]",1,1.0000000000000002,1.0000000000000002,1.0000000000000002,1.0,1.0,1.0,0.0,1.0,1.3333333333333333,1.0,3.0,0.75,0.5,0.25,1.0,1.0,3.0,1.0,1.0,1.0,1.0,1.0,1.0,1.0,1.0,1.0,1.0,1.0,1.0,1.0,1.0,1.0,1.0,1.0,1.0,1.0,1.0,1.0,1.0,1.0,1.0,1.0,1.0,1.0,1.0
0.04,426,"[1, 3, 5, 7, 8]","[15, 33]","[15, 33]",0,0,r,"[[15, 33], [15, 33], [15, 33]]","[0, 0, 0]","[2, 3]",1,1.0000000000000002,2.0000000000000004,2.0000000000000004,1.0,1.0,1.0,1.0,1.0,1.6666666666666665,2.0,2.0,1.0,1.0,1.0,1.0,1.0,3.0,1.0,1.0,1.0,1.0,1.0,1.0,1.0,1.0,1.0,1.0,1.0,1.0,1.0,1.0,1.0,1.0,1.0,1.0,1.0,1.0,1.0,1.0,1.0,1.0,1.0,1.0,1.0,1.0
0.04,427,"[0, 1, 3, 5, 7, 8]","[4, 16, 33]","[4, 16, 33]",1,1,r,"[[4, 16, 33], [4, 5, 21, 31], [4, 16, 33]]","[1, 0, 1]","[4, 3]",1,1.0000000000000002,1.0000000000000002,1.0000000000000002,1.0,1.0,1.0,0.0,1.0,1.5,1.0,3.0,0.75,0.5,0.25,1.0,1.0,3.0,1.0,1.0,1.0,1.0,1.0,1.0,1.0,1.0,1.0,1.0,1.0,1.0,1.0,1.0,1.0,1.0,1.0,1.0,1.0,1.0,1.0,1.0,1.0,1.0,1.0,1.0,1.0,1.0
0.04,428,"[2, 3, 5, 7, 8]","[0, 21, 31]","[0, 21, 31]",1,1,g,"[[1, 12, 24, 28, 32], [0, 21, 31], [0, 21, 31]]","[1, 1, 1]","[4, 3]",1,1.0000000000000002,1.0000000000000002,1.0000000000000002,1.0,1.0,1.0,0.0,0.0,1.3333333333333333,1.0,3.0,0.75,0.5,0.25,0.5,1.0,3.0,1.0,1.0,3.0,1.0,1.0,1.0,1.0,1.0,1.0,1.0,1.0,1.0,1.0,1.0,1.0,1.0,1.0,1.0,1.0,1.0,1.0,1.0,1.0,1.0,1.0,1.0,1.0,1.0
0.04,429,"[0, 2, 3, 5, 7, 8]","[1, 21, 31]","[1, 21, 31]",1,1,g,"[[4, 17, 24, 28, 32], [1, 21, 31], [1, 21, 31]]","[1, 1, 1]","[4, 3]",1,1.0000000000000002,1.0000000000000002,1.0000000000000002,1.0,1.0,1.0,0.0,0.0,1.3333333333333333,1.0,3.0,0.75,0.5,0.25,1.0,1.0,3.0,1.0,1.0,3.0,1.0,1.0,1.0,1.0,1.0,1.0,1.0,1.0,1.0,1.0,1.0,1.0,1.0,1.0,1.0,1.0,1.0,1.0,1.0,1.0,1.0,1.0,1.0,1.0,1.0
0.04,430,"[1, 2, 3, 5, 7, 8]","[0, 15, 33]","[0, 15, 33]",1,1,r,"[[0, 15, 33], [0, 15, 33], [0, 15, 33]]","[1, 1, 1]","[4, 3]",1,1.0000000000000002,1.0000000000000002,1.0000000000000002,1.0,1.0,1.0,1.0,1.0,1.6666666666666665,1.0,2.0,1.0,1.0,1.0,1.0,1.0,3.0,1.0,1.0,1.0,1.0,1.0,1.0,1.0,1.0,1.0,1.0,1.0,1.0,1.0,1.0,1.0,1.0,1.0,1.0,1.0,1.0,1.0,1.0,1.0,1.0,1.0,1.0,1.0,1.0
0.04,431,"[0, 1, 2, 3, 5, 7, 8]","[1, 15, 33]","[1, 15, 33]",1,1,r,"[[1, 15, 33], [1, 15, 33], [1, 15, 33]]","[1, 1, 1]","[4, 3]",1,1.0000000000000002,1.0000000000000002,1.0000000000000002,1.0,1.0,1.0,1.0,1.0,1.6666666666666665,1.5,2.0,1.0,1.0,1.0,1.0,1.0,3.0,1.0,1.0,1.0,1.0,1.0,1.0,1.0,1.0,1.0,1.0,1.0,1.0,1.0,1.0,1.0,1.0,1.0,1.0,1.0,1.0,1.0,1.0,1.0,1.0,1.0,1.0,1.0,1.0
0.04,432,"[4, 5, 7, 8]","[24, 28, 32]","[24, 28, 32]",0,0,r,"[[24, 28, 32], [24, 28, 32], [20, 21, 33]]","[0, 0, 0]","[3, 4]",1,1.0000000000000002,1.0000000000000002,1.0000000000000002,1.0,1.0,1.0,1.0,1.0,1.6666666666666665,1.0,3.0,1.0,1.0,1.0,1.0,1.0,3.0,1.0,1.0,5.0,1.0,1.0,1.0,1.0,1.0,1.0,1.0,1.0,1.0,1.0,1.0,1.0,1.0,1.0,1.0,1.0,1.0,1.0,1.0,1.0,1.0,1.0,1.0,1.0,1.0
0.04,433,"[0, 4, 5, 7, 8]","[12, 21, 31]","[12, 21, 31]",0,0,r,"[[12, 21, 31], [11, 17, 24, 28, 32], [12, 21, 31]]","[0, 0, 0]","[3, 4]",1,1.0000000000000002,1.0000000000000002,1.0000000000000002,1.0,1.0,1.0,0.0,0.0,1.3333333333333333,1.0,3.0,0.75,0.5,0.25,0.5,0.5,3.0,1.0,1.0,1.0,1.0,1.0,1.0,1.0,1.0,1.0,1.0,1.0,1.0,1.0,1.0,1.0,1.0,1.0,1.0,1.0,1.0,1.0,1.0,1.0,1.0,1.0,1.0,1.0,1.0
0.04,434,"[1, 4, 5, 7, 8]","[15, 20, 31]","[16, 24, 36]",0,0,r,"[[16, 24, 36], [16, 24, 36], [16, 24, 36]]","[0, 0, 0]","[3, 4]",1,1.0000000000000002,1.0000000000000002,1.0000000000000002,1.0,1.0,1.0,1.0,1.0,1.6666666666666665,1.0,3.0,1.0,1.0,1.0,1.0,1.0,3.0,1.0,1.0,3.0,1.0,1.0,1.0,1.0,1.0,1.0,1.0,1.0,1.0,1.0,1.0,1.0,1.0,1.0,1.0,1.0,1.0,1.0,1.0,1.0,1.0,1.0,1.0,1.0,1.0
0.04,435,"[0, 1, 4, 5, 7, 8]","[12, 15, 33]","[12, 15, 33]",0,0,r,"[[12, 15, 33], [4, 5, 24, 28, 32], [12, 15, 33]]","[0, 0, 0]","[3, 4]",1,1.0000000000000002,1.0000000000000002,1.0000000000000002,1.0,1.0,1.0,0.0,0.0,1.3333333333333333,1.0,3.0,0.75,0.5,0.25,0.5,0.5,3.0,1.0,1.0,1.0,1.0,1.0,1.0,1.0,1.0,1.0,1.0,1.0,1.0,1.0,1.0,1.0,1.0,1.0,1.0,1.0,1.0,1.0,1.0,1.0,1.0,1.0,1.0,1.0,1.0
0.04,436,"[2, 4, 5, 7, 8]","[17, 28, 31]","[17, 28, 31]",0,0,g,"[[0, 20, 21, 33], [17, 28, 31], [0, 20, 21, 33]]","[1, 0, 1]","[3, 4]",1,1.0000000000000002,1.0000000000000002,1.0000000000000002,1.0,1.0,1.0,0.0,1.0,1.6666666666666665,2.0,3.0,0.75,0.5,0.25,1.0,1.0,3.0,1.0,1.0,1.0,1.0,1.0,1.0,1.0,1.0,1.0,1.0,1.0,1.0,1.0,1.0,1.0,1.0,1.0,1.0,1.0,1.0,1.0,1.0,1.0,1.0,1.0,1.0,1.0,1.0
0.04,437,"[0, 2, 4, 5, 7, 8]","[11, 28, 31]","[11, 28, 31]",0,0,g,"[[1, 20, 21, 33], [11, 28, 31], [11, 28, 31]]","[1, 0, 0]","[3, 4]",1,1.0000000000000002,1.0000000000000002,1.0000000000000002,1.0,1.0,1.0,0.0,1.0,1.5,1.0,3.0,0.75,0.5,0.25,1.0,1.0,3.0,1.0,1.0,1.0,1.0,1.0,1.0,1.0,1.0,1.0,1.0,1.0,1.0,1.0,1.0,1.0,1.0,1.0,1.0,1.0,1.0,1.0,1.0,1.0,1.0,1.0,1.0,1.0,1.0
0.04,438,"[1, 2, 4, 5, 7, 8]","[16, 17, 33]","[16, 17, 33]",0,0,r,"[[16, 17, 33], [16, 17, 33], [16, 17, 33]]","[0, 0, 0]","[3, 4]",1,1.0000000000000002,1.0000000000000002,1.0000000000000002,1.0,1.0,1.0,1.0,1.0,1.6666666666666665,1.0,2.5,1.0,1.0,1.0,1.0,0.0,3.0,1.0,1.0,3.0,1.0,1.0,1.0,1.0,1.0,1.0,1.0,1.0,1.0,1.0,1.0,1.0,1.0,1.0,1.0,1.0,1.0,1.0,1.0,1.0,1.0,1.0,1.0,1.0,1.0
0.04,439,"[0, 1, 2, 4, 5, 7, 8]","[11, 16, 33]","[11, 16, 33]",0,0,r,"[[11, 16, 33], [11, 16, 33], [11, 16, 33]]","[0, 0, 0]","[3, 4]",1,1.0000000000000002,1.0000000000000002,1.0000000000000002,1.0,1.0,1.0,1.0,1.0,1.6666666666666665,1.5,2.0,1.0,1.0,1.0,1.0,1.0,3.0,1.0,1.0,1.0,1.0,1.0,1.0,1.0,1.0,1.0,1.0,1.0,1.0,1.0,1.0,1.0,1.0,1.0,1.0,1.0,1.0,1.0,1.0,1.0,1.0,1.0,1.0,1.0,1.0
0.04,440,"[3, 4, 5, 7, 8]","[21, 24, 32]","[21, 25, 36]",0,0,r,"[[21, 25, 36], [20, 28, 33], [20, 28, 33]]","[0, 0, 0]","[3, 4]",1,1.0000000000000002,1.0000000000000002,1.0000000000000002,1.0,1.0,1.0,1.0,1.0,1.6666666666666665,1.0,3.0,1.0,1.0,1.0,1.0,1.0,3.0,1.0,1.0,1.0,1.0,1.0,1.0,1.0,3.0,1.0,1.0,1.0,1.0,1.0,1.0,1.0,1.0,1.0,1.0,1.0,1.0,1.0,1.0,1.0,1.0,1.0,1.0,1.0,1.0
0.04,441,"[0, 3, 4, 5, 7, 8]","[12, 28, 31]","[12, 28, 31]",0,0,g,"[[4, 20, 21, 33], [12, 28, 31], [12, 28, 31]]","[1, 0, 0]","[3, 4]",1,1.0000000000000002,1.0000000000000002,1.0000000000000002,1.0,1.0,1.0,0.0,1.0,1.5,1.0,3.0,0.75,0.5,0.25,1.0,1.0,3.0,1.0,1.0,1.0,1.0,1.0,1.0,1.0,1.0,1.0,1.0,1.0,1.0,1.0,1.0,1.0,1.0,1.0,1.0,1.0,1.0,1.0,1.0,1.0,1.0,1.0,1.0,1.0,1.0
0.04,442,"[1, 3, 4, 5, 7, 8]","[16, 20, 31]","[15, 24, 36]",0,0,r,"[[15, 24, 36], [16, 20, 31], [15, 24, 36]]","[0, 0, 0]","[3, 4]",1,1.0000000000000002,1.0000000000000002,1.0000000000000002,1.0,1.0,1.0,0.5,0.5,1.6666666666666665,1.0,3.5,0.875,0.75,0.625,1.0,1.0,3.0,1.0,1.0,3.0,1.0,1.0,1.0,1.0,1.0,1.0,1.0,1.0,1.0,1.0,1.0,1.0,1.0,1.0,1.0,1.0,1.0,1.0,1.0,1.0,1.0,1.0,1.0,1.0,1.0
0.04,443,"[0, 1, 3, 4, 5, 7, 8]","[12, 16, 33]","[12, 16, 33]",0,0,r,"[[12, 16, 33], [12, 16, 33], [12, 16, 33]]","[0, 0, 0]","[3, 4]",1,1.0000000000000002,1.0000000000000002,1.0000000000000002,1.0,1.0,1.0,1.0,1.0,1.6666666666666665,1.5,2.0,1.0,1.0,1.0,1.0,1.0,3.0,1.0,1.0,1.0,1.0,1.0,1.0,1.0,1.0,1.0,1.0,1.0,1.0,1.0,1.0,1.0,1.0,1.0,1.0,1.0,1.0,1.0,1.0,1.0,1.0,1.0,1.0,1.0,1.0
0.04,444,"[2, 3, 4, 5, 7, 8]","[17, 21, 31]","[17, 21, 31]",0,0,g,"[[1, 4, 24, 28, 32], [17, 21, 31], [0, 20, 28, 33]]","[0, 0, 1]","[3, 4]",1,1.0000000000000002,1.0000000000000002,1.0000000000000002,1.0,1.0,1.0,0.0,0.0,1.6666666666666665,2.0,3.0,0.75,0.5,0.25,1.0,1.0,3.0,1.0,1.0,1.0,1.0,1.0,1.0,1.0,1.0,1.0,1.0,1.0,1.0,1.0,1.0,1.0,1.0,1.0,1.0,1.0,1.0,1.0,1.0,1.0,1.0,1.0,1.0,1.0,1.0
0.04,445,"[0, 2, 3, 4, 5, 7, 8]","[11, 21, 31]","[11, 21, 31]",0,0,g,"[[0, 4, 24, 28, 32], [11, 21, 31], [11, 21, 31]]","[0, 0, 0]","[3, 4]",1,1.0000000000000002,1.0000000000000002,1.0000000000000002,1.0,1.0,1.0,0.0,0.0,1.3333333333333333,1.0,3.0,0.75,0.5,0.25,1.0,1.0,3.0,1.0,1.0,3.0,1.0,1.0,1.0,1.0,1.0,1.0,1.0,1.0,1.0,1.0,1.0,1.0,1.0,1.0,1.0,1.0,1.0,1.0,1.0,1.0,1.0,1.0,1.0,1.0,1.0
0.04,446,"[1, 2, 3, 4, 5, 7, 8]","[15, 17, 33]","[15, 17, 33]",0,0,r,"[[15, 17, 33], [15, 17, 33], [15, 17, 33]]","[0, 0, 0]","[3, 4]",1,1.0000000000000002,1.0000000000000002,1.0000000000000002,1.0,1.0,1.0,1.0,1.0,1.6666666666666665,1.0,2.0,1.0,1.0,1.0,1.0,0.0,3.0,1.0,1.0,1.0,1.0,1.0,1.0,1.0,1.0,1.0,1.0,1.0,1.0,1.0,1.0,1.0,1.0,1.0,1.0,1.0,1.0,1.0,1.0,1.0,1.0,1.0,1.0,1.0,1.0
0.04,447,"[0, 1, 2, 3, 4, 5, 7, 8]","[11, 15, 33]","[11, 15, 33]",0,0,r,"[[11, 15, 33], [11, 15, 33], [11, 15, 33]]","[0, 0, 0]","[3, 4]",1,1.0000000000000002,1.0000000000000002,1.0000000000000002,1.0,1.0,1.0,1.0,1.0,1.6666666666666665,1.5,2.0,1.0,1.0,1.0,1.0,1.0,3.0,1.0,1.0,1.0,1.0,1.0,1.0,1.0,1.0,1.0,1.0,1.0,1.0,1.0,1.0,1.0,1.0,1.0,1.0,1.0,1.0,1.0,1.0,1.0,1.0,1.0,1.0,1.0,1.0
0.04,448,"[6, 7, 8]",[31],[31],0,0,r,"[[31], [31], [31]]","[0, 0, 0]","[1, 4]",3,3.0,3.0,3.000000000000001,3.0,3.0,3.0,3.0,3.0,3.3333333333333335,3.5,3.5,3.0,3.0,3.0,3.0,3.0,4.0,3.0,3.0,3.0,3.0,3.0,3.0,3.0,3.0,3.0,3.0,3.0,3.0,3.0,3.0,3.0,3.0,3.0,3.0,3.0,3.0,3.0,3.0,3.0,3.0,3.0,3.0,3.0,3.0
0.04,449,"[0, 6, 7, 8]","[11, 17, 31]","[12, 20, 33]",0,0,r,"[[12, 20, 33], [12, 20, 33], [0, 1, 31]]","[0, 0, 0]","[3, 4]",1,1.0000000000000002,1.0000000000000002,1.0000000000000002,1.0,1.0,1.0,1.0,1.0,1.6666666666666665,1.0,2.5,1.0,1.0,1.0,1.0,1.0,3.0,1.0,1.0,3.0,1.0,1.0,1.0,1.0,1.0,1.0,1.0,1.0,1.0,1.0,1.0,1.0,1.0,1.0,1.0,1.0,1.0,1.0,1.0,1.0,1.0,1.0,1.0,1.0,1.0
0.04,450,"[1, 6, 7, 8]","[8, 31]","[8, 31]",1,1,r,"[[8, 31], [8, 31], [8, 31]]","[1, 1, 1]","[3, 2]",1,1.0000000000000002,2.0000000000000004,2.0000000000000004,1.0,1.0,1.0,1.0,1.0,1.6666666666666667,1.5,2.5,1.0,1.0,1.0,1.0,1.0,3.0,1.0,1.0,1.0,1.0,1.0,1.0,1.0,1.0,1.0,1.0,1.0,1.0,1.0,1.0,1.0,1.0,1.0,1.0,1.0,1.0,1.0,1.0,1.0,1.0,1.0,1.0,1.0,1.0
0.04,451,"[0, 1, 6, 7, 8]","[4, 5, 31]","[4, 5, 31]",0,0,r,"[[4, 5, 31], [4, 5, 31], [4, 5, 31]]","[0, 0, 0]","[3, 4]",1,1.0000000000000002,1.0000000000000002,1.0000000000000002,1.0,1.0,1.0,1.0,1.0,1.6666666666666665,1.0,2.5,1.0,1.0,1.0,1.0,1.0,3.0,1.0,1.0,1.0,1.0,1.0,1.0,1.0,1.0,1.0,1.0,1.0,1.0,1.0,1.0,1.0,1.0,1.0,1.0,1.0,1.0,1.0,1.0,1.0,1.0,1.0,1.0,1.0,1.0
0.04,452,"[2, 6, 7, 8]","[0, 31]","[0, 31]",1,1,r,"[[0, 31], [0, 31], [0, 31]]","[1, 1, 1]","[3, 2]",1,1.0000000000000002,1.0000000000000002,1.0000000000000002,1.0,1.0,1.0,1.0,1.0,1.6666666666666665,1.5,2.5,1.0,1.0,1.0,1.0,1.0,3.0,1.0,1.0,1.0,1.0,1.0,1.0,1.0,1.0,1.0,1.0,1.0,1.0,1.0,1.0,1.0,1.0,1.0,1.0,1.0,1.0,1.0,1.0,1.0,1.0,1.0,1.0,1.0,1.0
0.04,453,"[0, 2, 6, 7, 8]","[1, 31]","[1, 31]",1,1,r,"[[1, 31], [1, 31], [1, 31]]","[1, 1, 1]","[3, 2]",1,1.0000000000000002,1.0000000000000002,2.0000000000000004,1.0,1.0,1.0,1.0,1.0,1.6666666666666665,2.0,2.0,1.0,1.0,1.0,1.0,1.0,3.0,1.0,1.0,1.0,1.0,1.0,1.0,1.0,1.0,1.0,1.0,1.0,1.0,1.0,1.0,1.0,1.0,1.0,1.0,1.0,1.0,1.0,1.0,1.0,1.0,1.0,1.0,1.0,1.0
0.04,454,"[1, 2, 6, 7, 8]","[0, 8, 31]","[0, 8, 31]",0,0,r,"[[0, 8, 31], [0, 8, 31], [0, 8, 31]]","[0, 0, 0]","[3, 4]",1,1.0000000000000002,1.0000000000000002,1.0000000000000002,1.0,1.0,1.0,1.0,1.0,1.6666666666666665,1.0,2.5,1.0,1.0,1.0,1.0,1.0,3.0,1.0,1.0,3.0,1.0,1.0,1.0,1.0,1.0,1.0,1.0,1.0,1.0,1.0,1.0,1.0,1.0,1.0,1.0,1.0,1.0,1.0,1.0,1.0,1.0,1.0,1.0,1.0,1.0
0.04,455,"[0, 1, 2, 6, 7, 8]","[1, 8, 31]","[1, 8, 31]",0,0,r,"[[1, 8, 31], [1, 8, 31], [1, 8, 31]]","[0, 0, 0]","[3, 4]",1,1.0000000000000002,1.0000000000000002,1.0000000000000002,1.0,1.0,1.0,1.0,1.0,1.6666666666666665,1.0,2.0,1.0,1.0,1.0,1.0,0.0,3.0,1.0,1.0,1.0,1.0,1.0,1.0,1.0,1.0,1.0,1.0,1.0,1.0,1.0,1.0,1.0,1.0,1.0,1.0,1.0,1.0,1.0,1.0,1.0,1.0,1.0,1.0,1.0,1.0
0.04,456,"[3, 6, 7, 8]","[15, 16, 31]","[20, 24, 36]",0,0,r,"[[20, 24, 36], [5, 8, 31], [20, 25, 32]]","[0, 0, 0]","[3, 4]",1,1.0000000000000002,1.0000000000000002,1.0000000000000002,1.0,1.0,1.0,0.0,0.0,1.0,0.5,1.0,0.75,0.5,0.25,0.0,1.0,3.0,3.0,3.0,3.0,3.0,1.0,3.0,3.0,1.0,1.0,1.0,1.0,1.0,1.0,1.0,1.0,1.0,1.0,1.0,1.0,1.0,1.0,1.0,1.0,1.0,1.0,1.0,1.0,1.0
0.04,457,"[0, 3, 6, 7, 8]","[4, 31]","[4, 31]",1,1,r,"[[4, 31], [4, 31], [4, 31]]","[1, 1, 1]","[3, 2]",1,1.0000000000000002,1.0000000000000002,3.000000000000001,1.0,1.0,1.0,1.0,1.0,1.6666666666666665,2.0,2.0,1.0,1.0,1.0,1.0,1.0,3.0,1.0,1.0,1.0,1.0,1.0,1.0,1.0,1.0,1.0,1.0,1.0,1.0,1.0,1.0,1.0,1.0,1.0,1.0,1.0,1.0,1.0,1.0,1.0,1.0,1.0,1.0,1.0,1.0
0.04,458,"[1, 3, 6, 7, 8]","[5, 31]","[5, 31]",1,1,r,"[[5, 31], [5, 31], [5, 31]]","[1, 1, 1]","[3, 2]",1,2.0000000000000004,2.0000000000000004,2.0000000000000004,1.0,3.0,2.0,1.5,1.5,2.1666666666666665,2.0,3.0,1.875,1.75,1.625,1.5,1.0,4.0,3.0,3.0,3.0,3.0,3.0,3.0,1.0,3.0,3.0,3.0,3.0,3.0,3.0,3.0,1.0,3.0,1.0,1.0,1.0,1.0,1.0,1.0,1.0,1.0,1.0,1.0,1.0,1.0
0.04,459,"[0, 1, 3, 6, 7, 8]","[4, 8, 31]","[4, 8, 31]",0,0,r,"[[4, 8, 31], [4, 8, 31], [4, 8, 31]]","[0, 0, 0]","[3, 4]",1,1.0000000000000002,1.0000000000000002,1.0000000000000002,1.0,1.0,1.0,1.0,1.0,1.6666666666666665,1.0,2.5,1.0,1.0,1.0,1.0,1.0,3.0,1.0,1.0,1.0,1.0,1.0,1.0,1.0,1.0,1.0,1.0,1.0,1.0,1.0,1.0,1.0,1.0,1.0,1.0,1.0,1.0,1.0,1.0,1.0,1.0,1.0,1.0,1.0,1.0
0.04,460,"[2, 3, 6, 7, 8]","[11, 12, 31]","[17, 20, 33]",0,0,r,"[[17, 20, 33], [1, 4, 31], [1, 4, 31]]","[0, 0, 0]","[3, 4]",1,1.0000000000000002,1.0000000000000002,1.0000000000000002,1.0,1.0,1.0,0.5,0.5,1.6666666666666665,1.0,3.0,0.875,0.75,0.625,1.0,1.0,3.0,1.0,1.0,3.0,1.0,1.0,1.0,1.0,1.0,1.0,1.0,1.0,1.0,1.0,1.0,1.0,1.0,1.0,1.0,1.0,1.0,1.0,1.0,1.0,1.0,1.0,1.0,1.0,1.0
0.04,461,"[0, 2, 3, 6, 7, 8]","[12, 17, 31]","[0, 4, 31]",0,0,r,"[[0, 4, 31], [0, 4, 31], [0, 4, 31]]","[0, 0, 0]","[3, 4]",1,1.0000000000000002,1.0000000000000002,1.0000000000000002,1.0,1.0,1.0,0.5,0.5,1.6666666666666665,1.0,2.5,0.875,0.75,0.625,1.0,1.0,3.0,1.0,1.0,3.0,1.0,1.0,1.0,1.0,1.0,1.0,1.0,1.0,1.0,1.0,1.0,1.0,1.0,1.0,1.0,1.0,1.0,1.0,1.0,1.0,1.0,1.0,1.0,1.0,1.0
0.04,462,"[1, 2, 3, 6, 7, 8]","[0, 5, 31]","[0, 5, 31]",0,0,r,"[[0, 5, 31], [0, 5, 31], [0, 5, 31]]","[0, 0, 0]","[3, 4]",1,1.0000000000000002,1.0000000000000002,1.0000000000000002,1.0,1.0,1.0,1.0,1.0,1.6666666666666665,1.0,2.5,1.0,1.0,1.0,1.0,0.5,3.0,1.0,1.0,3.0,1.0,1.0,1.0,1.0,1.0,1.0,1.0,1.0,1.0,1.0,1.0,1.0,1.0,1.0,1.0,1.0,1.0,1.0,1.0,1.0,1.0,1.0,1.0,1.0,1.0
0.04,463,"[0, 1, 2, 3, 6, 7, 8]","[1, 5, 31]","[1, 5, 31]",0,0,r,"[[1, 5, 31], [1, 5, 31], [1, 5, 31]]","[0, 0, 0]","[3, 4]",1,1.0000000000000002,1.0000000000000002,1.0000000000000002,1.0,1.0,1.0,1.0,1.0,1.6666666666666665,1.0,2.0,1.0,1.0,1.0,1.0,0.0,3.0,1.0,1.0,1.0,1.0,1.0,1.0,1.0,1.0,1.0,1.0,1.0,1.0,1.0,1.0,1.0,1.0,1.0,1.0,1.0,1.0,1.0,1.0,1.0,1.0,1.0,1.0,1.0,1.0
0.04,464,"[4, 6, 7, 8]","[24, 32]","[25, 36]",0,0,r,"[[25, 36], [24, 32], [25, 36]]","[0, 0, 0]","[2, 3]",1,1.0000000000000002,1.0000000000000002,3.000000000000001,1.0,1.0,1.0,1.0,1.0,2.333333333333333,2.0,3.0,1.0,1.0,1.0,1.0,1.0,3.0,1.0,1.0,1.0,1.0,1.0,1.0,1.0,3.0,1.0,1.0,1.0,1.0,1.0,1.0,1.0,1.0,1.0,1.0,1.0,1.0,1.0,1.0,1.0,1.0,1.0,1.0,1.0,1.0
0.04,465,"[0, 4, 6, 7, 8]","[1, 17, 31]","[4, 20, 33]",1,1,r,"[[4, 20, 33], [11, 17, 24, 32], [0, 11, 31]]","[1, 0, 1]","[4, 3]",1,1.0000000000000002,1.0000000000000002,1.0000000000000002,1.0,1.0,1.0,0.0,1.0,1.3333333333333333,1.0,2.5,0.75,0.5,0.25,1.0,1.0,3.0,1.0,1.0,1.0,1.0,1.0,1.0,1.0,1.0,1.0,1.0,1.0,1.0,1.0,1.0,1.0,1.0,1.0,1.0,1.0,1.0,1.0,1.0,1.0,1.0,1.0,1.0,1.0,1.0
0.04,466,"[1, 4, 6, 7, 8]","[8, 24, 32]","[8, 25, 36]",1,1,r,"[[8, 25, 36], [8, 24, 32], [5, 20, 33]]","[1, 1, 1]","[4, 3]",1,1.0000000000000002,1.0000000000000002,1.0000000000000002,1.0,1.0,1.0,1.0,1.0,1.6666666666666665,1.0,3.0,1.0,1.0,1.0,1.0,1.0,3.0,1.0,1.0,1.0,1.0,1.0,1.0,1.0,1.0,1.0,1.0,1.0,1.0,1.0,1.0,1.0,1.0,1.0,1.0,1.0,1.0,1.0,1.0,1.0,1.0,1.0,1.0,1.0,1.0
0.04,467,"[0, 1, 4, 6, 7, 8]","[5, 12, 31]","[5, 12, 31]",1,1,r,"[[5, 12, 31], [4, 5, 24, 32], [5, 12, 31]]","[1, 0, 1]","[4, 3]",1,1.0000000000000002,1.0000000000000002,1.0000000000000002,1.0,1.0,1.0,0.0,1.0,1.5,1.0,2.5,0.75,0.5,0.25,0.5,0.5,3.0,1.0,1.0,1.0,1.0,1.0,1.0,1.0,1.0,1.0,1.0,1.0,1.0,1.0,1.0,1.0,1.0,1.0,1.0,1.0,1.0,1.0,1.0,1.0,1.0,1.0,1.0,1.0,1.0
0.04,468,"[2, 4, 6, 7, 8]","[17, 31]","[17, 31]",0,0,r,"[[17, 31], [17, 31], [0, 25, 36]]","[0, 0, 1]","[2, 3]",1,1.0000000000000002,1.0000000000000002,2.0000000000000004,1.0,1.0,1.0,0.0,1.0,1.5,1.0,3.5,0.75,0.5,0.25,0.0,0.0,3.0,1.0,1.0,1.0,1.0,1.0,1.0,1.0,1.0,1.0,1.0,1.0,1.0,1.0,1.0,1.0,1.0,1.0,1.0,1.0,1.0,1.0,1.0,1.0,1.0,1.0,1.0,1.0,1.0
0.04,469,"[0, 2, 4, 6, 7, 8]","[11, 31]","[11, 31]",0,0,r,"[[11, 31], [11, 31], [11, 31]]","[0, 0, 0]","[2, 3]",1,1.0000000000000002,1.0000000000000002,2.0000000000000004,1.0,1.0,1.0,1.0,1.0,1.6666666666666665,2.0,2.0,1.0,1.0,1.0,1.0,1.0,3.0,1.0,1.0,1.0,1.0,1.0,1.0,1.0,1.0,1.0,1.0,1.0,1.0,1.0,1.0,1.0,1.0,1.0,1.0,1.0,1.0,1.0,1.0,1.0,1.0,1.0,1.0,1.0,1.0
0.04,470,"[1, 2, 4, 6, 7, 8]","[8, 17, 31]","[8, 17, 31]",1,1,r,"[[8, 17, 31], [8, 17, 31], [0, 5, 20, 33]]","[1, 1, 0]","[4, 3]",1,1.0000000000000002,1.0000000000000002,1.0000000000000002,1.0,1.0,1.0,0.0,1.0,1.5,1.0,2.5,0.75,0.5,0.25,0.5,0.5,3.0,1.0,1.0,1.0,1.0,1.0,1.0,1.0,1.0,1.0,1.0,1.0,1.0,1.0,1.0,1.0,1.0,1.0,1.0,1.0,1.0,1.0,1.0,1.0,1.0,1.0,1.0,1.0,1.0
0.04,471,"[0, 1, 2, 4, 6, 7, 8]","[8, 11, 31]","[8, 11, 31]",1,1,r,"[[8, 11, 31], [8, 11, 31], [8, 11, 31]]","[1, 1, 1]","[4, 3]",1,1.0000000000000002,1.0000000000000002,1.0000000000000002,1.0,1.0,1.0,1.0,1.0,1.6666666666666665,1.5,2.0,1.0,1.0,1.0,1.0,1.0,3.0,1.0,1.0,1.0,1.0,1.0,1.0,1.0,1.0,1.0,1.0,1.0,1.0,1.0,1.0,1.0,1.0,1.0,1.0,1.0,1.0,1.0,1.0,1.0,1.0,1.0,1.0,1.0,1.0
0.04,472,"[3, 4, 6, 7, 8]","[20, 33]","[20, 33]",0,0,r,"[[20, 33], [20, 33], [20, 33]]","[0, 0, 0]","[2, 5]",3,2.0000000000000004,2.0000000000000004,3.000000000000001,1.0,3.0,2.0,1.0,1.0,2.3333333333333335,2.5,3.5,1.75,1.5,1.25,1.5,1.0,4.0,3.0,3.0,5.0,3.0,3.0,3.0,3.0,3.0,3.0,3.0,3.0,3.0,3.0,3.0,3.0,3.0,3.0,3.0,3.0,3.0,3.0,3.0,3.0,3.0,3.0,3.0,3.0,3.0
0.04,473,"[0, 3, 4, 6, 7, 8]","[12, 31]","[12, 31]",0,0,r,"[[12, 31], [12, 31], [12, 31]]","[0, 0, 0]","[2, 3]",1,1.0000000000000002,1.0000000000000002,3.000000000000001,1.0,1.0,1.0,1.0,1.0,1.6666666666666665,2.0,2.0,1.0,1.0,1.0,1.0,0.5,3.0,1.0,1.0,1.0,1.0,1.0,1.0,1.0,1.0,1.0,1.0,1.0,1.0,1.0,1.0,1.0,1.0,1.0,1.0,1.0,1.0,1.0,1.0,1.0,1.0,1.0,1.0,1.0,1.0
0.04,474,"[1, 3, 4, 6, 7, 8]","[5, 24, 32]","[5, 25, 36]",1,1,r,"[[5, 25, 36], [8, 20, 33], [8, 20, 33]]","[1, 1, 1]","[4, 3]",1,1.0000000000000002,1.0000000000000002,1.0000000000000002,1.0,1.0,1.0,1.0,1.0,1.9999999999999998,1.0,4.0,1.0,1.0,1.0,1.0,1.0,3.0,1.0,1.0,1.0,1.0,1.0,1.0,1.0,3.0,1.0,1.0,1.0,1.0,1.0,1.0,1.0,1.0,1.0,1.0,1.0,1.0,1.0,1.0,1.0,1.0,1.0,1.0,1.0,1.0
0.04,475,"[0, 1, 3, 4, 6, 7, 8]","[8, 12, 31]","[8, 12, 31]",1,1,r,"[[8, 12, 31], [8, 12, 31], [8, 12, 31]]","[1, 1, 1]","[4, 3]",1,1.0000000000000002,1.0000000000000002,1.0000000000000002,1.0,1.0,1.0,1.0,1.0,1.6666666666666665,1.5,2.5,1.0,1.0,1.0,1.0,0.5,3.0,1.0,1.0,3.0,1.0,1.0,1.0,1.0,1.0,1.0,1.0,1.0,1.0,1.0,1.0,1.0,1.0,1.0,1.0,1.0,1.0,1.0,1.0,1.0,1.0,1.0,1.0,1.0,1.0
0.04,476,"[2, 3, 4, 6, 7, 8]","[1, 12, 31]","[0, 20, 33]",1,1,r,"[[0, 20, 33], [4, 11, 31], [0, 20, 33]]","[1, 1, 1]","[4, 3]",1,1.0000000000000002,1.0000000000000002,1.0000000000000002,1.0,1.0,1.0,0.5,0.5,1.833333333333333,1.0,3.5,0.875,0.75,0.625,0.5,0.5,3.0,1.0,1.0,3.0,1.0,1.0,1.0,1.0,1.0,1.0,1.0,1.0,1.0,1.0,1.0,1.0,1.0,1.0,1.0,1.0,1.0,1.0,1.0,1.0,1.0,1.0,1.0,1.0,1.0
0.04,477,"[0, 2, 3, 4, 6, 7, 8]","[4, 17, 31]","[4, 17, 31]",1,1,r,"[[4, 17, 31], [4, 17, 31], [0, 12, 31]]","[1, 1, 1]","[4, 3]",1,1.0000000000000002,1.0000000000000002,1.0000000000000002,1.0,1.0,1.0,0.5,0.5,1.6666666666666665,1.0,2.5,0.875,0.75,0.625,1.0,1.0,3.0,1.0,1.0,1.0,1.0,1.0,1.0,1.0,1.0,1.0,1.0,1.0,1.0,1.0,1.0,1.0,1.0,1.0,1.0,1.0,1.0,1.0,1.0,1.0,1.0,1.0,1.0,1.0,1.0
0.04,478,"[1, 2, 3, 4, 6, 7, 8]","[5, 17, 31]","[5, 17, 31]",1,1,r,"[[5, 17, 31], [5, 17, 31], [0, 8, 20, 33]]","[1, 1, 0]","[4, 3]",1,1.0000000000000002,1.0000000000000002,1.0000000000000002,1.0,1.0,1.0,0.0,1.0,1.5,1.0,2.5,0.75,0.5,0.25,0.5,0.5,3.0,1.0,1.0,1.0,1.0,1.0,1.0,1.0,1.0,1.0,1.0,1.0,1.0,1.0,1.0,1.0,1.0,1.0,1.0,1.0,1.0,1.0,1.0,1.0,1.0,1.0,1.0,1.0,1.0
0.04,479,"[0, 1, 2, 3, 4, 6, 7, 8]","[5, 11, 31]","[5, 11, 31]",1,1,r,"[[5, 11, 31], [5, 11, 31], [5, 11, 31]]","[1, 1, 1]","[4, 3]",1,1.0000000000000002,1.0000000000000002,1.0000000000000002,1.0,1.0,1.0,0.5,0.5,1.6666666666666665,1.5,2.0,1.0,1.0,0.875,0.5,0.5,3.0,1.0,1.0,1.0,1.0,1.0,1.0,1.0,1.0,1.0,1.0,1.0,1.0,1.0,1.0,1.0,1.0,1.0,1.0,1.0,1.0,1.0,1.0,1.0,1.0,1.0,1.0,1.0,1.0
0.04,480,"[5, 6, 7, 8]","[28, 33]","[28, 33]",0,0,g,"[[5, 15, 31], [28, 33], [28, 33]]","[1, 0, 0]","[2, 3]",1,1.0000000000000002,1.0000000000000002,2.0000000000000004,1.0,1.0,1.0,0.0,1.0,1.5,1.0,3.5,0.75,0.5,0.25,1.0,1.0,3.0,1.0,1.0,1.0,1.0,1.0,1.0,1.0,1.0,1.0,1.0,1.0,1.0,1.0,1.0,1.0,1.0,1.0,1.0,1.0,1.0,1.0,1.0,1.0,1.0,1.0,1.0,1.0,1.0
0.04,481,"[0, 5, 6, 7, 8]","[4, 21, 33]","[4, 21, 33]",1,1,r,"[[4, 21, 33], [11, 17, 28, 33], [4, 21, 33]]","[1, 0, 1]","[4, 3]",1,1.0000000000000002,1.0000000000000002,1.0000000000000002,1.0,1.0,1.0,0.0,1.0,1.5,1.0,3.0,0.75,0.5,0.25,1.0,1.0,3.0,1.0,1.0,1.0,1.0,1.0,1.0,1.0,1.0,1.0,1.0,1.0,1.0,1.0,1.0,1.0,1.0,1.0,1.0,1.0,1.0,1.0,1.0,1.0,1.0,1.0,1.0,1.0,1.0
0.04,482,"[1, 5, 6, 7, 8]","[16, 31]","[16, 31]",0,0,r,"[[16, 31], [16, 31], [16, 31]]","[0, 0, 0]","[2, 3]",1,1.0000000000000002,2.0000000000000004,2.0000000000000004,1.0,1.0,1.0,1.0,1.0,1.6666666666666665,1.5,2.5,1.0,1.0,1.0,1.0,0.5,3.0,1.0,1.0,1.0,1.0,1.0,1.0,1.0,1.0,1.0,1.0,1.0,1.0,1.0,1.0,1.0,1.0,1.0,1.0,1.0,1.0,1.0,1.0,1.0,1.0,1.0,1.0,1.0,1.0
0.04,483,"[0, 1, 5, 6, 7, 8]","[4, 15, 31]","[4, 15, 31]",1,1,r,"[[4, 15, 31], [12, 16, 20, 33], [4, 15, 31]]","[1, 0, 1]","[4, 3]",1,1.0000000000000002,1.0000000000000002,1.0000000000000002,1.0,1.0,1.0,0.0,1.0,1.5,1.0,3.0,0.75,0.5,0.25,1.0,1.0,3.0,1.0,1.0,1.0,1.0,1.0,1.0,1.0,1.0,1.0,1.0,1.0,1.0,1.0,1.0,1.0,1.0,1.0,1.0,1.0,1.0,1.0,1.0,1.0,1.0,1.0,1.0,1.0,1.0
0.04,484,"[2, 5, 6, 7, 8]","[0, 28, 33]","[0, 28, 33]",1,1,g,"[[17, 25, 28, 32], [0, 28, 33], [0, 28, 33]]","[0, 1, 1]","[4, 3]",1,1.0000000000000002,1.0000000000000002,1.0000000000000002,1.0,1.0,1.0,0.0,1.0,1.5,1.0,3.0,0.75,0.5,0.25,1.0,1.0,3.0,1.0,1.0,1.0,1.0,1.0,1.0,1.0,1.0,1.0,1.0,1.0,1.0,1.0,1.0,1.0,1.0,1.0,1.0,1.0,1.0,1.0,1.0,1.0,1.0,1.0,1.0,1.0,1.0
0.04,485,"[0, 2, 5, 6, 7, 8]","[1, 28, 33]","[1, 28, 33]",1,1,g,"[[11, 25, 28, 32], [1, 28, 33], [1, 28, 33]]","[0, 1, 1]","[4, 3]",1,1.0000000000000002,1.0000000000000002,1.0000000000000002,1.0,1.0,1.0,0.0,1.0,1.5,1.0,3.0,0.75,0.5,0.25,1.0,1.0,3.0,1.0,1.0,1.0,1.0,1.0,1.0,1.0,1.0,1.0,1.0,1.0,1.0,1.0,1.0,1.0,1.0,1.0,1.0,1.0,1.0,1.0,1.0,1.0,1.0,1.0,1.0,1.0,1.0
0.04,486,"[1, 2, 5, 6, 7, 8]","[0, 16, 31]","[0, 16, 31]",1,1,r,"[[0, 16, 31], [0, 16, 31], [0, 16, 31]]","[1, 1, 1]","[4, 3]",1,1.0000000000000002,1.0000000000000002,1.0000000000000002,1.0,1.0,1.0,1.0,1.0,1.6666666666666665,1.5,2.5,1.0,1.0,1.0,1.0,1.0,3.0,1.0,1.0,1.0,1.0,1.0,1.0,1.0,1.0,1.0,1.0,1.0,1.0,1.0,1.0,1.0,1.0,1.0,1.0,1.0,1.0,1.0,1.0,1.0,1.0,1.0,1.0,1.0,1.0
0.04,487,"[0, 1, 2, 5, 6, 7, 8]","[1, 16, 31]","[1, 16, 31]",1,1,r,"[[1, 16, 31], [1, 16, 31], [1, 16, 31]]","[1, 1, 1]","[4, 3]",1,1.0000000000000002,1.0000000000000002,1.0000000000000002,1.0,1.0,1.0,1.0,1.0,1.6666666666666665,1.5,2.0,1.0,1.0,1.0,1.0,1.0,3.0,1.0,1.0,1.0,1.0,1.0,1.0,1.0,1.0,1.0,1.0,1.0,1.0,1.0,1.0,1.0,1.0,1.0,1.0,1.0,1.0,1.0,1.0,1.0,1.0,1.0,1.0,1.0,1.0
0.04,488,"[3, 5, 6, 7, 8]","[21, 33]","[21, 33]",0,0,r,"[[21, 33], [21, 33], [21, 33]]","[0, 0, 0]","[2, 3]",1,1.0000000000000002,3.0,3.0,1.0,1.0,1.0,1.0,1.0,1.6666666666666665,2.0,2.0,1.0,1.0,1.0,1.0,1.0,3.0,1.0,1.0,1.0,1.0,1.0,1.0,1.0,1.0,1.0,1.0,1.0,1.0,1.0,1.0,1.0,1.0,1.0,1.0,1.0,1.0,1.0,1.0,1.0,1.0,1.0,1.0,1.0,1.0
0.04,489,"[0, 3, 5, 6, 7, 8]","[4, 28, 33]","[4, 28, 33]",1,1,b,"[[12, 25, 28, 32], [11, 17, 21, 33], [4, 28, 33]]","[0, 0, 1]","[4, 3]",1,1.0000000000000002,1.0000000000000002,1.0000000000000002,1.0,1.0,1.0,0.0,1.0,1.3333333333333333,1.0,3.0,0.75,0.5,0.25,1.0,1.0,3.0,1.0,1.0,1.0,1.0,1.0,1.0,1.0,1.0,1.0,1.0,1.0,1.0,1.0,1.0,1.0,1.0,1.0,1.0,1.0,1.0,1.0,1.0,1.0,1.0,1.0,1.0,1.0,1.0
0.04,490,"[1, 3, 5, 6, 7, 8]","[15, 31]","[15, 31]",0,0,r,"[[15, 31], [15, 31], [15, 31]]","[0, 0, 0]","[2, 3]",1,1.0000000000000002,2.0000000000000004,2.0000000000000004,1.0,1.0,1.0,1.0,1.0,1.6666666666666665,2.0,2.0,1.0,1.0,1.0,1.0,1.0,3.0,1.0,1.0,1.0,1.0,1.0,1.0,1.0,1.0,1.0,1.0,1.0,1.0,1.0,1.0,1.0,1.0,1.0,1.0,1.0,1.0,1.0,1.0,1.0,1.0,1.0,1.0,1.0,1.0
0.04,491,"[0, 1, 3, 5, 6, 7, 8]","[4, 16, 31]","[4, 16, 31]",1,1,r,"[[4, 16, 31], [12, 15, 20, 33], [4, 16, 31]]","[1, 0, 1]","[4, 3]",1,1.0000000000000002,1.0000000000000002,1.0000000000000002,1.0,1.0,1.0,0.0,1.0,1.5,1.0,3.0,0.75,0.5,0.25,1.0,1.0,3.0,1.0,1.0,1.0,1.0,1.0,1.0,1.0,1.0,1.0,1.0,1.0,1.0,1.0,1.0,1.0,1.0,1.0,1.0,1.0,1.0,1.0,1.0,1.0,1.0,1.0,1.0,1.0,1.0
0.04,492,"[2, 3, 5, 6, 7, 8]","[0, 21, 33]","[0, 21, 33]",1,1,r,"[[0, 21, 33], [0, 21, 33], [0, 21, 33]]","[1, 1, 1]","[4, 3]",1,1.0000000000000002,1.0000000000000002,1.0000000000000002,1.0,1.0,1.0,1.0,1.0,1.6666666666666665,1.0,2.0,1.0,1.0,1.0,1.0,1.0,3.0,1.0,1.0,1.0,1.0,1.0,1.0,1.0,1.0,1.0,1.0,1.0,1.0,1.0,1.0,1.0,1.0,1.0,1.0,1.0,1.0,1.0,1.0,1.0,1.0,1.0,1.0,1.0,1.0
0.04,493,"[0, 2, 3, 5, 6, 7, 8]","[1, 21, 33]","[1, 21, 33]",1,1,g,"[[4, 17, 25, 28, 32], [1, 21, 33], [1, 21, 33]]","[1, 1, 1]","[4, 3]",1,1.0000000000000002,1.0000000000000002,1.0000000000000002,1.0,1.0,1.0,0.0,0.0,1.3333333333333333,1.0,3.0,0.75,0.5,0.25,1.0,1.0,3.0,1.0,1.0,3.0,1.0,1.0,1.0,1.0,1.0,1.0,1.0,1.0,1.0,1.0,1.0,1.0,1.0,1.0,1.0,1.0,1.0,1.0,1.0,1.0,1.0,1.0,1.0,1.0,1.0
0.04,494,"[1, 2, 3, 5, 6, 7, 8]","[0, 15, 31]","[0, 15, 31]",1,1,r,"[[0, 15, 31], [0, 15, 31], [0, 15, 31]]","[1, 1, 1]","[4, 3]",1,1.0000000000000002,1.0000000000000002,1.0000000000000002,1.0,1.0,1.0,1.0,1.0,1.6666666666666665,1.5,2.0,1.0,1.0,1.0,1.0,1.0,3.0,1.0,1.0,1.0,1.0,1.0,1.0,1.0,1.0,1.0,1.0,1.0,1.0,1.0,1.0,1.0,1.0,1.0,1.0,1.0,1.0,1.0,1.0,1.0,1.0,1.0,1.0,1.0,1.0
0.04,495,"[0, 1, 2, 3, 5, 6, 7, 8]","[1, 15, 31]","[1, 15, 31]",1,1,r,"[[1, 15, 31], [1, 15, 31], [1, 15, 31]]","[1, 1, 1]","[4, 3]",1,1.0000000000000002,1.0000000000000002,1.0000000000000002,1.0,1.0,1.0,1.0,1.0,1.6666666666666665,1.5,2.0,1.0,1.0,1.0,1.0,1.0,3.0,1.0,1.0,1.0,1.0,1.0,1.0,1.0,1.0,1.0,1.0,1.0,1.0,1.0,1.0,1.0,1.0,1.0,1.0,1.0,1.0,1.0,1.0,1.0,1.0,1.0,1.0,1.0,1.0
0.04,496,"[4, 5, 6, 7, 8]","[20, 21, 31]","[25, 28, 32]",0,0,r,"[[25, 28, 32], [24, 28, 36], [20, 21, 31]]","[0, 0, 0]","[3, 4]",1,1.0000000000000002,1.0000000000000002,1.0000000000000002,1.0,1.0,1.0,1.0,1.0,1.6666666666666665,1.0,3.0,1.0,1.0,1.0,1.0,1.0,3.0,1.0,1.0,3.0,1.0,1.0,1.0,1.0,1.0,1.0,1.0,1.0,1.0,1.0,1.0,1.0,1.0,1.0,1.0,1.0,1.0,1.0,1.0,1.0,1.0,1.0,1.0,1.0,1.0
0.04,497,"[0, 4, 5, 6, 7, 8]","[12, 21, 33]","[12, 21, 33]",0,0,r,"[[12, 21, 33], [11, 17, 24, 28, 36], [12, 21, 33]]","[0, 0, 0]","[3, 4]",1,1.0000000000000002,1.0000000000000002,1.0000000000000002,1.0,1.0,1.0,0.0,0.0,1.3333333333333333,1.0,3.0,0.75,0.5,0.25,0.5,0.5,3.0,1.0,1.0,1.0,1.0,1.0,1.0,1.0,1.0,1.0,1.0,1.0,1.0,1.0,1.0,1.0,1.0,1.0,1.0,1.0,1.0,1.0,1.0,1.0,1.0,1.0,1.0,1.0,1.0
0.04,498,"[1, 4, 5, 6, 7, 8]","[16, 24, 32]","[16, 25, 36]",0,0,r,"[[16, 25, 36], [16, 24, 32], [15, 20, 33]]","[0, 0, 0]","[3, 4]",1,1.0000000000000002,1.0000000000000002,1.0000000000000002,1.0,1.0,1.0,1.0,1.0,1.6666666666666665,1.0,3.0,1.0,1.0,1.0,1.0,1.0,3.0,1.0,1.0,1.0,1.0,1.0,1.0,1.0,1.0,1.0,1.0,1.0,1.0,1.0,1.0,1.0,1.0,1.0,1.0,1.0,1.0,1.0,1.0,1.0,1.0,1.0,1.0,1.0,1.0
0.04,499,"[0, 1, 4, 5, 6, 7, 8]","[12, 15, 31]","[12, 15, 31]",0,0,r,"[[12, 15, 31], [4, 5, 24, 28, 36], [12, 15, 31]]","[0, 0, 0]","[3, 4]",1,1.0000000000000002,1.0000000000000002,1.0000000000000002,1.0,1.0,1.0,0.0,0.0,1.3333333333333333,1.0,3.0,0.75,0.5,0.25,0.5,0.5,3.0,1.0,1.0,1.0,1.0,1.0,1.0,1.0,1.0,1.0,1.0,1.0,1.0,1.0,1.0,1.0,1.0,1.0,1.0,1.0,1.0,1.0,1.0,1.0,1.0,1.0,1.0,1.0,1.0
0.04,500,"[2, 4, 5, 6, 7, 8]","[17, 28, 33]","[17, 28, 33]",0,0,g,"[[0, 20, 21, 31], [17, 28, 33], [0, 20, 21, 31]]","[1, 0, 1]","[3, 4]",1,1.0000000000000002,1.0000000000000002,1.0000000000000002,1.0,1.0,1.0,0.0,1.0,1.6666666666666665,2.0,3.0,0.75,0.5,0.25,1.0,1.0,3.0,1.0,1.0,1.0,1.0,1.0,1.0,1.0,1.0,1.0,1.0,1.0,1.0,1.0,1.0,1.0,1.0,1.0,1.0,1.0,1.0,1.0,1.0,1.0,1.0,1.0,1.0,1.0,1.0
0.04,501,"[0, 2, 4, 5, 6, 7, 8]","[11, 28, 33]","[11, 28, 33]",0,0,g,"[[1, 20, 21, 31], [11, 28, 33], [11, 28, 33]]","[1, 0, 0]","[3, 4]",1,1.0000000000000002,1.0000000000000002,1.0000000000000002,1.0,1.0,1.0,0.0,1.0,1.5,1.0,3.0,0.75,0.5,0.25,1.0,1.0,3.0,1.0,1.0,1.0,1.0,1.0,1.0,1.0,1.0,1.0,1.0,1.0,1.0,1.0,1.0,1.0,1.0,1.0,1.0,1.0,1.0,1.0,1.0,1.0,1.0,1.0,1.0,1.0,1.0
0.04,502,"[1, 2, 4, 5, 6, 7, 8]","[16, 17, 31]","[16, 17, 31]",0,0,r,"[[16, 17, 31], [16, 17, 31], [0, 15, 20, 33]]","[0, 0, 1]","[3, 4]",1,1.0000000000000002,1.0000000000000002,1.0000000000000002,1.0,1.0,1.0,0.0,1.0,1.5,1.0,3.5,0.75,0.5,0.25,0.5,0.5,3.0,1.0,1.0,1.0,1.0,1.0,1.0,1.0,1.0,1.0,1.0,1.0,1.0,1.0,1.0,1.0,1.0,1.0,1.0,1.0,1.0,1.0,1.0,1.0,1.0,1.0,1.0,1.0,1.0
0.04,503,"[0, 1, 2, 4, 5, 6, 7, 8]","[11, 16, 31]","[11, 16, 31]",0,0,r,"[[11, 16, 31], [11, 16, 31], [11, 16, 31]]","[0, 0, 0]","[3, 4]",1,1.0000000000000002,1.0000000000000002,1.0000000000000002,1.0,1.0,1.0,1.0,1.0,1.6666666666666665,1.5,2.0,1.0,1.0,1.0,1.0,1.0,3.0,1.0,1.0,1.0,1.0,1.0,1.0,1.0,1.0,1.0,1.0,1.0,1.0,1.0,1.0,1.0,1.0,1.0,1.0,1.0,1.0,1.0,1.0,1.0,1.0,1.0,1.0,1.0,1.0
0.04,504,"[3, 4, 5, 6, 7, 8]","[20, 28, 31]","[21, 24, 36]",0,0,r,"[[21, 24, 36], [20, 28, 31], [20, 28, 31]]","[0, 0, 0]","[3, 4]",1,1.0000000000000002,1.0000000000000002,1.0000000000000002,1.0,1.0,1.0,1.0,1.0,1.6666666666666665,1.0,3.0,1.0,1.0,1.0,1.0,1.0,3.0,3.0,3.0,3.0,3.0,1.0,3.0,3.0,1.0,1.0,1.0,1.0,1.0,1.0,1.0,1.0,1.0,1.0,1.0,1.0,1.0,1.0,1.0,1.0,1.0,1.0,1.0,1.0,1.0
0.04,505,"[0, 3, 4, 5, 6, 7, 8]","[12, 28, 33]","[12, 28, 33]",0,0,g,"[[4, 20, 21, 31], [12, 28, 33], [12, 28, 33]]","[1, 0, 0]","[3, 4]",1,1.0000000000000002,1.0000000000000002,1.0000000000000002,1.0,1.0,1.0,0.0,1.0,1.5,1.0,3.0,0.75,0.5,0.25,1.0,1.0,3.0,1.0,1.0,1.0,1.0,1.0,1.0,1.0,1.0,1.0,1.0,1.0,1.0,1.0,1.0,1.0,1.0,1.0,1.0,1.0,1.0,1.0,1.0,1.0,1.0,1.0,1.0,1.0,1.0
0.04,506,"[1, 3, 4, 5, 6, 7, 8]","[15, 24, 32]","[15, 25, 36]",0,0,r,"[[15, 25, 36], [16, 20, 33], [16, 20, 33]]","[0, 0, 0]","[3, 4]",1,1.0000000000000002,1.0000000000000002,1.0000000000000002,1.0,1.0,1.0,1.0,1.0,2.0,1.0,3.5,1.0,1.0,1.0,1.0,1.0,3.0,1.0,1.0,1.0,1.0,1.0,1.0,1.0,3.0,1.0,1.0,1.0,1.0,1.0,1.0,1.0,1.0,1.0,1.0,1.0,1.0,1.0,1.0,1.0,1.0,1.0,1.0,1.0,1.0
0.04,507,"[0, 1, 3, 4, 5, 6, 7, 8]","[12, 16, 31]","[12, 16, 31]",0,0,r,"[[12, 16, 31], [12, 16, 31], [12, 16, 31]]","[0, 0, 0]","[3, 4]",1,1.0000000000000002,1.0000000000000002,1.0000000000000002,1.0,1.0,1.0,1.0,1.0,1.6666666666666665,1.5,2.0,1.0,1.0,1.0,1.0,1.0,3.0,1.0,1.0,1.0,1.0,1.0,1.0,1.0,1.0,1.0,1.0,1.0,1.0,1.0,1.0,1.0,1.0,1.0,1.0,1.0,1.0,1.0,1.0,1.0,1.0,1.0,1.0,1.0,1.0
0.04,508,"[2, 3, 4, 5, 6, 7, 8]","[17, 21, 33]","[17, 21, 33]",0,0,r,"[[17, 21, 33], [17, 21, 33], [0, 20, 28, 31]]","[0, 0, 1]","[3, 4]",1,1.0000000000000002,1.0000000000000002,1.0000000000000002,1.0,1.0,1.0,0.5,1.0,2.0,1.5,3.5,0.875,0.75,0.625,0.5,0.5,3.0,1.0,1.0,1.0,1.0,1.0,1.0,1.0,1.0,1.0,1.0,1.0,1.0,1.0,1.0,1.0,1.0,1.0,1.0,1.0,1.0,1.0,1.0,1.0,1.0,1.0,1.0,1.0,1.0
0.04,509,"[0, 2, 3, 4, 5, 6, 7, 8]","[11, 21, 33]","[11, 21, 33]",0,0,g,"[[0, 4, 25, 28, 32], [11, 21, 33], [11, 21, 33]]","[0, 0, 0]","[3, 4]",1,1.0000000000000002,1.0000000000000002,1.0000000000000002,1.0,1.0,1.0,0.0,0.0,1.3333333333333333,1.0,3.0,0.75,0.5,0.25,1.0,1.0,3.0,1.0,1.0,3.0,1.0,1.0,1.0,1.0,1.0,1.0,1.0,1.0,1.0,1.0,1.0,1.0,1.0,1.0,1.0,1.0,1.0,1.0,1.0,1.0,1.0,1.0,1.0,1.0,1.0
0.04,510,"[1, 2, 3, 4, 5, 6, 7, 8]","[15, 17, 31]","[15, 17, 31]",0,0,r,"[[15, 17, 31], [15, 17, 31], [0, 16, 20, 33]]","[0, 0, 1]","[3, 4]",1,1.0000000000000002,1.0000000000000002,1.0000000000000002,1.0,1.0,1.0,0.0,1.0,1.5,1.0,3.5,0.75,0.5,0.25,0.5,0.5,3.0,1.0,1.0,1.0,1.0,1.0,1.0,1.0,1.0,1.0,1.0,1.0,1.0,1.0,1.0,1.0,1.0,1.0,1.0,1.0,1.0,1.0,1.0,1.0,1.0,1.0,1.0,1.0,1.0
0.04,511,"[0, 1, 2, 3, 4, 5, 6, 7, 8]","[11, 15, 31]","[11, 15, 31]",0,0,r,"[[11, 15, 31], [11, 15, 31], [11, 15, 31]]","[0, 0, 0]","[3, 4]",1,1.0000000000000002,1.0000000000000002,1.0000000000000002,1.0,1.0,1.0,1.0,1.0,1.6666666666666665,2.0,2.0,1.0,1.0,1.0,1.0,1.0,3.0,1.0,1.0,1.0,1.0,1.0,1.0,1.0,1.0,1.0,1.0,1.0,1.0,1.0,1.0,1.0,1.0,1.0,1.0,1.0,1.0,1.0,1.0,1.0,1.0,1.0,1.0,1.0,1.0
