syndrome_id,detectors,representative_qids,representative_weight,final_color,swim_color,final_qids,candidate_qids,candidate_classes,candidate_weights,swims_over_w,scalar_swim_over_w,selected_swim_over_w,exact_class_weights,comparative_class_weights,comparative_gap_over_w,exact_gap_over_w,physical_error_class,final_class,comparative_class,witness,fixed_fiber_opposite_weight,fixed_fiber_gap_over_w,comparative_opposite_qids
0,[],[],0,r,r,[],"[[], [], []]","[0, 0, 0]","[0, 0, 0]","[5.0, 5.0, 5.0]",5.0,5.0,"[0, 5]","[0, 5]",5.0,5,0,0,0,,,,
1,[0],"[11, 17]",2,r,g,"[0, 1]","[[0, 1], [11, 17], [0, 1]]","[0, 0, 0]","[2, 2, 2]","[3.000000000000001, 1.0000000000000002, 1.0000000000000002]",1.0000000000000002,3.000000000000001,"[2, 3]","[2, 3]",1.0000000000000002,1,0,0,0,,,,
2,[1],[8],1,r,r,[8],"[[8], [8], [8]]","[1, 1, 1]","[1, 1, 1]","[3.000000000000001, 3.000000000000001, 3.000000000000001]",3.000000000000001,3.000000000000001,"[4, 1]","[4, 1]",3.0,3,1,1,1,,,,
3,"[0, 1]","[4, 5]",2,r,g,"[4, 5]","[[4, 5], [4, 5], [4, 5]]","[0, 0, 0]","[2, 2, 2]","[3.000000000000001, 1.0000000000000002, 1.0000000000000002]",1.0000000000000002,3.000000000000001,"[2, 3]","[2, 3]",1.0000000000000002,1,0,0,0,,,,
4,[2],[0],1,r,r,[0],"[[0], [0], [0]]","[1, 1, 1]","[1, 1, 1]","[3.000000000000001, 3.000000000000001, 3.000000000000001]",3.000000000000001,3.000000000000001,"[4, 1]","[4, 1]",3.0,3,1,1,1,,,,
5,"[0, 2]",[1],1,r,b,[1],"[[1], [1], [1]]","[1, 1, 1]","[1, 1, 1]","[3.000000000000001, 3.000000000000001, 3.0]",3.0,3.000000000000001,"[4, 1]","[4, 1]",3.0,3,1,1,1,,,,
6,"[1, 2]","[0, 8]",2,r,g,"[0, 8]","[[0, 8], [0, 8], [0, 8]]","[0, 0, 0]","[2, 2, 2]","[3.000000000000001, 1.0000000000000002, 1.0000000000000002]",1.0000000000000002,3.000000000000001,"[2, 3]","[2, 3]",1.0000000000000002,1,0,0,0,,,,
7,"[0, 1, 2]","[1, 8]",2,r,g,"[1, 8]","[[1, 8], [1, 8], [1, 8]]","[0, 0, 0]","[2, 2, 2]","[3.000000000000001, 1.0000000000000002, 1.0000000000000002]",1.0000000000000002,3.000000000000001,"[2, 3]","[2, 3]",1.0000000000000002,1,0,0,0,,,,
8,[3],"[15, 16]",2,r,g,"[21, 28]","[[21, 28], [5, 8], [15, 16]]","[0, 0, 0]","[2, 2, 2]","[3.000000000000001, 1.0000000000000002, 1.0000000000000002]",1.0000000000000002,3.000000000000001,"[2, 3]","[2, 3]",1.0000000000000002,1,0,0,0,,,,
9,"[0, 3]",[4],1,r,r,[4],"[[4], [4], [4]]","[1, 1, 1]","[1, 1, 1]","[3.000000000000001, 3.000000000000001, 3.000000000000001]",3.000000000000001,3.000000000000001,"[4, 1]","[4, 1]",3.0,3,1,1,1,,,,
10,"[1, 3]",[5],1,r,g,[5],"[[5], [5], [5]]","[1, 1, 1]","[1, 1, 1]","[3.000000000000001, 3.0, 3.000000000000001]",3.0,3.000000000000001,"[4, 1]","[4, 1]",3.0,3,1,1,1,,,,
11,"[0, 1, 3]","[4, 8]",2,r,g,"[4, 8]","[[4, 8], [4, 8], [4, 8]]","[0, 0, 0]","[2, 2, 2]","[3.000000000000001, 1.0000000000000002, 1.0000000000000002]",1.0000000000000002,3.000000000000001,"[2, 3]","[2, 3]",1.0000000000000002,1,0,0,0,,,,
12,"[2, 3]","[11, 12]",2,r,g,"[1, 4]","[[1, 4], [1, 4], [1, 4]]","[0, 0, 0]","[2, 2, 2]","[3.000000000000001, 1.0000000000000002, 1.0000000000000002]",1.0000000000000002,3.000000000000001,"[2, 3]","[2, 3]",1.0000000000000002,1,0,0,0,,,,
13,"[0, 2, 3]","[12, 17]",2,r,g,"[0, 4]","[[0, 4], [0, 4], [0, 4]]","[0, 0, 0]","[2, 2, 2]","[3.000000000000001, 1.0000000000000002, 1.0000000000000002]",1.0000000000000002,3.000000000000001,"[2, 3]","[2, 3]",1.0000000000000002,1,0,0,0,,,,
14,"[1, 2, 3]","[0, 5]",2,r,g,"[0, 5]","[[0, 5], [0, 5], [0, 5]]","[0, 0, 0]","[2, 2, 2]","[3.000000000000001, 1.0000000000000002, 1.0000000000000002]",1.0000000000000002,3.000000000000001,"[2, 3]","[2, 3]",1.0000000000000002,1,0,0,0,,,,
15,"[0, 1, 2, 3]","[1, 5]",2,r,g,"[1, 5]","[[1, 5], [1, 5], [1, 5]]","[0, 0, 0]","[2, 2, 2]","[3.000000000000001, 1.0000000000000002, 1.0000000000000002]",1.0000000000000002,3.000000000000001,"[2, 3]","[2, 3]",1.0000000000000002,1,0,0,0,,,,
16,[4],"[1, 11]",2,r,r,"[1, 11]","[[1, 11], [4, 12], [0, 17]]","[1, 1, 1]","[2, 2, 2]","[1.0000000000000002, 3.000000000000001, 1.0000000000000002]",1.0000000000000002,1.0000000000000002,"[3, 2]","[3, 2]",1.0000000000000002,1,1,1,1,,,,
17,"[0, 4]","[1, 17]",2,r,b,"[1, 17]","[[1, 17], [5, 8, 12], [0, 11]]","[1, 0, 1]","[2, 3, 2]","[3.000000000000001, 1.0000000000000002, 1.0000000000000002]",1.0000000000000002,3.000000000000001,"[3, 2]","[3, 2]",1.0000000000000002,1,1,1,1,,,,
18,"[1, 4]","[1, 8, 11]",3,r,r,"[1, 8, 11]","[[1, 8, 11], [4, 8, 12], [0, 8, 17]]","[0, 0, 0]","[3, 3, 3]","[1.0000000000000002, 1.0000000000000002, 1.0000000000000002]",1.0000000000000002,1.0000000000000002,"[3, 4]","[3, 4]",0.9999999999999999,1,0,0,0,,,,
19,"[0, 1, 4]","[5, 12]",2,r,b,"[5, 12]","[[5, 12], [5, 12], [5, 12]]","[1, 1, 1]","[2, 2, 2]","[3.000000000000001, 2.0000000000000004, 1.0000000000000002]",1.0000000000000002,3.000000000000001,"[3, 2]","[3, 2]",1.0000000000000002,1,1,1,1,,,,
20,"[2, 4]",[17],1,r,b,[17],"[[17], [17], [17]]","[0, 0, 0]","[1, 1, 1]","[3.000000000000001, 3.000000000000001, 3.0]",3.0,3.000000000000001,"[1, 4]","[1, 4]",3.0,3,0,0,0,,,,
21,"[0, 2, 4]",[11],1,r,b,[11],"[[11], [11], [11]]","[0, 0, 0]","[1, 1, 1]","[3.000000000000001, 3.000000000000001, 3.0]",3.0,3.000000000000001,"[1, 4]","[1, 4]",3.0,3,0,0,0,,,,
22,"[1, 2, 4]","[8, 17]",2,r,g,"[8, 17]","[[8, 17], [8, 17], [8, 17]]","[1, 1, 1]","[2, 2, 2]","[3.000000000000001, 1.0000000000000002, 2.0000000000000004]",1.0000000000000002,3.000000000000001,"[3, 2]","[3, 2]",1.0000000000000002,1,1,1,1,,,,
23,"[0, 1, 2, 4]","[8, 11]",2,r,g,"[8, 11]","[[8, 11], [8, 11], [8, 11]]","[1, 1, 1]","[2, 2, 2]","[3.000000000000001, 1.0000000000000002, 1.0000000000000002]",1.0000000000000002,3.000000000000001,"[3, 2]","[3, 2]",1.0000000000000002,1,1,1,1,,,,
24,"[3, 4]","[11, 12, 17]",3,r,g,"[20, 32, 36]","[[20, 32, 36], [20, 24, 25], [11, 12, 17]]","[0, 0, 0]","[3, 3, 3]","[1.0000000000000002, 0.9999999999999999, 0.9999999999999999]",0.9999999999999999,1.0000000000000002,"[3, 4]","[3, 4]",0.9999999999999999,1,0,0,0,,,,
25,"[0, 3, 4]",[12],1,r,r,[12],"[[12], [12], [12]]","[0, 0, 0]","[1, 1, 1]","[3.000000000000001, 4.000000000000001, 3.000000000000001]",3.000000000000001,3.000000000000001,"[1, 4]","[1, 4]",3.0,3,0,0,0,,,,
26,"[1, 3, 4]","[1, 5, 11]",3,r,r,"[1, 5, 11]","[[1, 5, 11], [4, 5, 12], [0, 5, 17]]","[0, 0, 0]","[3, 3, 3]","[1.0000000000000002, 1.0000000000000002, 1.0000000000000002]",1.0000000000000002,1.0000000000000002,"[3, 4]","[3, 4]",0.9999999999999999,1,0,0,0,,,,
27,"[0, 1, 3, 4]","[8, 12]",2,r,b,"[8, 12]","[[8, 12], [8, 12], [8, 12]]","[1, 1, 1]","[2, 2, 2]","[3.000000000000001, 2.0000000000000004, 1.0000000000000002]",1.0000000000000002,3.000000000000001,"[3, 2]","[3, 2]",1.0000000000000002,1,1,1,1,,,,
28,"[2, 3, 4]","[1, 12]",2,r,g,"[1, 12]","[[1, 12], [4, 11], [15, 16, 17]]","[1, 1, 0]","[2, 2, 3]","[3.000000000000001, 1.0000000000000002, 1.0000000000000002]",1.0000000000000002,3.000000000000001,"[3, 2]","[3, 2]",1.0000000000000002,1,1,1,1,,,,
29,"[0, 2, 3, 4]","[4, 17]",2,r,g,"[4, 17]","[[4, 17], [4, 17], [0, 12]]","[1, 1, 1]","[2, 2, 2]","[3.000000000000001, 1.0000000000000002, 1.0000000000000002]",1.0000000000000002,3.000000000000001,"[3, 2]","[3, 2]",1.0000000000000002,1,1,1,1,,,,
30,"[1, 2, 3, 4]","[5, 17]",2,r,g,"[5, 17]","[[5, 17], [5, 17], [5, 17]]","[1, 1, 1]","[2, 2, 2]","[3.000000000000001, 1.0000000000000002, 2.0000000000000004]",1.0000000000000002,3.000000000000001,"[3, 2]","[3, 2]",1.0000000000000002,1,1,1,1,,,,
31,"[0, 1, 2, 3, 4]","[5, 11]",2,r,g,"[5, 11]","[[5, 11], [5, 11], [5, 11]]","[1, 1, 1]","[2, 2, 2]","[3.000000000000001, 1.0000000000000002, 1.0000000000000002]",1.0000000000000002,3.000000000000001,"[3, 2]","[3, 2]",1.0000000000000002,1,1,1,1,,,,
32,[5],"[5, 15]",2,r,r,"[5, 15]","[[5, 15], [8, 16], [8, 16]]","[1, 1, 1]","[2, 2, 2]","[1.0000000000000002, 1.0000000000000002, 3.000000000000001]",1.0000000000000002,1.0000000000000002,"[3, 2]","[3, 2]",1.0000000000000002,1,1,1,1,,,,
33,"[0, 5]","[4, 5, 16]",3,g,g,"[12, 20, 28]","[[0, 1, 5, 15], [12, 20, 28], [12, 20, 28]]","[1, 0, 0]","[4, 3, 3]","[1.0000000000000002, 0.9999999999999999, 1.0000000000000002]",0.9999999999999999,0.9999999999999999,"[3, 4]","[3, 4]",0.9999999999999999,1,0,0,0,,,,
34,"[1, 5]",[16],1,r,g,[16],"[[16], [16], [16]]","[0, 0, 0]","[1, 1, 1]","[3.000000000000001, 3.0, 3.000000000000001]",3.0,3.000000000000001,"[1, 4]","[1, 4]",3.0,3,0,0,0,,,,
35,"[0, 1, 5]","[4, 15]",2,r,b,"[4, 15]","[[4, 15], [11, 16, 17], [4, 15]]","[1, 0, 1]","[2, 3, 2]","[3.000000000000001, 1.0000000000000002, 1.0000000000000002]",1.0000000000000002,3.000000000000001,"[3, 2]","[3, 2]",1.0000000000000002,1,1,1,1,,,,
36,"[2, 5]","[0, 5, 15]",3,r,r,"[0, 5, 15]","[[0, 5, 15], [0, 8, 16], [0, 8, 16]]","[0, 0, 0]","[3, 3, 3]","[1.0000000000000002, 1.0000000000000002, 1.0000000000000002]",1.0000000000000002,1.0000000000000002,"[3, 4]","[3, 4]",0.9999999999999999,1,0,0,0,,,,
37,"[0, 2, 5]","[1, 5, 15]",3,r,r,"[1, 5, 15]","[[1, 5, 15], [1, 8, 16], [11, 20, 21]]","[0, 0, 0]","[3, 3, 3]","[1.0000000000000002, 1.0000000000000002, 1.0000000000000002]",1.0000000000000002,1.0000000000000002,"[3, 4]","[3, 4]",0.9999999999999999,1,0,0,0,,,,
38,"[1, 2, 5]","[0, 16]",2,r,b,"[0, 16]","[[0, 16], [0, 16], [0, 16]]","[1, 1, 1]","[2, 2, 2]","[3.000000000000001, 2.0000000000000004, 1.0000000000000002]",1.0000000000000002,3.000000000000001,"[3, 2]","[3, 2]",1.0000000000000002,1,1,1,1,,,,
39,"[0, 1, 2, 5]","[1, 16]",2,r,b,"[1, 16]","[[1, 16], [1, 16], [1, 16]]","[1, 1, 1]","[2, 2, 2]","[3.000000000000001, 2.0000000000000004, 1.0000000000000002]",1.0000000000000002,3.000000000000001,"[3, 2]","[3, 2]",1.0000000000000002,1,1,1,1,,,,
40,"[3, 5]","[5, 16]",2,g,g,"[8, 15]","[[21, 32, 36], [8, 15], [5, 16]]","[0, 1, 1]","[3, 2, 2]","[1.0000000000000002, 1.0000000000000002, 3.000000000000001]",1.0000000000000002,1.0000000000000002,"[3, 2]","[3, 2]",1.0000000000000002,1,1,1,1,,,,
41,"[0, 3, 5]","[4, 5, 15]",3,r,g,"[4, 5, 15]","[[4, 5, 15], [12, 20, 21], [12, 20, 21]]","[0, 0, 0]","[3, 3, 3]","[1.0000000000000002, 0.9999999999999999, 1.0000000000000002]",0.9999999999999999,1.0000000000000002,"[3, 4]","[3, 4]",0.9999999999999999,1,0,0,0,,,,
42,"[1, 3, 5]",[15],1,r,g,[15],"[[15], [15], [15]]","[0, 0, 0]","[1, 1, 1]","[3.000000000000001, 3.0, 3.000000000000001]",3.0,3.000000000000001,"[1, 4]","[1, 4]",3.0,3,0,0,0,,,,
43,"[0, 1, 3, 5]","[4, 16]",2,r,b,"[4, 16]","[[4, 16], [11, 15, 17], [4, 16]]","[1, 0, 1]","[2, 3, 2]","[3.000000000000001, 1.0000000000000002, 1.0000000000000002]",1.0000000000000002,3.000000000000001,"[3, 2]","[3, 2]",1.0000000000000002,1,1,1,1,,,,
44,"[2, 3, 5]","[0, 5, 16]",3,g,g,"[0, 8, 15]","[[1, 4, 5, 15], [0, 8, 15], [0, 5, 16]]","[1, 0, 0]","[4, 3, 3]","[1.0000000000000002, 1.0000000000000002, 1.0000000000000002]",1.0000000000000002,1.0000000000000002,"[3, 4]","[3, 4]",0.9999999999999999,1,0,0,0,,,,
45,"[0, 2, 3, 5]","[1, 5, 16]",3,g,g,"[1, 8, 15]","[[0, 4, 5, 15], [1, 8, 15], [11, 20, 28]]","[1, 0, 0]","[4, 3, 3]","[1.0000000000000002, 1.0000000000000002, 1.0000000000000002]",1.0000000000000002,1.0000000000000002,"[3, 4]","[3, 4]",0.9999999999999999,1,0,0,0,,,,
46,"[1, 2, 3, 5]","[0, 15]",2,r,b,"[0, 15]","[[0, 15], [0, 15], [0, 15]]","[1, 1, 1]","[2, 2, 2]","[3.000000000000001, 2.0000000000000004, 1.0000000000000002]",1.0000000000000002,3.000000000000001,"[3, 2]","[3, 2]",1.0000000000000002,1,1,1,1,,,,
47,"[0, 1, 2, 3, 5]","[1, 15]",2,r,b,"[1, 15]","[[1, 15], [1, 15], [1, 15]]","[1, 1, 1]","[2, 2, 2]","[3.000000000000001, 2.0000000000000004, 1.0000000000000002]",1.0000000000000002,3.000000000000001,"[3, 2]","[3, 2]",1.0000000000000002,1,1,1,1,,,,
48,"[4, 5]","[20, 21]",2,r,r,"[20, 21]","[[20, 21], [20, 21], [20, 21]]","[0, 0, 0]","[2, 2, 2]","[3.000000000000001, 3.000000000000001, 3.000000000000001]",3.000000000000001,3.000000000000001,"[2, 5]","[2, 5]",2.9999999999999996,3,0,0,0,,,,
49,"[0, 4, 5]","[5, 12, 16]",3,g,g,"[8, 12, 15]","[[0, 1, 20, 21], [8, 12, 15], [4, 20, 28]]","[0, 1, 1]","[4, 3, 3]","[1.0000000000000002, 1.0000000000000002, 1.0000000000000002]",1.0000000000000002,1.0000000000000002,"[4, 3]","[4, 3]",0.9999999999999999,1,1,1,1,,,,
50,"[1, 4, 5]","[1, 11, 16]",3,r,r,"[8, 20, 21]","[[8, 20, 21], [8, 20, 21], [0, 16, 17]]","[1, 1, 1]","[3, 3, 3]","[1.0000000000000002, 1.0000000000000002, 1.0000000000000002]",1.0000000000000002,1.0000000000000002,"[4, 3]","[4, 3]",0.9999999999999999,1,1,1,1,,,,
51,"[0, 1, 4, 5]","[12, 15]",2,r,b,"[12, 15]","[[12, 15], [12, 15], [12, 15]]","[0, 0, 0]","[2, 2, 2]","[3.000000000000001, 3.0, 1.0000000000000002]",1.0000000000000002,3.000000000000001,"[2, 3]","[2, 3]",1.0000000000000002,1,0,0,0,,,,
52,"[2, 4, 5]","[5, 15, 17]",3,r,r,"[0, 20, 21]","[[0, 20, 21], [8, 16, 17], [0, 20, 21]]","[1, 1, 1]","[3, 3, 3]","[1.0000000000000002, 1.0000000000000002, 1.0000000000000002]",1.0000000000000002,1.0000000000000002,"[4, 3]","[4, 3]",0.9999999999999999,1,1,1,1,,,,
53,"[0, 2, 4, 5]","[5, 11, 15]",3,r,r,"[1, 20, 21]","[[1, 20, 21], [8, 11, 16], [1, 20, 21]]","[1, 1, 1]","[3, 3, 3]","[1.0000000000000002, 1.0000000000000002, 1.0000000000000002]",1.0000000000000002,1.0000000000000002,"[4, 3]","[4, 3]",0.9999999999999999,1,1,1,1,,,,
54,"[1, 2, 4, 5]","[16, 17]",2,r,g,"[16, 17]","[[16, 17], [16, 17], [16, 17]]","[0, 0, 0]","[2, 2, 2]","[3.000000000000001, 2.0000000000000004, 2.0000000000000004]",2.0000000000000004,3.000000000000001,"[2, 3]","[2, 3]",1.0000000000000002,1,0,0,0,"{'syndrome_id': 54, 'color': 'g', 'stage2_defect_rows': [1, 18, 23], 'radii_over_w': [0.0, 0.5000000000000001, 0.0, 1.0000000000000002, 0.0, 0.0, 0.0, 0.0, 0.5000000000000001, 0.0, 0.0, 0.0, 0.0, 0.0], 'nodes': [0, 1, 6, 18, 19, 20, 21, 22, 23, 24, 25, 26, -1, -1], 'terminals': [12, 13], 'edges': [[0, 11, 12, 3.178053830347946], [1, 10, 12, 3.178053830347946], [2, 2, 11, 3.178053830347946], [3, 2, 10, 3.178053830347946], [4, 2, 8, 3.178053830347946], [5, 9, 12, 3.178053830347946], [6, 2, 9, 3.178053830347946], [7, 2, 7, 3.178053830347946], [8, 2, 5, 3.178053830347946], [9, 4, 12, 3.178053830347946], [10, 3, 12, 3.178053830347946], [11, 1, 13, 3.178053830347946], [12, 1, 8, 3.178053830347946], [13, 1, 6, 3.178053830347946], [14, 1, 7, 3.178053830347946], [15, 0, 6, 3.178053830347946], [16, 0, 5, 3.178053830347946], [17, 0, 4, 3.178053830347946], [18, 0, 3, 3.178053830347946]], 'edge_qubits': {'0': 36, '1': 33, '2': 32, '3': 31, '4': 28, '5': 24, '6': 25, '7': 21, '8': 20, '9': 0, '10': 17, '11': 8, '12': 16, '13': 5, '14': 15, '15': 4, '16': 12, '17': 1, '18': 11}, 'correction_qids': [16, 17], 'path_edge_ids': [10, 18, 15, 13, 11], 'path_qids': [17, 11, 4, 5, 8], 'path_residual_over_w': [0.0, 0.0, 1.0000000000000002, 0.5000000000000001, 0.5000000000000001], 'path_covered_over_w': 2.9999999999999996, 'witness_opposite_qids': [4, 5, 8, 11, 16], 'witness_weight_difference': 3, 'swim_over_w': 2.0000000000000004}",5.0,3.0,"[1, 12, 15]"
55,"[0, 1, 2, 4, 5]","[11, 16]",2,r,b,"[11, 16]","[[11, 16], [11, 16], [11, 16]]","[0, 0, 0]","[2, 2, 2]","[3.000000000000001, 2.0000000000000004, 1.0000000000000002]",1.0000000000000002,3.000000000000001,"[2, 3]","[2, 3]",1.0000000000000002,1,0,0,0,,,,
56,"[3, 4, 5]","[20, 28]",2,r,r,"[20, 28]","[[20, 28], [20, 28], [20, 28]]","[0, 0, 0]","[2, 2, 2]","[3.000000000000001, 3.000000000000001, 3.000000000000001]",3.000000000000001,3.000000000000001,"[2, 5]","[2, 5]",3.000000000000001,3,0,0,0,,,,
57,"[0, 3, 4, 5]","[5, 12, 15]",3,r,r,"[4, 20, 21]","[[4, 20, 21], [8, 12, 16], [4, 20, 21]]","[1, 1, 1]","[3, 3, 3]","[1.0000000000000002, 1.0000000000000002, 1.0000000000000002]",1.0000000000000002,1.0000000000000002,"[4, 3]","[4, 3]",0.9999999999999999,1,1,1,1,,,,
58,"[1, 3, 4, 5]","[1, 11, 15]",3,r,r,"[5, 20, 21]","[[5, 20, 21], [8, 20, 28], [0, 15, 17]]","[1, 1, 1]","[3, 3, 3]","[1.0000000000000002, 1.0000000000000002, 1.0000000000000002]",1.0000000000000002,1.0000000000000002,"[4, 3]","[4, 3]",0.9999999999999999,1,1,1,1,,,,
59,"[0, 1, 3, 4, 5]","[12, 16]",2,r,b,"[12, 16]","[[12, 16], [12, 16], [12, 16]]","[0, 0, 0]","[2, 2, 2]","[3.000000000000001, 3.0, 1.0000000000000002]",1.0000000000000002,3.000000000000001,"[2, 3]","[2, 3]",1.0000000000000002,1,0,0,0,,,,
60,"[2, 3, 4, 5]","[5, 16, 17]",3,g,g,"[8, 15, 17]","[[1, 4, 20, 21], [8, 15, 17], [0, 20, 28]]","[0, 1, 1]","[4, 3, 3]","[1.0000000000000002, 1.0000000000000002, 1.0000000000000002]",1.0000000000000002,1.0000000000000002,"[4, 3]","[4, 3]",0.9999999999999999,1,1,1,1,,,,
61,"[0, 2, 3, 4, 5]","[5, 11, 16]",3,g,g,"[8, 11, 15]","[[0, 4, 20, 21], [8, 11, 15], [1, 20, 28]]","[0, 1, 1]","[4, 3, 3]","[1.0000000000000002, 1.0000000000000002, 1.0000000000000002]",1.0000000000000002,1.0000000000000002,"[4, 3]","[4, 3]",0.9999999999999999,1,1,1,1,,,,
62,"[1, 2, 3, 4, 5]","[15, 17]",2,r,g,"[15, 17]","[[15, 17], [15, 17], [15, 17]]","[0, 0, 0]","[2, 2, 2]","[3.000000000000001, 2.0000000000000004, 2.0000000000000004]",2.0000000000000004,3.000000000000001,"[2, 3]","[2, 3]",1.0000000000000002,1,0,0,0,,,,
63,"[0, 1, 2, 3, 4, 5]","[11, 15]",2,r,b,"[11, 15]","[[11, 15], [11, 15], [11, 15]]","[0, 0, 0]","[2, 2, 2]","[3.000000000000001, 2.0000000000000004, 1.0000000000000002]",1.0000000000000002,3.000000000000001,"[2, 3]","[2, 3]",1.0000000000000002,1,0,0,0,,,,
64,[6],"[24, 25]",2,r,r,"[32, 36]","[[32, 36], [24, 25], [32, 36]]","[0, 0, 0]","[2, 2, 2]","[1.0000000000000002, 1.0000000000000002, 3.000000000000001]",1.0000000000000002,1.0000000000000002,"[2, 3]","[2, 3]",1.0000000000000002,1,0,0,0,,,,
65,"[0, 6]","[12, 20]",2,r,r,"[12, 20]","[[12, 20], [12, 20], [12, 20]]","[0, 0, 0]","[2, 2, 2]","[3.000000000000001, 3.000000000000001, 3.000000000000001]",3.000000000000001,3.000000000000001,"[2, 5]","[2, 5]",3.000000000000001,3,0,0,0,,,,
66,"[1, 6]","[15, 21]",2,r,r,"[16, 28]","[[16, 28], [16, 28], [16, 28]]","[0, 0, 0]","[2, 2, 2]","[1.0000000000000002, 1.0000000000000002, 3.000000000000001]",1.0000000000000002,1.0000000000000002,"[2, 3]","[2, 3]",1.0000000000000002,1,0,0,0,,,,
67,"[0, 1, 6]","[8, 12, 20]",3,r,r,"[4, 15, 28]","[[4, 15, 28], [8, 12, 20], [8, 12, 20]]","[1, 1, 1]","[3, 3, 3]","[1.0000000000000002, 1.0000000000000002, 1.0000000000000002]",1.0000000000000002,1.0000000000000002,"[4, 3]","[4, 3]",0.9999999999999999,1,1,1,1,,,,
68,"[2, 6]","[1, 12, 20]",3,r,r,"[0, 32, 36]","[[0, 32, 36], [1, 12, 20], [0, 32, 36]]","[1, 1, 1]","[3, 3, 3]","[1.0000000000000002, 1.0000000000000002, 1.0000000000000002]",1.0000000000000002,1.0000000000000002,"[4, 3]","[4, 3]",0.9999999999999999,1,1,1,1,,,,
69,"[0, 2, 6]","[4, 17, 20]",3,r,r,"[1, 32, 36]","[[1, 32, 36], [0, 12, 20], [0, 12, 20]]","[1, 1, 1]","[3, 3, 3]","[1.0000000000000002, 1.0000000000000002, 1.0000000000000002]",1.0000000000000002,1.0000000000000002,"[4, 3]","[4, 3]",0.9999999999999999,1,1,1,1,,,,
70,"[1, 2, 6]","[5, 17, 20]",3,r,r,"[0, 16, 28]","[[0, 16, 28], [0, 16, 28], [0, 16, 28]]","[1, 1, 1]","[3, 3, 3]","[1.0000000000000002, 1.0000000000000002, 1.0000000000000002]",1.0000000000000002,1.0000000000000002,"[4, 3]","[4, 3]",0.9999999999999999,1,1,1,1,,,,
71,"[0, 1, 2, 6]","[5, 11, 20]",3,r,r,"[1, 16, 28]","[[1, 16, 28], [1, 16, 28], [5, 11, 20]]","[1, 1, 1]","[3, 3, 3]","[1.0000000000000002, 1.0000000000000002, 1.0000000000000002]",1.0000000000000002,1.0000000000000002,"[4, 3]","[4, 3]",0.9999999999999999,1,1,1,1,,,,
72,"[3, 6]","[1, 11, 20]",3,r,r,"[5, 15, 21]","[[5, 15, 21], [4, 12, 20], [15, 16, 32, 36]]","[1, 1, 0]","[3, 3, 4]","[0.9999999999999999, 0.9999999999999999, 1.0000000000000002]",0.9999999999999999,0.9999999999999999,"[4, 3]","[4, 3]",0.9999999999999999,1,1,1,1,,,,
73,"[0, 3, 6]","[1, 17, 20]",3,r,r,"[4, 32, 36]","[[4, 32, 36], [4, 24, 25], [0, 11, 20]]","[1, 1, 1]","[3, 3, 3]","[1.0000000000000002, 1.0000000000000002, 1.0000000000000002]",1.0000000000000002,1.0000000000000002,"[4, 3]","[4, 3]",0.9999999999999999,1,1,1,1,,,,
74,"[1, 3, 6]","[16, 21]",2,r,r,"[15, 28]","[[15, 28], [5, 24, 25], [16, 21]]","[0, 1, 0]","[2, 3, 2]","[1.0000000000000002, 1.0000000000000002, 3.000000000000001]",1.0000000000000002,1.0000000000000002,"[2, 3]","[2, 3]",1.0000000000000002,1,0,0,0,,,,
75,"[0, 1, 3, 6]","[5, 12, 20]",3,r,g,"[4, 15, 21]","[[4, 15, 21], [4, 16, 28], [5, 12, 20]]","[1, 1, 1]","[3, 3, 3]","[3.000000000000001, 1.0000000000000002, 1.0000000000000002]",1.0000000000000002,3.000000000000001,"[4, 3]","[4, 3]",0.9999999999999999,1,1,1,1,,,,
76,"[2, 3, 6]","[17, 20]",2,r,g,"[17, 20]","[[17, 20], [0, 4, 12, 20], [1, 4, 32, 36]]","[0, 0, 0]","[2, 4, 4]","[3.000000000000001, 1.0000000000000002, 1.0000000000000002]",1.0000000000000002,3.000000000000001,"[2, 5]","[2, 5]",3.000000000000001,3,0,0,0,,,,
77,"[0, 2, 3, 6]","[11, 20]",2,r,g,"[11, 20]","[[11, 20], [1, 5, 16, 28], [11, 20]]","[0, 0, 0]","[2, 4, 2]","[3.000000000000001, 1.0000000000000002, 2.0000000000000004]",1.0000000000000002,3.000000000000001,"[2, 5]","[2, 5]",3.000000000000001,3,0,0,0,,,,
78,"[1, 2, 3, 6]","[8, 17, 20]",3,r,r,"[0, 15, 28]","[[0, 15, 28], [1, 4, 16, 28], [0, 16, 21]]","[1, 0, 1]","[3, 4, 3]","[1.0000000000000002, 1.0000000000000002, 1.0000000000000002]",1.0000000000000002,1.0000000000000002,"[4, 3]","[4, 3]",0.9999999999999999,1,1,1,1,,,,
79,"[0, 1, 2, 3, 6]","[8, 11, 20]",3,r,r,"[1, 15, 28]","[[1, 15, 28], [0, 5, 12, 20], [8, 11, 20]]","[1, 0, 1]","[3, 4, 3]","[1.0000000000000002, 1.0000000000000002, 1.0000000000000002]",1.0000000000000002,1.0000000000000002,"[4, 3]","[4, 3]",0.9999999999999999,1,1,1,1,,,,
80,"[4, 6]","[15, 16, 20]",3,r,r,"[20, 21, 28]","[[20, 21, 28], [5, 8, 20], [25, 31, 32]]","[0, 0, 0]","[3, 3, 3]","[0.9999999999999999, 1.0000000000000002, 0.9999999999999999]",0.9999999999999999,0.9999999999999999,"[3, 4]","[3, 4]",0.9999999999999999,1,0,0,0,,,,
81,"[0, 4, 6]","[4, 20]",2,r,r,"[4, 20]","[[4, 20], [4, 20], [4, 20]]","[1, 1, 1]","[2, 2, 2]","[3.000000000000001, 3.000000000000001, 3.000000000000001]",3.000000000000001,3.000000000000001,"[5, 2]","[5, 2]",2.9999999999999996,3,1,1,1,,,,
82,"[1, 4, 6]","[5, 20]",2,g,r,"[5, 20]","[[1, 11, 16, 28], [5, 20], [5, 20]]","[1, 1, 1]","[4, 2, 2]","[1.0000000000000002, 3.0, 3.000000000000001]",1.0000000000000002,3.0,"[5, 2]","[5, 2]",2.9999999999999996,3,1,1,1,,,,
83,"[0, 1, 4, 6]","[4, 8, 20]",3,r,r,"[12, 15, 28]","[[12, 15, 28], [4, 8, 20], [12, 16, 21]]","[0, 0, 0]","[3, 3, 3]","[1.0000000000000002, 1.0000000000000002, 1.0000000000000002]",1.0000000000000002,1.0000000000000002,"[3, 4]","[3, 4]",0.9999999999999999,1,0,0,0,,,,
84,"[2, 4, 6]","[11, 12, 20]",3,r,r,"[17, 32, 36]","[[17, 32, 36], [11, 12, 20], [1, 4, 20]]","[0, 0, 0]","[3, 3, 3]","[1.0000000000000002, 1.0000000000000002, 1.0000000000000002]",1.0000000000000002,1.0000000000000002,"[3, 4]","[3, 4]",0.9999999999999999,1,0,0,0,,,,
85,"[0, 2, 4, 6]","[12, 17, 20]",3,r,r,"[11, 32, 36]","[[11, 32, 36], [12, 17, 20], [0, 4, 20]]","[0, 0, 0]","[3, 3, 3]","[1.0000000000000002, 1.0000000000000002, 1.0000000000000002]",1.0000000000000002,1.0000000000000002,"[3, 4]","[3, 4]",0.9999999999999999,1,0,0,0,,,,
86,"[1, 2, 4, 6]","[0, 5, 20]",3,r,r,"[16, 17, 28]","[[16, 17, 28], [16, 17, 28], [0, 5, 20]]","[0, 0, 0]","[3, 3, 3]","[1.0000000000000002, 1.0000000000000002, 1.0000000000000002]",1.0000000000000002,1.0000000000000002,"[3, 4]","[3, 4]",0.9999999999999999,1,0,0,0,,,,
87,"[0, 1, 2, 4, 6]","[1, 5, 20]",3,r,r,"[11, 16, 28]","[[11, 16, 28], [11, 16, 28], [11, 16, 28]]","[0, 0, 0]","[3, 3, 3]","[1.0000000000000002, 1.0000000000000002, 1.0000000000000002]",1.0000000000000002,1.0000000000000002,"[3, 4]","[3, 4]",0.9999999999999999,1,0,0,0,,,,
88,"[3, 4, 6]",[20],1,r,r,[20],"[[20], [20], [20]]","[0, 0, 0]","[1, 1, 1]","[4.000000000000001, 4.000000000000001, 4.000000000000001]",4.000000000000001,4.000000000000001,"[1, 6]","[1, 6]",5.0,5,0,0,0,"{'syndrome_id': 88, 'color': 'r', 'stage2_defect_rows': [4, 23], 'radii_over_w': [0.5000000000000001, 0.0, 0.0, 0.0, 0.0, 0.0, 0.0, 0.0, 0.5000000000000001, 0.0, 0.0, 0.0, 0.0, 0.0], 'nodes': [4, 5, 8, 18, 19, 20, 21, 22, 23, 24, 25, 26, -1, -1], 'terminals': [12, 13], 'edges': [[0, 2, 13, 3.178053830347946], [1, 2, 10, 3.178053830347946], [2, 2, 11, 3.178053830347946], [3, 2, 9, 3.178053830347946], [4, 1, 11, 3.178053830347946], [5, 0, 10, 3.178053830347946], [6, 0, 9, 3.178053830347946], [7, 1, 8, 3.178053830347946], [8, 0, 8, 3.178053830347946], [9, 7, 12, 3.178053830347946], [10, 0, 7, 3.178053830347946], [11, 6, 12, 3.178053830347946], [12, 1, 6, 3.178053830347946], [13, 5, 12, 3.178053830347946], [14, 1, 5, 3.178053830347946], [15, 4, 12, 3.178053830347946], [16, 0, 4, 3.178053830347946], [17, 3, 12, 3.178053830347946], [18, 0, 3, 3.178053830347946]], 'edge_qubits': {'0': 36, '1': 33, '2': 32, '3': 31, '4': 28, '5': 24, '6': 25, '7': 21, '8': 20, '9': 0, '10': 17, '11': 8, '12': 16, '13': 5, '14': 15, '15': 4, '16': 12, '17': 1, '18': 11}, 'correction_qids': [20], 'path_edge_ids': [17, 18, 6, 3, 0], 'path_qids': [1, 11, 25, 31, 36], 'path_residual_over_w': [1.0000000000000002, 0.5000000000000001, 0.5000000000000001, 1.0000000000000002, 1.0000000000000002], 'path_covered_over_w': 0.9999999999999991, 'witness_opposite_qids': [1, 11, 20, 25, 31, 36], 'witness_weight_difference': 5, 'swim_over_w': 4.000000000000001}",6.0,5.0,"[8, 16, 21, 25, 31, 36]"
89,"[0, 3, 4, 6]","[11, 17, 20]",3,r,r,"[12, 32, 36]","[[12, 32, 36], [11, 17, 20], [0, 1, 20]]","[0, 0, 0]","[3, 3, 3]","[1.0000000000000002, 1.0000000000000002, 1.0000000000000002]",1.0000000000000002,1.0000000000000002,"[3, 4]","[3, 4]",0.9999999999999999,1,0,0,0,,,,
90,"[1, 3, 4, 6]","[8, 20]",2,g,r,"[8, 20]","[[1, 11, 15, 28], [8, 20], [8, 20]]","[1, 1, 1]","[4, 2, 2]","[1.0000000000000002, 2.0000000000000004, 3.000000000000001]",1.0000000000000002,2.0000000000000004,"[5, 2]","[5, 2]",2.9999999999999996,3,1,1,1,,,,
91,"[0, 1, 3, 4, 6]","[4, 5, 20]",3,r,g,"[4, 5, 20]","[[4, 5, 20], [12, 16, 28], [12, 16, 28]]","[0, 0, 0]","[3, 3, 3]","[3.000000000000001, 1.0000000000000002, 1.0000000000000002]",1.0000000000000002,3.000000000000001,"[3, 4]","[3, 4]",0.9999999999999999,1,0,0,0,,,,
92,"[2, 3, 4, 6]","[0, 20]",2,r,g,"[0, 20]","[[0, 20], [4, 12, 17, 20], [0, 20]]","[1, 1, 1]","[2, 4, 2]","[3.000000000000001, 1.0000000000000002, 2.0000000000000004]",1.0000000000000002,3.000000000000001,"[5, 2]","[5, 2]",2.9999999999999996,3,1,1,1,,,,
93,"[0, 2, 3, 4, 6]","[1, 20]",2,r,g,"[1, 20]","[[1, 20], [5, 11, 16, 28], [1, 20]]","[1, 1, 1]","[2, 4, 2]","[3.000000000000001, 1.0000000000000002, 2.0000000000000004]",1.0000000000000002,3.000000000000001,"[5, 2]","[5, 2]",2.9999999999999996,3,1,1,1,,,,
94,"[1, 2, 3, 4, 6]","[0, 8, 20]",3,r,r,"[15, 17, 28]","[[15, 17, 28], [4, 11, 16, 28], [0, 8, 20]]","[0, 1, 0]","[3, 4, 3]","[1.0000000000000002, 1.0000000000000002, 1.0000000000000002]",1.0000000000000002,1.0000000000000002,"[3, 4]","[3, 4]",0.9999999999999999,1,0,0,0,,,,
95,"[0, 1, 2, 3, 4, 6]","[1, 8, 20]",3,r,r,"[11, 15, 28]","[[11, 15, 28], [5, 12, 17, 20], [11, 16, 21]]","[0, 1, 0]","[3, 4, 3]","[1.0000000000000002, 1.0000000000000002, 1.0000000000000002]",1.0000000000000002,1.0000000000000002,"[3, 4]","[3, 4]",0.9999999999999999,1,0,0,0,,,,
96,"[5, 6]",[28],1,r,r,[28],"[[28], [28], [28]]","[0, 0, 0]","[1, 1, 1]","[3.000000000000001, 3.000000000000001, 3.000000000000001]",3.000000000000001,3.000000000000001,"[1, 4]","[1, 4]",3.0,3,0,0,0,,,,
97,"[0, 5, 6]","[4, 21]",2,r,b,"[4, 21]","[[4, 21], [11, 17, 28], [4, 21]]","[1, 0, 1]","[2, 3, 2]","[3.000000000000001, 1.0000000000000002, 1.0000000000000002]",1.0000000000000002,3.000000000000001,"[3, 2]","[3, 2]",1.0000000000000002,1,1,1,1,,,,
98,"[1, 5, 6]","[5, 21]",2,r,r,"[8, 28]","[[8, 28], [8, 28], [8, 28]]","[1, 1, 1]","[2, 2, 2]","[1.0000000000000002, 1.0000000000000002, 3.000000000000001]",1.0000000000000002,1.0000000000000002,"[3, 2]","[3, 2]",1.0000000000000002,1,1,1,1,,,,
99,"[0, 1, 5, 6]","[12, 16, 20]",3,r,r,"[4, 5, 28]","[[4, 5, 28], [12, 16, 20], [12, 16, 20]]","[0, 0, 0]","[3, 3, 3]","[1.0000000000000002, 1.0000000000000002, 1.0000000000000002]",1.0000000000000002,1.0000000000000002,"[3, 4]","[3, 4]",0.9999999999999999,1,0,0,0,,,,
100,"[2, 5, 6]","[0, 28]",2,r,b,"[0, 28]","[[0, 28], [0, 28], [0, 28]]","[1, 1, 1]","[2, 2, 2]","[3.000000000000001, 3.000000000000001, 1.0000000000000002]",1.0000000000000002,3.000000000000001,"[3, 2]","[3, 2]",1.0000000000000002,1,1,1,1,,,,
101,"[0, 2, 5, 6]","[1, 28]",2,r,b,"[1, 28]","[[1, 28], [1, 28], [1, 28]]","[1, 1, 1]","[2, 2, 2]","[3.000000000000001, 3.000000000000001, 1.0000000000000002]",1.0000000000000002,3.000000000000001,"[3, 2]","[3, 2]",1.0000000000000002,1,1,1,1,,,,
102,"[1, 2, 5, 6]","[15, 17, 20]",3,r,r,"[0, 8, 28]","[[0, 8, 28], [0, 8, 28], [0, 8, 28]]","[0, 0, 0]","[3, 3, 3]","[1.0000000000000002, 1.0000000000000002, 1.0000000000000002]",1.0000000000000002,1.0000000000000002,"[3, 4]","[3, 4]",0.9999999999999999,1,0,0,0,,,,
103,"[0, 1, 2, 5, 6]","[11, 15, 20]",3,r,r,"[1, 8, 28]","[[1, 8, 28], [1, 8, 28], [11, 15, 20]]","[0, 0, 0]","[3, 3, 3]","[1.0000000000000002, 1.0000000000000002, 1.0000000000000002]",1.0000000000000002,1.0000000000000002,"[3, 4]","[3, 4]",0.9999999999999999,1,0,0,0,,,,
104,"[3, 5, 6]",[21],1,r,g,[21],"[[21], [21], [21]]","[0, 0, 0]","[1, 1, 1]","[4.000000000000001, 3.000000000000001, 3.000000000000001]",3.000000000000001,4.000000000000001,"[1, 4]","[1, 4]",3.0,3,0,0,0,,,,
105,"[0, 3, 5, 6]","[4, 28]",2,r,b,"[4, 28]","[[4, 28], [11, 17, 21], [4, 28]]","[1, 0, 1]","[2, 3, 2]","[3.000000000000001, 1.0000000000000002, 1.0000000000000002]",1.0000000000000002,3.000000000000001,"[3, 2]","[3, 2]",1.0000000000000002,1,1,1,1,,,,
106,"[1, 3, 5, 6]","[8, 21]",2,r,r,"[5, 28]","[[5, 28], [8, 21], [8, 21]]","[1, 1, 1]","[2, 2, 2]","[1.0000000000000002, 1.0000000000000002, 3.000000000000001]",1.0000000000000002,1.0000000000000002,"[3, 2]","[3, 2]",1.0000000000000002,1,1,1,1,,,,
107,"[0, 1, 3, 5, 6]","[12, 15, 20]",3,r,g,"[4, 5, 21]","[[4, 5, 21], [12, 15, 20], [12, 15, 20]]","[0, 0, 0]","[3, 3, 3]","[3.000000000000001, 1.0000000000000002, 1.0000000000000002]",1.0000000000000002,3.000000000000001,"[3, 4]","[3, 4]",0.9999999999999999,1,0,0,0,,,,
108,"[2, 3, 5, 6]","[0, 21]",2,r,b,"[0, 21]","[[0, 21], [0, 21], [0, 21]]","[1, 1, 1]","[2, 2, 2]","[3.000000000000001, 3.000000000000001, 1.0000000000000002]",1.0000000000000002,3.000000000000001,"[3, 2]","[3, 2]",1.0000000000000002,1,1,1,1,,,,
109,"[0, 2, 3, 5, 6]","[1, 21]",2,r,b,"[1, 21]","[[1, 21], [1, 21], [1, 21]]","[1, 1, 1]","[2, 2, 2]","[3.000000000000001, 3.000000000000001, 1.0000000000000002]",1.0000000000000002,3.000000000000001,"[3, 2]","[3, 2]",1.0000000000000002,1,1,1,1,,,,
110,"[1, 2, 3, 5, 6]","[16, 17, 20]",3,r,r,"[0, 5, 28]","[[0, 5, 28], [0, 8, 21], [0, 8, 21]]","[0, 0, 0]","[3, 3, 3]","[1.0000000000000002, 1.0000000000000002, 1.0000000000000002]",1.0000000000000002,1.0000000000000002,"[3, 4]","[3, 4]",0.9999999999999999,1,0,0,0,,,,
111,"[0, 1, 2, 3, 5, 6]","[11, 16, 20]",3,r,r,"[1, 5, 28]","[[1, 5, 28], [1, 8, 21], [11, 16, 20]]","[0, 0, 0]","[3, 3, 3]","[1.0000000000000002, 1.0000000000000002, 1.0000000000000002]",1.0000000000000002,1.0000000000000002,"[3, 4]","[3, 4]",0.9999999999999999,1,0,0,0,,,,
112,"[4, 5, 6]","[5, 16, 20]",3,r,r,"[1, 11, 28]","[[1, 11, 28], [8, 15, 20], [0, 17, 28]]","[1, 1, 1]","[3, 3, 3]","[1.0000000000000002, 1.0000000000000002, 1.0000000000000002]",1.0000000000000002,1.0000000000000002,"[4, 3]","[4, 3]",0.9999999999999999,1,1,1,1,,,,
113,"[0, 4, 5, 6]","[12, 21]",2,r,b,"[12, 21]","[[12, 21], [12, 21], [12, 21]]","[0, 0, 0]","[2, 2, 2]","[3.000000000000001, 3.000000000000001, 1.0000000000000002]",1.0000000000000002,3.000000000000001,"[2, 3]","[2, 3]",1.0000000000000002,1,0,0,0,,,,
114,"[1, 4, 5, 6]","[15, 20]",2,g,r,"[15, 20]","[[1, 8, 11, 28], [15, 20], [15, 20]]","[0, 0, 0]","[4, 2, 2]","[1.0000000000000002, 2.0000000000000004, 3.000000000000001]",1.0000000000000002,2.0000000000000004,"[2, 5]","[2, 5]",2.9999999999999996,3,0,0,0,,,,
115,"[0, 1, 4, 5, 6]","[4, 16, 20]",3,r,r,"[5, 12, 28]","[[5, 12, 28], [8, 12, 21], [8, 12, 21]]","[1, 1, 1]","[3, 3, 3]","[1.0000000000000002, 1.0000000000000002, 1.0000000000000002]",1.0000000000000002,1.0000000000000002,"[4, 3]","[4, 3]",0.9999999999999999,1,1,1,1,,,,
116,"[2, 4, 5, 6]","[17, 28]",2,r,b,"[17, 28]","[[17, 28], [17, 28], [17, 28]]","[0, 0, 0]","[2, 2, 2]","[3.000000000000001, 3.000000000000001, 2.0000000000000004]",2.0000000000000004,3.000000000000001,"[2, 3]","[2, 3]",1.0000000000000002,1,0,0,0,,,,
117,"[0, 2, 4, 5, 6]","[11, 28]",2,r,b,"[11, 28]","[[11, 28], [11, 28], [11, 28]]","[0, 0, 0]","[2, 2, 2]","[3.000000000000001, 3.000000000000001, 1.0000000000000002]",1.0000000000000002,3.000000000000001,"[2, 3]","[2, 3]",1.0000000000000002,1,0,0,0,,,,
118,"[1, 2, 4, 5, 6]","[0, 15, 20]",3,r,r,"[8, 17, 28]","[[8, 17, 28], [8, 17, 28], [0, 15, 20]]","[1, 1, 1]","[3, 3, 3]","[1.0000000000000002, 1.0000000000000002, 1.0000000000000002]",1.0000000000000002,1.0000000000000002,"[4, 3]","[4, 3]",0.9999999999999999,1,1,1,1,,,,
119,"[0, 1, 2, 4, 5, 6]","[1, 15, 20]",3,r,r,"[8, 11, 28]","[[8, 11, 28], [8, 11, 28], [8, 11, 28]]","[1, 1, 1]","[3, 3, 3]","[1.0000000000000002, 1.0000000000000002, 1.0000000000000002]",1.0000000000000002,1.0000000000000002,"[4, 3]","[4, 3]",0.9999999999999999,1,1,1,1,,,,
120,"[3, 4, 5, 6]","[5, 15, 20]",3,r,r,"[1, 11, 21]","[[1, 11, 21], [8, 16, 20], [0, 17, 21]]","[1, 1, 1]","[3, 3, 3]","[1.0000000000000002, 1.0000000000000002, 1.0000000000000002]",1.0000000000000002,1.0000000000000002,"[4, 3]","[4, 3]",0.9999999999999999,1,1,1,1,,,,
121,"[0, 3, 4, 5, 6]","[12, 28]",2,r,b,"[12, 28]","[[12, 28], [12, 28], [12, 28]]","[0, 0, 0]","[2, 2, 2]","[3.000000000000001, 3.000000000000001, 1.0000000000000002]",1.0000000000000002,3.000000000000001,"[2, 3]","[2, 3]",1.0000000000000002,1,0,0,0,,,,
122,"[1, 3, 4, 5, 6]","[16, 20]",2,g,r,"[16, 20]","[[1, 5, 11, 28], [16, 20], [16, 20]]","[0, 0, 0]","[4, 2, 2]","[1.0000000000000002, 2.0000000000000004, 3.000000000000001]",1.0000000000000002,2.0000000000000004,"[2, 5]","[2, 5]",2.9999999999999996,3,0,0,0,,,,
123,"[0, 1, 3, 4, 5, 6]","[4, 15, 20]",3,r,g,"[4, 15, 20]","[[4, 15, 20], [8, 12, 28], [8, 12, 28]]","[1, 1, 1]","[3, 3, 3]","[3.000000000000001, 1.0000000000000002, 1.0000000000000002]",1.0000000000000002,3.000000000000001,"[4, 3]","[4, 3]",0.9999999999999999,1,1,1,1,,,,
124,"[2, 3, 4, 5, 6]","[17, 21]",2,r,b,"[17, 21]","[[17, 21], [17, 21], [17, 21]]","[0, 0, 0]","[2, 2, 2]","[3.000000000000001, 3.000000000000001, 2.0000000000000004]",2.0000000000000004,3.000000000000001,"[2, 3]","[2, 3]",1.0000000000000002,1,0,0,0,,,,
125,"[0, 2, 3, 4, 5, 6]","[11, 21]",2,r,b,"[11, 21]","[[11, 21], [11, 21], [11, 21]]","[0, 0, 0]","[2, 2, 2]","[3.000000000000001, 3.000000000000001, 1.0000000000000002]",1.0000000000000002,3.000000000000001,"[2, 3]","[2, 3]",1.0000000000000002,1,0,0,0,,,,
126,"[1, 2, 3, 4, 5, 6]","[0, 16, 20]",3,r,r,"[5, 17, 28]","[[5, 17, 28], [8, 17, 21], [0, 16, 20]]","[1, 1, 1]","[3, 3, 3]","[1.0000000000000002, 1.0000000000000002, 1.0000000000000002]",1.0000000000000002,1.0000000000000002,"[4, 3]","[4, 3]",0.9999999999999999,1,1,1,1,,,,
127,"[0, 1, 2, 3, 4, 5, 6]","[1, 16, 20]",3,r,r,"[5, 11, 28]","[[5, 11, 28], [8, 11, 21], [8, 11, 21]]","[1, 1, 1]","[3, 3, 3]","[1.0000000000000002, 1.0000000000000002, 1.0000000000000002]",1.0000000000000002,1.0000000000000002,"[4, 3]","[4, 3]",0.9999999999999999,1,1,1,1,,,,
128,[7],"[31, 32]",2,r,r,"[33, 36]","[[33, 36], [33, 36], [31, 32]]","[0, 0, 0]","[2, 2, 2]","[1.0000000000000002, 3.000000000000001, 1.0000000000000002]",1.0000000000000002,1.0000000000000002,"[2, 3]","[2, 3]",1.0000000000000002,1,0,0,0,,,,
129,"[0, 7]","[4, 20, 25]",3,r,b,"[4, 20, 25]","[[4, 20, 25], [11, 17, 33, 36], [4, 20, 25]]","[1, 0, 1]","[3, 4, 3]","[1.0000000000000002, 1.0000000000000002, 0.9999999999999999]",0.9999999999999999,1.0000000000000002,"[4, 3]","[4, 3]",0.9999999999999999,1,1,1,1,,,,
130,"[1, 7]","[5, 20, 25]",3,r,r,"[8, 33, 36]","[[8, 33, 36], [8, 33, 36], [5, 20, 25]]","[1, 1, 1]","[3, 3, 3]","[1.0000000000000002, 1.0000000000000002, 1.0000000000000002]",1.0000000000000002,1.0000000000000002,"[4, 3]","[4, 3]",0.9999999999999999,1,1,1,1,,,,
131,"[0, 1, 7]","[5, 12, 24]",3,r,r,"[5, 12, 24]","[[5, 12, 24], [4, 5, 33, 36], [4, 8, 20, 25]]","[1, 0, 0]","[3, 4, 4]","[1.0000000000000002, 1.0000000000000002, 1.0000000000000002]",1.0000000000000002,1.0000000000000002,"[4, 3]","[4, 3]",0.9999999999999999,1,1,1,1,,,,
132,"[2, 7]","[17, 24]",2,r,r,"[17, 24]","[[17, 24], [17, 24], [17, 24]]","[0, 0, 0]","[2, 2, 2]","[1.0000000000000002, 3.000000000000001, 1.0000000000000002]",1.0000000000000002,1.0000000000000002,"[2, 3]","[2, 3]",1.0000000000000002,1,0,0,0,,,,
133,"[0, 2, 7]","[11, 24]",2,r,r,"[11, 24]","[[11, 24], [11, 24], [1, 31, 32]]","[0, 0, 1]","[2, 2, 3]","[1.0000000000000002, 3.000000000000001, 1.0000000000000002]",1.0000000000000002,1.0000000000000002,"[2, 3]","[2, 3]",1.0000000000000002,1,0,0,0,,,,
134,"[1, 2, 7]","[8, 17, 24]",3,r,r,"[8, 17, 24]","[[8, 17, 24], [8, 17, 24], [8, 17, 24]]","[1, 1, 1]","[3, 3, 3]","[1.0000000000000002, 1.0000000000000002, 1.0000000000000002]",1.0000000000000002,1.0000000000000002,"[4, 3]","[4, 3]",0.9999999999999999,1,1,1,1,,,,
135,"[0, 1, 2, 7]","[8, 11, 24]",3,r,r,"[8, 11, 24]","[[8, 11, 24], [8, 11, 24], [4, 5, 17, 24]]","[1, 1, 0]","[3, 3, 4]","[1.0000000000000002, 1.0000000000000002, 1.0000000000000002]",1.0000000000000002,1.0000000000000002,"[4, 3]","[4, 3]",0.9999999999999999,1,1,1,1,,,,
136,"[3, 7]","[20, 25]",2,r,r,"[20, 25]","[[20, 25], [20, 25], [20, 25]]","[0, 0, 0]","[2, 2, 2]","[3.000000000000001, 3.000000000000001, 3.000000000000001]",3.000000000000001,3.000000000000001,"[2, 5]","[2, 5]",2.9999999999999996,3,0,0,0,,,,
137,"[0, 3, 7]","[12, 24]",2,r,r,"[12, 24]","[[12, 24], [12, 24], [4, 31, 32]]","[0, 0, 1]","[2, 2, 3]","[1.0000000000000002, 3.000000000000001, 1.0000000000000002]",1.0000000000000002,1.0000000000000002,"[2, 3]","[2, 3]",1.0000000000000002,1,0,0,0,,,,
138,"[1, 3, 7]","[8, 20, 25]",3,r,r,"[5, 33, 36]","[[5, 33, 36], [8, 20, 25], [8, 20, 25]]","[1, 1, 1]","[3, 3, 3]","[1.0000000000000002, 1.0000000000000002, 1.0000000000000002]",1.0000000000000002,1.0000000000000002,"[4, 3]","[4, 3]",0.9999999999999999,1,1,1,1,,,,
139,"[0, 1, 3, 7]","[8, 12, 24]",3,r,r,"[8, 12, 24]","[[8, 12, 24], [8, 12, 24], [4, 5, 20, 25]]","[1, 1, 0]","[3, 3, 4]","[1.0000000000000002, 1.0000000000000002, 1.0000000000000002]",1.0000000000000002,1.0000000000000002,"[4, 3]","[4, 3]",0.9999999999999999,1,1,1,1,,,,
140,"[2, 3, 7]","[0, 20, 25]",3,r,r,"[4, 11, 24]","[[4, 11, 24], [4, 11, 24], [0, 20, 25]]","[1, 1, 1]","[3, 3, 3]","[1.0000000000000002, 1.0000000000000002, 1.0000000000000002]",1.0000000000000002,1.0000000000000002,"[4, 3]","[4, 3]",0.9999999999999999,1,1,1,1,,,,
141,"[0, 2, 3, 7]","[1, 20, 25]",3,r,r,"[0, 12, 24]","[[0, 12, 24], [4, 17, 24], [4, 17, 24]]","[1, 1, 1]","[3, 3, 3]","[1.0000000000000002, 1.0000000000000002, 1.0000000000000002]",1.0000000000000002,1.0000000000000002,"[4, 3]","[4, 3]",0.9999999999999999,1,1,1,1,,,,
142,"[1, 2, 3, 7]","[5, 17, 24]",3,r,r,"[5, 17, 24]","[[5, 17, 24], [5, 17, 24], [5, 17, 24]]","[1, 1, 1]","[3, 3, 3]","[1.0000000000000002, 1.0000000000000002, 1.0000000000000002]",1.0000000000000002,1.0000000000000002,"[4, 3]","[4, 3]",0.9999999999999999,1,1,1,1,,,,
143,"[0, 1, 2, 3, 7]","[5, 11, 24]",3,r,r,"[5, 11, 24]","[[5, 11, 24], [5, 11, 24], [4, 8, 17, 24]]","[1, 1, 0]","[3, 3, 4]","[1.0000000000000002, 1.0000000000000002, 1.0000000000000002]",1.0000000000000002,1.0000000000000002,"[4, 3]","[4, 3]",0.9999999999999999,1,1,1,1,,,,
144,"[4, 7]",[24],1,r,r,[24],"[[24], [24], [24]]","[0, 0, 0]","[1, 1, 1]","[3.000000000000001, 3.000000000000001, 3.000000000000001]",3.000000000000001,3.000000000000001,"[1, 4]","[1, 4]",3.0,3,0,0,0,,,,
145,"[0, 4, 7]","[12, 20, 25]",3,r,b,"[12, 20, 25]","[[12, 20, 25], [11, 17, 24], [12, 20, 25]]","[0, 0, 0]","[3, 3, 3]","[1.0000000000000002, 1.0000000000000002, 0.9999999999999999]",0.9999999999999999,1.0000000000000002,"[3, 4]","[3, 4]",0.9999999999999999,1,0,0,0,,,,
146,"[1, 4, 7]","[8, 24]",2,r,g,"[8, 24]","[[8, 24], [8, 24], [8, 24]]","[1, 1, 1]","[2, 2, 2]","[3.000000000000001, 1.0000000000000002, 3.000000000000001]",1.0000000000000002,3.000000000000001,"[3, 2]","[3, 2]",1.0000000000000002,1,1,1,1,,,,
147,"[0, 1, 4, 7]","[4, 5, 24]",3,r,r,"[4, 5, 24]","[[4, 5, 24], [4, 5, 24], [8, 12, 20, 25]]","[0, 0, 1]","[3, 3, 4]","[1.0000000000000002, 1.0000000000000002, 1.0000000000000002]",1.0000000000000002,1.0000000000000002,"[3, 4]","[3, 4]",0.9999999999999999,1,0,0,0,,,,
148,"[2, 4, 7]","[0, 24]",2,r,r,"[0, 24]","[[0, 24], [0, 24], [0, 24]]","[1, 1, 1]","[2, 2, 2]","[1.0000000000000002, 3.000000000000001, 1.0000000000000002]",1.0000000000000002,1.0000000000000002,"[3, 2]","[3, 2]",1.0000000000000002,1,1,1,1,,,,
149,"[0, 2, 4, 7]","[1, 24]",2,r,r,"[1, 24]","[[1, 24], [1, 24], [11, 31, 32]]","[1, 1, 0]","[2, 2, 3]","[1.0000000000000002, 3.000000000000001, 1.0000000000000002]",1.0000000000000002,1.0000000000000002,"[3, 2]","[3, 2]",1.0000000000000002,1,1,1,1,,,,
150,"[1, 2, 4, 7]","[0, 8, 24]",3,r,r,"[0, 8, 24]","[[0, 8, 24], [0, 8, 24], [0, 8, 24]]","[0, 0, 0]","[3, 3, 3]","[1.0000000000000002, 1.0000000000000002, 1.0000000000000002]",1.0000000000000002,1.0000000000000002,"[3, 4]","[3, 4]",0.9999999999999999,1,0,0,0,,,,
151,"[0, 1, 2, 4, 7]","[1, 8, 24]",3,r,r,"[1, 8, 24]","[[1, 8, 24], [1, 8, 24], [5, 12, 17, 24]]","[0, 0, 1]","[3, 3, 4]","[1.0000000000000002, 1.0000000000000002, 1.0000000000000002]",1.0000000000000002,1.0000000000000002,"[3, 4]","[3, 4]",0.9999999999999999,1,0,0,0,,,,
152,"[3, 4, 7]","[15, 16, 24]",3,r,r,"[20, 31, 36]","[[20, 31, 36], [5, 8, 24], [15, 16, 24]]","[0, 0, 0]","[3, 3, 3]","[1.0000000000000002, 1.0000000000000002, 1.0000000000000002]",1.0000000000000002,1.0000000000000002,"[3, 4]","[3, 4]",0.9999999999999999,1,0,0,0,,,,
153,"[0, 3, 4, 7]","[4, 24]",2,r,r,"[4, 24]","[[4, 24], [4, 24], [12, 31, 32]]","[1, 1, 0]","[2, 2, 3]","[1.0000000000000002, 3.000000000000001, 1.0000000000000002]",1.0000000000000002,1.0000000000000002,"[3, 2]","[3, 2]",1.0000000000000002,1,1,1,1,,,,
154,"[1, 3, 4, 7]","[5, 24]",2,r,g,"[5, 24]","[[5, 24], [5, 24], [5, 24]]","[1, 1, 1]","[2, 2, 2]","[3.000000000000001, 2.0000000000000004, 3.000000000000001]",2.0000000000000004,3.000000000000001,"[3, 2]","[3, 2]",1.0000000000000002,1,1,1,1,,,,
155,"[0, 1, 3, 4, 7]","[4, 8, 24]",3,r,r,"[4, 8, 24]","[[4, 8, 24], [4, 8, 24], [5, 12, 20, 25]]","[0, 0, 1]","[3, 3, 4]","[1.0000000000000002, 1.0000000000000002, 1.0000000000000002]",1.0000000000000002,1.0000000000000002,"[3, 4]","[3, 4]",0.9999999999999999,1,0,0,0,,,,
156,"[2, 3, 4, 7]","[17, 20, 25]",3,r,r,"[1, 4, 24]","[[1, 4, 24], [17, 20, 25], [17, 20, 25]]","[0, 0, 0]","[3, 3, 3]","[1.0000000000000002, 3.000000000000001, 1.0000000000000002]",1.0000000000000002,1.0000000000000002,"[3, 4]","[3, 4]",0.9999999999999999,1,0,0,0,,,,
157,"[0, 2, 3, 4, 7]","[11, 20, 25]",3,r,r,"[0, 4, 24]","[[0, 4, 24], [12, 17, 24], [12, 17, 24]]","[0, 0, 0]","[3, 3, 3]","[1.0000000000000002, 3.000000000000001, 1.0000000000000002]",1.0000000000000002,1.0000000000000002,"[3, 4]","[3, 4]",0.9999999999999999,1,0,0,0,,,,
158,"[1, 2, 3, 4, 7]","[0, 5, 24]",3,r,r,"[0, 5, 24]","[[0, 5, 24], [8, 17, 20, 25], [0, 5, 24]]","[0, 1, 0]","[3, 4, 3]","[1.0000000000000002, 1.0000000000000002, 1.0000000000000002]",1.0000000000000002,1.0000000000000002,"[3, 4]","[3, 4]",0.9999999999999999,1,0,0,0,,,,
159,"[0, 1, 2, 3, 4, 7]","[1, 5, 24]",3,r,r,"[1, 5, 24]","[[1, 5, 24], [8, 12, 17, 24], [8, 12, 17, 24]]","[0, 1, 1]","[3, 4, 4]","[1.0000000000000002, 1.0000000000000002, 1.0000000000000002]",1.0000000000000002,1.0000000000000002,"[3, 4]","[3, 4]",0.9999999999999999,1,0,0,0,,,,
160,"[5, 7]","[20, 21, 24]",3,r,r,"[20, 21, 24]","[[20, 21, 24], [28, 32, 33], [5, 16, 20, 25]]","[0, 0, 1]","[3, 3, 4]","[0.9999999999999999, 1.0000000000000002, 1.0000000000000002]",0.9999999999999999,0.9999999999999999,"[3, 4]","[3, 4]",0.9999999999999999,1,0,0,0,,,,
161,"[0, 5, 7]","[12, 21, 25]",3,r,r,"[12, 21, 25]","[[12, 21, 25], [11, 17, 28, 32, 33], [12, 21, 25]]","[0, 0, 0]","[3, 5, 3]","[1.0000000000000002, 1.0000000000000002, 1.0000000000000002]",1.0000000000000002,1.0000000000000002,"[3, 4]","[3, 4]",0.9999999999999999,1,0,0,0,,,,
162,"[1, 5, 7]","[15, 20, 25]",3,r,r,"[16, 33, 36]","[[16, 33, 36], [16, 33, 36], [15, 20, 25]]","[0, 0, 0]","[3, 3, 3]","[1.0000000000000002, 1.0000000000000002, 1.0000000000000002]",1.0000000000000002,1.0000000000000002,"[3, 4]","[3, 4]",0.9999999999999999,1,0,0,0,,,,
163,"[0, 1, 5, 7]","[12, 15, 24]",3,r,r,"[12, 15, 24]","[[12, 15, 24], [4, 5, 28, 32, 33], [4, 16, 20, 25]]","[0, 0, 1]","[3, 5, 4]","[1.0000000000000002, 1.0000000000000002, 1.0000000000000002]",1.0000000000000002,1.0000000000000002,"[3, 4]","[3, 4]",0.9999999999999999,1,0,0,0,,,,
164,"[2, 5, 7]","[17, 25, 28]",3,g,g,"[17, 25, 28]","[[5, 15, 17, 24], [17, 25, 28], [8, 16, 17, 24]]","[1, 0, 1]","[4, 3, 4]","[1.0000000000000002, 1.0000000000000002, 1.0000000000000002]",1.0000000000000002,1.0000000000000002,"[3, 4]","[3, 4]",0.9999999999999999,1,0,0,0,,,,
165,"[0, 2, 5, 7]","[11, 25, 28]",3,g,g,"[11, 25, 28]","[[5, 11, 15, 24], [11, 25, 28], [11, 25, 28]]","[1, 0, 0]","[4, 3, 3]","[1.0000000000000002, 1.0000000000000002, 1.0000000000000002]",1.0000000000000002,1.0000000000000002,"[3, 4]","[3, 4]",0.9999999999999999,1,0,0,0,,,,
166,"[1, 2, 5, 7]","[16, 17, 24]",3,r,r,"[16, 17, 24]","[[16, 17, 24], [16, 17, 24], [16, 17, 24]]","[0, 0, 0]","[3, 3, 3]","[1.0000000000000002, 1.0000000000000002, 1.0000000000000002]",1.0000000000000002,1.0000000000000002,"[3, 4]","[3, 4]",0.9999999999999999,1,0,0,0,,,,
167,"[0, 1, 2, 5, 7]","[11, 16, 24]",3,r,r,"[11, 16, 24]","[[11, 16, 24], [11, 16, 24], [4, 15, 17, 24]]","[0, 0, 1]","[3, 3, 4]","[1.0000000000000002, 1.0000000000000002, 1.0000000000000002]",1.0000000000000002,1.0000000000000002,"[3, 4]","[3, 4]",0.9999999999999999,1,0,0,0,,,,
168,"[3, 5, 7]","[20, 24, 28]",3,r,r,"[21, 31, 36]","[[21, 31, 36], [20, 24, 28], [8, 16, 20, 25]]","[0, 0, 1]","[3, 3, 4]","[1.0000000000000002, 1.0000000000000002, 1.0000000000000002]",1.0000000000000002,1.0000000000000002,"[3, 4]","[3, 4]",0.9999999999999999,1,0,0,0,,,,
169,"[0, 3, 5, 7]","[12, 25, 28]",3,g,g,"[12, 25, 28]","[[5, 12, 15, 24], [12, 25, 28], [12, 25, 28]]","[1, 0, 0]","[4, 3, 3]","[1.0000000000000002, 1.0000000000000002, 1.0000000000000002]",1.0000000000000002,1.0000000000000002,"[3, 4]","[3, 4]",0.9999999999999999,1,0,0,0,,,,
170,"[1, 3, 5, 7]","[16, 20, 25]",3,r,r,"[15, 33, 36]","[[15, 33, 36], [16, 20, 25], [16, 20, 25]]","[0, 0, 0]","[3, 3, 3]","[1.0000000000000002, 1.0000000000000002, 1.0000000000000002]",1.0000000000000002,1.0000000000000002,"[3, 4]","[3, 4]",0.9999999999999999,1,0,0,0,,,,
171,"[0, 1, 3, 5, 7]","[12, 16, 24]",3,r,r,"[12, 16, 24]","[[12, 16, 24], [12, 16, 24], [4, 15, 20, 25]]","[0, 0, 1]","[3, 3, 4]","[1.0000000000000002, 1.0000000000000002, 1.0000000000000002]",1.0000000000000002,1.0000000000000002,"[3, 4]","[3, 4]",0.9999999999999999,1,0,0,0,,,,
172,"[2, 3, 5, 7]","[17, 21, 25]",3,g,r,"[17, 21, 25]","[[4, 5, 11, 15, 24], [17, 21, 25], [5, 16, 17, 24]]","[0, 0, 1]","[5, 3, 4]","[1.0000000000000002, 1.0000000000000002, 1.0000000000000002]",1.0000000000000002,1.0000000000000002,"[3, 4]","[3, 4]",0.9999999999999999,1,0,0,0,,,,
173,"[0, 2, 3, 5, 7]","[11, 21, 25]",3,g,r,"[11, 21, 25]","[[0, 5, 12, 15, 24], [11, 21, 25], [11, 21, 25]]","[0, 0, 0]","[5, 3, 3]","[1.0000000000000002, 1.0000000000000002, 1.0000000000000002]",1.0000000000000002,1.0000000000000002,"[3, 4]","[3, 4]",0.9999999999999999,1,0,0,0,,,,
174,"[1, 2, 3, 5, 7]","[15, 17, 24]",3,r,r,"[15, 17, 24]","[[15, 17, 24], [15, 17, 24], [15, 17, 24]]","[0, 0, 0]","[3, 3, 3]","[1.0000000000000002, 1.0000000000000002, 1.0000000000000002]",1.0000000000000002,1.0000000000000002,"[3, 4]","[3, 4]",0.9999999999999999,1,0,0,0,,,,
175,"[0, 1, 2, 3, 5, 7]","[11, 15, 24]",3,r,r,"[11, 15, 24]","[[11, 15, 24], [11, 15, 24], [4, 16, 17, 24]]","[0, 0, 1]","[3, 3, 4]","[1.0000000000000002, 1.0000000000000002, 1.0000000000000002]",1.0000000000000002,1.0000000000000002,"[3, 4]","[3, 4]",0.9999999999999999,1,0,0,0,,,,
176,"[4, 5, 7]","[25, 28]",2,g,g,"[25, 28]","[[5, 15, 24], [25, 28], [25, 28]]","[1, 0, 0]","[3, 2, 2]","[1.0000000000000002, 1.0000000000000002, 3.000000000000001]",1.0000000000000002,1.0000000000000002,"[2, 3]","[2, 3]",1.0000000000000002,1,0,0,0,,,,
177,"[0, 4, 5, 7]","[4, 21, 25]",3,r,r,"[4, 21, 25]","[[4, 21, 25], [11, 17, 25, 28], [4, 21, 25]]","[1, 0, 1]","[3, 4, 3]","[1.0000000000000002, 1.0000000000000002, 1.0000000000000002]",1.0000000000000002,1.0000000000000002,"[4, 3]","[4, 3]",0.9999999999999999,1,1,1,1,,,,
178,"[1, 4, 5, 7]","[16, 24]",2,r,g,"[16, 24]","[[16, 24], [16, 24], [16, 24]]","[0, 0, 0]","[2, 2, 2]","[3.000000000000001, 1.0000000000000002, 3.000000000000001]",1.0000000000000002,3.000000000000001,"[2, 3]","[2, 3]",1.0000000000000002,1,0,0,0,,,,
179,"[0, 1, 4, 5, 7]","[4, 15, 24]",3,r,r,"[4, 15, 24]","[[4, 15, 24], [4, 5, 25, 28], [12, 16, 20, 25]]","[1, 0, 0]","[3, 4, 4]","[1.0000000000000002, 1.0000000000000002, 1.0000000000000002]",1.0000000000000002,1.0000000000000002,"[4, 3]","[4, 3]",0.9999999999999999,1,1,1,1,,,,
180,"[2, 4, 5, 7]","[0, 25, 28]",3,g,g,"[0, 25, 28]","[[17, 28, 32, 33], [0, 25, 28], [0, 25, 28]]","[0, 1, 1]","[4, 3, 3]","[1.0000000000000002, 1.0000000000000002, 1.0000000000000002]",1.0000000000000002,1.0000000000000002,"[4, 3]","[4, 3]",0.9999999999999999,1,1,1,1,,,,
181,"[0, 2, 4, 5, 7]","[1, 25, 28]",3,g,g,"[1, 25, 28]","[[11, 28, 32, 33], [1, 25, 28], [1, 25, 28]]","[0, 1, 1]","[4, 3, 3]","[1.0000000000000002, 1.0000000000000002, 1.0000000000000002]",1.0000000000000002,1.0000000000000002,"[4, 3]","[4, 3]",0.9999999999999999,1,1,1,1,,,,
182,"[1, 2, 4, 5, 7]","[0, 16, 24]",3,r,r,"[0, 16, 24]","[[0, 16, 24], [0, 16, 24], [0, 16, 24]]","[1, 1, 1]","[3, 3, 3]","[1.0000000000000002, 1.0000000000000002, 1.0000000000000002]",1.0000000000000002,1.0000000000000002,"[4, 3]","[4, 3]",0.9999999999999999,1,1,1,1,,,,
183,"[0, 1, 2, 4, 5, 7]","[1, 16, 24]",3,r,r,"[1, 16, 24]","[[1, 16, 24], [1, 16, 24], [12, 15, 17, 24]]","[1, 1, 0]","[3, 3, 4]","[1.0000000000000002, 1.0000000000000002, 1.0000000000000002]",1.0000000000000002,1.0000000000000002,"[4, 3]","[4, 3]",0.9999999999999999,1,1,1,1,,,,
184,"[3, 4, 5, 7]","[21, 25]",2,r,g,"[21, 25]","[[21, 25], [21, 25], [21, 25]]","[0, 0, 0]","[2, 2, 2]","[3.000000000000001, 1.0000000000000002, 3.000000000000001]",1.0000000000000002,3.000000000000001,"[2, 3]","[2, 3]",1.0000000000000002,1,0,0,0,,,,
185,"[0, 3, 4, 5, 7]","[4, 25, 28]",3,b,b,"[4, 25, 28]","[[12, 28, 32, 33], [11, 17, 21, 25], [4, 25, 28]]","[0, 0, 1]","[4, 4, 3]","[1.0000000000000002, 1.0000000000000002, 1.0000000000000002]",1.0000000000000002,1.0000000000000002,"[4, 3]","[4, 3]",0.9999999999999999,1,1,1,1,,,,
186,"[1, 3, 4, 5, 7]","[15, 24]",2,r,g,"[15, 24]","[[15, 24], [15, 24], [15, 24]]","[0, 0, 0]","[2, 2, 2]","[3.000000000000001, 1.0000000000000002, 3.000000000000001]",1.0000000000000002,3.000000000000001,"[2, 3]","[2, 3]",1.0000000000000002,1,0,0,0,,,,
187,"[0, 1, 3, 4, 5, 7]","[4, 16, 24]",3,r,r,"[4, 16, 24]","[[4, 16, 24], [4, 5, 21, 25], [12, 15, 20, 25]]","[1, 0, 0]","[3, 4, 4]","[1.0000000000000002, 1.0000000000000002, 1.0000000000000002]",1.0000000000000002,1.0000000000000002,"[4, 3]","[4, 3]",0.9999999999999999,1,1,1,1,,,,
188,"[2, 3, 4, 5, 7]","[0, 21, 25]",3,g,r,"[0, 21, 25]","[[1, 12, 28, 32, 33], [0, 21, 25], [0, 21, 25]]","[1, 1, 1]","[5, 3, 3]","[1.0000000000000002, 1.0000000000000002, 1.0000000000000002]",1.0000000000000002,1.0000000000000002,"[4, 3]","[4, 3]",0.9999999999999999,1,1,1,1,,,,
189,"[0, 2, 3, 4, 5, 7]","[1, 21, 25]",3,g,r,"[1, 21, 25]","[[4, 17, 28, 32, 33], [1, 21, 25], [1, 21, 25]]","[1, 1, 1]","[5, 3, 3]","[1.0000000000000002, 1.0000000000000002, 1.0000000000000002]",1.0000000000000002,1.0000000000000002,"[4, 3]","[4, 3]",0.9999999999999999,1,1,1,1,,,,
190,"[1, 2, 3, 4, 5, 7]","[0, 15, 24]",3,r,r,"[0, 15, 24]","[[0, 15, 24], [0, 15, 24], [0, 15, 24]]","[1, 1, 1]","[3, 3, 3]","[1.0000000000000002, 1.0000000000000002, 1.0000000000000002]",1.0000000000000002,1.0000000000000002,"[4, 3]","[4, 3]",0.9999999999999999,1,1,1,1,,,,
191,"[0, 1, 2, 3, 4, 5, 7]","[1, 15, 24]",3,r,r,"[1, 15, 24]","[[1, 15, 24], [1, 15, 24], [12, 16, 17, 24]]","[1, 1, 0]","[3, 3, 4]","[1.0000000000000002, 1.0000000000000002, 1.0000000000000002]",1.0000000000000002,1.0000000000000002,"[4, 3]","[4, 3]",0.9999999999999999,1,1,1,1,,,,
192,"[6, 7]","[32, 33]",2,r,r,"[31, 36]","[[31, 36], [32, 33], [32, 33]]","[0, 0, 0]","[2, 2, 2]","[1.0000000000000002, 3.000000000000001, 3.000000000000001]",1.0000000000000002,1.0000000000000002,"[2, 3]","[2, 3]",1.0000000000000002,1,0,0,0,,,,
193,"[0, 6, 7]","[1, 17, 25]",3,r,r,"[4, 20, 24]","[[4, 20, 24], [11, 17, 32, 33], [0, 11, 25]]","[1, 0, 1]","[3, 4, 3]","[1.0000000000000002, 1.0000000000000002, 1.0000000000000002]",1.0000000000000002,1.0000000000000002,"[4, 3]","[4, 3]",0.9999999999999999,1,1,1,1,,,,
194,"[1, 6, 7]","[5, 20, 24]",3,r,r,"[8, 31, 36]","[[8, 31, 36], [8, 32, 33], [16, 20, 21, 25]]","[1, 1, 0]","[3, 3, 4]","[1.0000000000000002, 1.0000000000000002, 1.0000000000000002]",1.0000000000000002,1.0000000000000002,"[4, 3]","[4, 3]",0.9999999999999999,1,1,1,1,,,,
195,"[0, 1, 6, 7]","[5, 12, 25]",3,r,r,"[5, 12, 25]","[[5, 12, 25], [4, 5, 32, 33], [5, 12, 25]]","[1, 0, 1]","[3, 4, 3]","[1.0000000000000002, 1.0000000000000002, 1.0000000000000002]",1.0000000000000002,1.0000000000000002,"[4, 3]","[4, 3]",0.9999999999999999,1,1,1,1,,,,
196,"[2, 6, 7]","[17, 25]",2,r,r,"[17, 25]","[[17, 25], [17, 25], [0, 32, 33]]","[0, 0, 1]","[2, 2, 3]","[1.0000000000000002, 3.000000000000001, 1.0000000000000002]",1.0000000000000002,1.0000000000000002,"[2, 3]","[2, 3]",1.0000000000000002,1,0,0,0,,,,
197,"[0, 2, 6, 7]","[11, 25]",2,r,r,"[11, 25]","[[11, 25], [11, 25], [11, 25]]","[0, 0, 0]","[2, 2, 2]","[1.0000000000000002, 3.000000000000001, 3.0]",1.0000000000000002,1.0000000000000002,"[2, 3]","[2, 3]",1.0000000000000002,1,0,0,0,,,,
198,"[1, 2, 6, 7]","[8, 17, 25]",3,r,r,"[8, 17, 25]","[[8, 17, 25], [8, 17, 25], [16, 17, 24, 28]]","[1, 1, 0]","[3, 3, 4]","[1.0000000000000002, 1.0000000000000002, 1.0000000000000002]",1.0000000000000002,1.0000000000000002,"[4, 3]","[4, 3]",0.9999999999999999,1,1,1,1,,,,
199,"[0, 1, 2, 6, 7]","[8, 11, 25]",3,r,r,"[8, 11, 25]","[[8, 11, 25], [8, 11, 25], [8, 11, 25]]","[1, 1, 1]","[3, 3, 3]","[1.0000000000000002, 1.0000000000000002, 1.0000000000000002]",1.0000000000000002,1.0000000000000002,"[4, 3]","[4, 3]",0.9999999999999999,1,1,1,1,,,,
200,"[3, 6, 7]","[20, 24]",2,r,b,"[20, 24]","[[20, 24], [20, 24], [15, 16, 32, 33]]","[0, 0, 0]","[2, 2, 4]","[3.000000000000001, 3.000000000000001, 1.0000000000000002]",1.0000000000000002,3.000000000000001,"[2, 5]","[2, 5]",3.000000000000001,3,0,0,0,,,,
201,"[0, 3, 6, 7]","[12, 25]",2,r,r,"[12, 25]","[[12, 25], [12, 25], [12, 25]]","[0, 0, 0]","[2, 2, 2]","[1.0000000000000002, 3.000000000000001, 3.000000000000001]",1.0000000000000002,1.0000000000000002,"[2, 3]","[2, 3]",1.0000000000000002,1,0,0,0,,,,
202,"[1, 3, 6, 7]","[8, 20, 24]",3,r,r,"[5, 31, 36]","[[5, 31, 36], [8, 20, 24], [16, 20, 25, 28]]","[1, 1, 0]","[3, 3, 4]","[1.0000000000000002, 1.0000000000000002, 1.0000000000000002]",1.0000000000000002,1.0000000000000002,"[4, 3]","[4, 3]",0.9999999999999999,1,1,1,1,,,,
203,"[0, 1, 3, 6, 7]","[8, 12, 25]",3,r,r,"[8, 12, 25]","[[8, 12, 25], [8, 12, 25], [8, 12, 25]]","[1, 1, 1]","[3, 3, 3]","[1.0000000000000002, 1.0000000000000002, 1.0000000000000002]",1.0000000000000002,1.0000000000000002,"[4, 3]","[4, 3]",0.9999999999999999,1,1,1,1,,,,
204,"[2, 3, 6, 7]","[1, 12, 25]",3,r,r,"[0, 20, 24]","[[0, 20, 24], [4, 11, 25], [1, 4, 32, 33]]","[1, 1, 0]","[3, 3, 4]","[1.0000000000000002, 1.0000000000000002, 1.0000000000000002]",1.0000000000000002,1.0000000000000002,"[4, 3]","[4, 3]",0.9999999999999999,1,1,1,1,,,,
205,"[0, 2, 3, 6, 7]","[4, 17, 25]",3,r,r,"[0, 12, 25]","[[0, 12, 25], [4, 17, 25], [0, 12, 25]]","[1, 1, 1]","[3, 3, 3]","[1.0000000000000002, 1.0000000000000002, 1.0000000000000002]",1.0000000000000002,1.0000000000000002,"[4, 3]","[4, 3]",0.9999999999999999,1,1,1,1,,,,
206,"[1, 2, 3, 6, 7]","[5, 17, 25]",3,r,r,"[5, 17, 25]","[[5, 17, 25], [5, 17, 25], [16, 17, 21, 24]]","[1, 1, 0]","[3, 3, 4]","[1.0000000000000002, 1.0000000000000002, 1.0000000000000002]",1.0000000000000002,1.0000000000000002,"[4, 3]","[4, 3]",0.9999999999999999,1,1,1,1,,,,
207,"[0, 1, 2, 3, 6, 7]","[5, 11, 25]",3,r,r,"[5, 11, 25]","[[5, 11, 25], [5, 11, 25], [5, 11, 25]]","[1, 1, 1]","[3, 3, 3]","[1.0000000000000002, 1.0000000000000002, 1.0000000000000002]",1.0000000000000002,1.0000000000000002,"[4, 3]","[4, 3]",0.9999999999999999,1,1,1,1,,,,
208,"[4, 6, 7]",[25],1,r,r,[25],"[[25], [25], [25]]","[0, 0, 0]","[1, 1, 1]","[3.000000000000001, 3.000000000000001, 4.000000000000001]",3.000000000000001,3.000000000000001,"[1, 4]","[1, 4]",3.0,3,0,0,0,,,,
209,"[0, 4, 6, 7]","[11, 17, 25]",3,r,r,"[12, 20, 24]","[[12, 20, 24], [12, 20, 24], [0, 1, 25]]","[0, 0, 0]","[3, 3, 3]","[1.0000000000000002, 1.0000000000000002, 1.0000000000000002]",1.0000000000000002,1.0000000000000002,"[3, 4]","[3, 4]",0.9999999999999999,1,0,0,0,,,,
210,"[1, 4, 6, 7]","[8, 25]",2,r,g,"[8, 25]","[[8, 25], [8, 25], [8, 25]]","[1, 1, 1]","[2, 2, 2]","[3.000000000000001, 1.0000000000000002, 3.000000000000001]",1.0000000000000002,3.000000000000001,"[3, 2]","[3, 2]",1.0000000000000002,1,1,1,1,,,,
211,"[0, 1, 4, 6, 7]","[4, 5, 25]",3,r,r,"[4, 5, 25]","[[4, 5, 25], [4, 5, 25], [12, 16, 20, 25, 28]]","[0, 0, 0]","[3, 3, 5]","[1.0000000000000002, 1.0000000000000002, 1.0000000000000002]",1.0000000000000002,1.0000000000000002,"[3, 4]","[3, 4]",0.9999999999999999,1,0,0,0,,,,
212,"[2, 4, 6, 7]","[0, 25]",2,r,r,"[0, 25]","[[0, 25], [0, 25], [0, 25]]","[1, 1, 1]","[2, 2, 2]","[1.0000000000000002, 3.000000000000001, 2.0000000000000004]",1.0000000000000002,1.0000000000000002,"[3, 2]","[3, 2]",1.0000000000000002,1,1,1,1,,,,
213,"[0, 2, 4, 6, 7]","[1, 25]",2,r,r,"[1, 25]","[[1, 25], [1, 25], [1, 25]]","[1, 1, 1]","[2, 2, 2]","[1.0000000000000002, 3.000000000000001, 3.0]",1.0000000000000002,1.0000000000000002,"[3, 2]","[3, 2]",1.0000000000000002,1,1,1,1,,,,
214,"[1, 2, 4, 6, 7]","[0, 8, 25]",3,r,r,"[0, 8, 25]","[[0, 8, 25], [0, 8, 25], [0, 8, 25]]","[0, 0, 0]","[3, 3, 3]","[1.0000000000000002, 1.0000000000000002, 1.0000000000000002]",1.0000000000000002,1.0000000000000002,"[3, 4]","[3, 4]",0.9999999999999999,1,0,0,0,,,,
215,"[0, 1, 2, 4, 6, 7]","[1, 8, 25]",3,r,r,"[1, 8, 25]","[[1, 8, 25], [1, 8, 25], [12, 16, 17, 21, 24]]","[0, 0, 0]","[3, 3, 5]","[1.0000000000000002, 1.0000000000000002, 1.0000000000000002]",1.0000000000000002,1.0000000000000002,"[3, 4]","[3, 4]",0.9999999999999999,1,0,0,0,,,,
216,"[3, 4, 6, 7]","[15, 16, 25]",3,r,r,"[20, 33, 36]","[[20, 33, 36], [5, 8, 25], [15, 16, 25]]","[0, 0, 0]","[3, 3, 3]","[1.0000000000000002, 1.0000000000000002, 1.0000000000000002]",1.0000000000000002,1.0000000000000002,"[3, 4]","[3, 4]",0.9999999999999999,1,0,0,0,,,,
217,"[0, 3, 4, 6, 7]","[4, 25]",2,r,r,"[4, 25]","[[4, 25], [4, 25], [4, 25]]","[1, 1, 1]","[2, 2, 2]","[1.0000000000000002, 3.000000000000001, 3.000000000000001]",1.0000000000000002,1.0000000000000002,"[3, 2]","[3, 2]",1.0000000000000002,1,1,1,1,,,,
218,"[1, 3, 4, 6, 7]","[5, 25]",2,r,g,"[5, 25]","[[5, 25], [5, 25], [5, 25]]","[1, 1, 1]","[2, 2, 2]","[3.000000000000001, 2.0000000000000004, 3.000000000000001]",2.0000000000000004,3.000000000000001,"[3, 2]","[3, 2]",1.0000000000000002,1,1,1,1,,,,
219,"[0, 1, 3, 4, 6, 7]","[4, 8, 25]",3,r,r,"[4, 8, 25]","[[4, 8, 25], [4, 8, 25], [11, 16, 17, 21, 24]]","[0, 0, 0]","[3, 3, 5]","[1.0000000000000002, 1.0000000000000002, 1.0000000000000002]",1.0000000000000002,1.0000000000000002,"[3, 4]","[3, 4]",0.9999999999999999,1,0,0,0,,,,
220,"[2, 3, 4, 6, 7]","[11, 12, 25]",3,r,r,"[17, 20, 24]","[[17, 20, 24], [11, 12, 25], [17, 20, 24]]","[0, 0, 0]","[3, 3, 3]","[1.0000000000000002, 3.000000000000001, 1.0000000000000002]",1.0000000000000002,1.0000000000000002,"[3, 4]","[3, 4]",0.9999999999999999,1,0,0,0,,,,
221,"[0, 2, 3, 4, 6, 7]","[12, 17, 25]",3,r,r,"[0, 4, 25]","[[0, 4, 25], [12, 17, 25], [0, 4, 25]]","[0, 0, 0]","[3, 3, 3]","[1.0000000000000002, 3.000000000000001, 1.0000000000000002]",1.0000000000000002,1.0000000000000002,"[3, 4]","[3, 4]",0.9999999999999999,1,0,0,0,,,,
222,"[1, 2, 3, 4, 6, 7]","[0, 5, 25]",3,r,r,"[0, 5, 25]","[[0, 5, 25], [8, 11, 12, 25], [0, 5, 25]]","[0, 1, 0]","[3, 4, 3]","[1.0000000000000002, 1.0000000000000002, 1.0000000000000002]",1.0000000000000002,1.0000000000000002,"[3, 4]","[3, 4]",0.9999999999999999,1,0,0,0,,,,
223,"[0, 1, 2, 3, 4, 6, 7]","[1, 5, 25]",3,r,r,"[1, 5, 25]","[[1, 5, 25], [8, 12, 17, 25], [12, 16, 17, 24, 28]]","[0, 1, 0]","[3, 4, 5]","[1.0000000000000002, 1.0000000000000002, 1.0000000000000002]",1.0000000000000002,1.0000000000000002,"[3, 4]","[3, 4]",0.9999999999999999,1,0,0,0,,,,
224,"[5, 6, 7]","[20, 21, 25]",3,r,r,"[20, 21, 25]","[[20, 21, 25], [28, 33, 36], [20, 21, 25]]","[0, 0, 0]","[3, 3, 3]","[0.9999999999999999, 1.0000000000000002, 1.0000000000000002]",0.9999999999999999,0.9999999999999999,"[3, 4]","[3, 4]",0.9999999999999999,1,0,0,0,,,,
225,"[0, 5, 6, 7]","[12, 21, 24]",3,r,r,"[12, 21, 24]","[[12, 21, 24], [11, 17, 28, 33, 36], [4, 20, 25, 28]]","[0, 0, 1]","[3, 5, 4]","[1.0000000000000002, 1.0000000000000002, 1.0000000000000002]",1.0000000000000002,1.0000000000000002,"[3, 4]","[3, 4]",0.9999999999999999,1,0,0,0,,,,
226,"[1, 5, 6, 7]","[15, 20, 24]",3,r,r,"[16, 31, 36]","[[16, 31, 36], [16, 32, 33], [8, 20, 21, 25]]","[0, 0, 1]","[3, 3, 4]","[1.0000000000000002, 1.0000000000000002, 1.0000000000000002]",1.0000000000000002,1.0000000000000002,"[3, 4]","[3, 4]",0.9999999999999999,1,0,0,0,,,,
227,"[0, 1, 5, 6, 7]","[12, 15, 25]",3,r,r,"[12, 15, 25]","[[12, 15, 25], [4, 5, 28, 33, 36], [12, 15, 25]]","[0, 0, 0]","[3, 5, 3]","[1.0000000000000002, 1.0000000000000002, 1.0000000000000002]",1.0000000000000002,1.0000000000000002,"[3, 4]","[3, 4]",0.9999999999999999,1,0,0,0,,,,
228,"[2, 5, 6, 7]","[17, 24, 28]",3,g,g,"[17, 24, 28]","[[5, 15, 17, 25], [17, 24, 28], [17, 24, 28]]","[1, 0, 0]","[4, 3, 3]","[1.0000000000000002, 1.0000000000000002, 1.0000000000000002]",1.0000000000000002,1.0000000000000002,"[3, 4]","[3, 4]",0.9999999999999999,1,0,0,0,,,,
229,"[0, 2, 5, 6, 7]","[11, 24, 28]",3,g,g,"[11, 24, 28]","[[5, 11, 15, 25], [11, 24, 28], [4, 17, 21, 24]]","[1, 0, 1]","[4, 3, 4]","[1.0000000000000002, 1.0000000000000002, 1.0000000000000002]",1.0000000000000002,1.0000000000000002,"[3, 4]","[3, 4]",0.9999999999999999,1,0,0,0,,,,
230,"[1, 2, 5, 6, 7]","[16, 17, 25]",3,r,r,"[16, 17, 25]","[[16, 17, 25], [16, 17, 25], [8, 17, 24, 28]]","[0, 0, 1]","[3, 3, 4]","[1.0000000000000002, 1.0000000000000002, 1.0000000000000002]",1.0000000000000002,1.0000000000000002,"[3, 4]","[3, 4]",0.9999999999999999,1,0,0,0,,,,
231,"[0, 1, 2, 5, 6, 7]","[11, 16, 25]",3,r,r,"[11, 16, 25]","[[11, 16, 25], [11, 16, 25], [11, 16, 25]]","[0, 0, 0]","[3, 3, 3]","[1.0000000000000002, 1.0000000000000002, 1.0000000000000002]",1.0000000000000002,1.0000000000000002,"[3, 4]","[3, 4]",0.9999999999999999,1,0,0,0,,,,
232,"[3, 5, 6, 7]","[20, 25, 28]",3,r,r,"[21, 33, 36]","[[21, 33, 36], [20, 25, 28], [20, 25, 28]]","[0, 0, 0]","[3, 3, 3]","[1.0000000000000002, 1.0000000000000002, 1.0000000000000002]",1.0000000000000002,1.0000000000000002,"[3, 4]","[3, 4]",0.9999999999999999,1,0,0,0,,,,
233,"[0, 3, 5, 6, 7]","[12, 24, 28]",3,g,g,"[12, 24, 28]","[[5, 12, 15, 25], [12, 24, 28], [4, 20, 21, 25]]","[1, 0, 1]","[4, 3, 4]","[1.0000000000000002, 1.0000000000000002, 1.0000000000000002]",1.0000000000000002,1.0000000000000002,"[3, 4]","[3, 4]",0.9999999999999999,1,0,0,0,,,,
234,"[1, 3, 5, 6, 7]","[16, 20, 24]",3,r,r,"[15, 31, 36]","[[15, 31, 36], [16, 20, 24], [8, 20, 25, 28]]","[0, 0, 1]","[3, 3, 4]","[1.0000000000000002, 1.0000000000000002, 1.0000000000000002]",1.0000000000000002,1.0000000000000002,"[3, 4]","[3, 4]",0.9999999999999999,1,0,0,0,,,,
235,"[0, 1, 3, 5, 6, 7]","[12, 16, 25]",3,r,r,"[12, 16, 25]","[[12, 16, 25], [12, 16, 25], [12, 16, 25]]","[0, 0, 0]","[3, 3, 3]","[1.0000000000000002, 1.0000000000000002, 1.0000000000000002]",1.0000000000000002,1.0000000000000002,"[3, 4]","[3, 4]",0.9999999999999999,1,0,0,0,,,,
236,"[2, 3, 5, 6, 7]","[17, 21, 24]",3,r,r,"[17, 21, 24]","[[17, 21, 24], [17, 21, 24], [17, 21, 24]]","[0, 0, 0]","[3, 3, 3]","[1.0000000000000002, 1.0000000000000002, 1.0000000000000002]",1.0000000000000002,1.0000000000000002,"[3, 4]","[3, 4]",0.9999999999999999,1,0,0,0,,,,
237,"[0, 2, 3, 5, 6, 7]","[11, 21, 24]",3,g,r,"[11, 21, 24]","[[0, 5, 12, 15, 25], [11, 21, 24], [4, 17, 24, 28]]","[0, 0, 1]","[5, 3, 4]","[1.0000000000000002, 1.0000000000000002, 1.0000000000000002]",1.0000000000000002,1.0000000000000002,"[3, 4]","[3, 4]",0.9999999999999999,1,0,0,0,,,,
238,"[1, 2, 3, 5, 6, 7]","[15, 17, 25]",3,r,r,"[15, 17, 25]","[[15, 17, 25], [15, 17, 25], [8, 17, 21, 24]]","[0, 0, 1]","[3, 3, 4]","[1.0000000000000002, 1.0000000000000002, 1.0000000000000002]",1.0000000000000002,1.0000000000000002,"[3, 4]","[3, 4]",0.9999999999999999,1,0,0,0,,,,
239,"[0, 1, 2, 3, 5, 6, 7]","[11, 15, 25]",3,r,r,"[11, 15, 25]","[[11, 15, 25], [11, 15, 25], [11, 15, 25]]","[0, 0, 0]","[3, 3, 3]","[1.0000000000000002, 1.0000000000000002, 1.0000000000000002]",1.0000000000000002,1.0000000000000002,"[3, 4]","[3, 4]",0.9999999999999999,1,0,0,0,,,,
240,"[4, 5, 6, 7]","[24, 28]",2,g,g,"[24, 28]","[[5, 15, 25], [24, 28], [24, 28]]","[1, 0, 0]","[3, 2, 2]","[1.0000000000000002, 1.0000000000000002, 3.000000000000001]",1.0000000000000002,1.0000000000000002,"[2, 3]","[2, 3]",1.0000000000000002,1,0,0,0,,,,
241,"[0, 4, 5, 6, 7]","[4, 21, 24]",3,r,r,"[4, 21, 24]","[[4, 21, 24], [11, 17, 24, 28], [12, 20, 25, 28]]","[1, 0, 0]","[3, 4, 4]","[1.0000000000000002, 1.0000000000000002, 1.0000000000000002]",1.0000000000000002,1.0000000000000002,"[4, 3]","[4, 3]",0.9999999999999999,1,1,1,1,,,,
242,"[1, 4, 5, 6, 7]","[16, 25]",2,r,g,"[16, 25]","[[16, 25], [16, 25], [16, 25]]","[0, 0, 0]","[2, 2, 2]","[3.000000000000001, 1.0000000000000002, 3.000000000000001]",1.0000000000000002,3.000000000000001,"[2, 3]","[2, 3]",1.0000000000000002,1,0,0,0,,,,
243,"[0, 1, 4, 5, 6, 7]","[4, 15, 25]",3,r,r,"[4, 15, 25]","[[4, 15, 25], [12, 16, 20, 24], [8, 12, 20, 25, 28]]","[1, 0, 1]","[3, 4, 5]","[1.0000000000000002, 1.0000000000000002, 1.0000000000000002]",1.0000000000000002,1.0000000000000002,"[4, 3]","[4, 3]",0.9999999999999999,1,1,1,1,,,,
244,"[2, 4, 5, 6, 7]","[0, 24, 28]",3,g,g,"[0, 24, 28]","[[17, 28, 31, 32], [0, 24, 28], [0, 24, 28]]","[0, 1, 1]","[4, 3, 3]","[1.0000000000000002, 1.0000000000000002, 1.0000000000000002]",1.0000000000000002,1.0000000000000002,"[4, 3]","[4, 3]",0.9999999999999999,1,1,1,1,,,,
245,"[0, 2, 4, 5, 6, 7]","[1, 24, 28]",3,g,g,"[1, 24, 28]","[[11, 28, 31, 32], [1, 24, 28], [12, 17, 21, 24]]","[0, 1, 0]","[4, 3, 4]","[1.0000000000000002, 1.0000000000000002, 1.0000000000000002]",1.0000000000000002,1.0000000000000002,"[4, 3]","[4, 3]",0.9999999999999999,1,1,1,1,,,,
246,"[1, 2, 4, 5, 6, 7]","[0, 16, 25]",3,r,r,"[0, 16, 25]","[[0, 16, 25], [0, 16, 25], [0, 16, 25]]","[1, 1, 1]","[3, 3, 3]","[1.0000000000000002, 1.0000000000000002, 1.0000000000000002]",1.0000000000000002,1.0000000000000002,"[4, 3]","[4, 3]",0.9999999999999999,1,1,1,1,,,,
247,"[0, 1, 2, 4, 5, 6, 7]","[1, 16, 25]",3,r,r,"[1, 16, 25]","[[1, 16, 25], [1, 16, 25], [8, 12, 17, 21, 24]]","[1, 1, 1]","[3, 3, 5]","[1.0000000000000002, 1.0000000000000002, 1.0000000000000002]",1.0000000000000002,1.0000000000000002,"[4, 3]","[4, 3]",0.9999999999999999,1,1,1,1,,,,
248,"[3, 4, 5, 6, 7]","[21, 24]",2,r,g,"[21, 24]","[[21, 24], [21, 24], [21, 24]]","[0, 0, 0]","[2, 2, 2]","[3.000000000000001, 1.0000000000000002, 3.000000000000001]",1.0000000000000002,3.000000000000001,"[2, 3]","[2, 3]",1.0000000000000002,1,0,0,0,,,,
249,"[0, 3, 4, 5, 6, 7]","[4, 24, 28]",3,r,r,"[12, 28, 31, 32]","[[12, 28, 31, 32], [11, 17, 21, 24], [12, 20, 21, 25]]","[0, 0, 0]","[4, 4, 4]","[1.0000000000000002, 1.0000000000000002, 1.0000000000000002]",1.0000000000000002,1.0000000000000002,"[4, 3]","[4, 3]",0.9999999999999999,1,1,0,1,,,,
250,"[1, 3, 4, 5, 6, 7]","[15, 25]",2,r,g,"[15, 25]","[[15, 25], [15, 25], [15, 25]]","[0, 0, 0]","[2, 2, 2]","[3.000000000000001, 1.0000000000000002, 3.000000000000001]",1.0000000000000002,3.000000000000001,"[2, 3]","[2, 3]",1.0000000000000002,1,0,0,0,,,,
251,"[0, 1, 3, 4, 5, 6, 7]","[4, 16, 25]",3,r,r,"[4, 16, 25]","[[4, 16, 25], [12, 15, 20, 24], [8, 11, 17, 21, 24]]","[1, 0, 1]","[3, 4, 5]","[1.0000000000000002, 1.0000000000000002, 1.0000000000000002]",1.0000000000000002,1.0000000000000002,"[4, 3]","[4, 3]",0.9999999999999999,1,1,1,1,,,,
252,"[2, 3, 4, 5, 6, 7]","[0, 21, 24]",3,r,r,"[0, 21, 24]","[[0, 21, 24], [0, 21, 24], [0, 21, 24]]","[1, 1, 1]","[3, 3, 3]","[1.0000000000000002, 1.0000000000000002, 1.0000000000000002]",1.0000000000000002,1.0000000000000002,"[4, 3]","[4, 3]",0.9999999999999999,1,1,1,1,,,,
253,"[0, 2, 3, 4, 5, 6, 7]","[1, 21, 24]",3,g,r,"[1, 21, 24]","[[4, 17, 28, 31, 32], [1, 21, 24], [12, 17, 24, 28]]","[1, 1, 0]","[5, 3, 4]","[1.0000000000000002, 1.0000000000000002, 1.0000000000000002]",1.0000000000000002,1.0000000000000002,"[4, 3]","[4, 3]",0.9999999999999999,1,1,1,1,,,,
254,"[1, 2, 3, 4, 5, 6, 7]","[0, 15, 25]",3,r,r,"[0, 15, 25]","[[0, 15, 25], [0, 15, 25], [0, 15, 25]]","[1, 1, 1]","[3, 3, 3]","[1.0000000000000002, 1.0000000000000002, 1.0000000000000002]",1.0000000000000002,1.0000000000000002,"[4, 3]","[4, 3]",0.9999999999999999,1,1,1,1,,,,
255,"[0, 1, 2, 3, 4, 5, 6, 7]","[1, 15, 25]",3,r,r,"[1, 15, 25]","[[1, 15, 25], [1, 15, 25], [8, 12, 17, 24, 28]]","[1, 1, 1]","[3, 3, 5]","[1.0000000000000002, 1.0000000000000002, 1.0000000000000002]",1.0000000000000002,1.0000000000000002,"[4, 3]","[4, 3]",0.9999999999999999,1,1,1,1,,,,
256,[8],[36],1,r,r,[36],"[[36], [36], [36]]","[0, 0, 0]","[1, 1, 1]","[3.000000000000001, 3.000000000000001, 3.000000000000001]",3.000000000000001,3.000000000000001,"[1, 4]","[1, 4]",3.0,3,0,0,0,,,,
257,"[0, 8]","[12, 20, 32]",3,r,r,"[0, 1, 36]","[[0, 1, 36], [11, 17, 36], [0, 1, 36]]","[0, 0, 0]","[3, 3, 3]","[1.0000000000000002, 1.0000000000000002, 1.0000000000000002]",1.0000000000000002,1.0000000000000002,"[3, 4]","[3, 4]",0.9999999999999999,1,0,0,0,,,,
258,"[1, 8]","[8, 36]",2,r,r,"[8, 36]","[[8, 36], [8, 36], [8, 36]]","[1, 1, 1]","[2, 2, 2]","[1.0000000000000002, 1.0000000000000002, 3.000000000000001]",1.0000000000000002,1.0000000000000002,"[3, 2]","[3, 2]",1.0000000000000002,1,1,1,1,,,,
259,"[0, 1, 8]","[4, 5, 36]",3,r,r,"[4, 5, 36]","[[4, 5, 36], [4, 5, 36], [4, 5, 36]]","[0, 0, 0]","[3, 3, 3]","[1.0000000000000002, 1.0000000000000002, 1.0000000000000002]",1.0000000000000002,1.0000000000000002,"[3, 4]","[3, 4]",0.9999999999999999,1,0,0,0,,,,
260,"[2, 8]","[0, 36]",2,r,r,"[0, 36]","[[0, 36], [0, 36], [0, 36]]","[1, 1, 1]","[2, 2, 2]","[1.0000000000000002, 3.000000000000001, 1.0000000000000002]",1.0000000000000002,1.0000000000000002,"[3, 2]","[3, 2]",1.0000000000000002,1,1,1,1,,,,
261,"[0, 2, 8]","[1, 36]",2,r,r,"[1, 36]","[[1, 36], [1, 36], [1, 36]]","[1, 1, 1]","[2, 2, 2]","[1.0000000000000002, 3.000000000000001, 2.0000000000000004]",1.0000000000000002,1.0000000000000002,"[3, 2]","[3, 2]",1.0000000000000002,1,1,1,1,,,,
262,"[1, 2, 8]","[0, 8, 36]",3,r,r,"[0, 8, 36]","[[0, 8, 36], [0, 8, 36], [0, 8, 36]]","[0, 0, 0]","[3, 3, 3]","[1.0000000000000002, 1.0000000000000002, 1.0000000000000002]",1.0000000000000002,1.0000000000000002,"[3, 4]","[3, 4]",0.9999999999999999,1,0,0,0,,,,
263,"[0, 1, 2, 8]","[1, 8, 36]",3,r,r,"[1, 8, 36]","[[1, 8, 36], [1, 8, 36], [1, 8, 36]]","[0, 0, 0]","[3, 3, 3]","[1.0000000000000002, 1.0000000000000002, 1.0000000000000002]",1.0000000000000002,1.0000000000000002,"[3, 4]","[3, 4]",0.9999999999999999,1,0,0,0,,,,
264,"[3, 8]","[20, 24, 31]",3,r,r,"[21, 28, 36]","[[21, 28, 36], [5, 8, 36], [15, 16, 36]]","[0, 0, 0]","[3, 3, 3]","[1.0000000000000002, 1.0000000000000002, 1.0000000000000002]",1.0000000000000002,1.0000000000000002,"[3, 4]","[3, 4]",0.9999999999999999,1,0,0,0,,,,
265,"[0, 3, 8]","[4, 36]",2,r,r,"[4, 36]","[[4, 36], [4, 36], [4, 36]]","[1, 1, 1]","[2, 2, 2]","[1.0000000000000002, 3.000000000000001, 3.000000000000001]",1.0000000000000002,1.0000000000000002,"[3, 2]","[3, 2]",1.0000000000000002,1,1,1,1,,,,
266,"[1, 3, 8]","[5, 36]",2,r,r,"[5, 36]","[[5, 36], [5, 36], [5, 36]]","[1, 1, 1]","[2, 2, 2]","[1.0000000000000002, 2.0000000000000004, 3.000000000000001]",1.0000000000000002,1.0000000000000002,"[3, 2]","[3, 2]",1.0000000000000002,1,1,1,1,,,,
267,"[0, 1, 3, 8]","[4, 8, 36]",3,r,r,"[4, 8, 36]","[[4, 8, 36], [4, 8, 36], [4, 8, 36]]","[0, 0, 0]","[3, 3, 3]","[1.0000000000000002, 1.0000000000000002, 1.0000000000000002]",1.0000000000000002,1.0000000000000002,"[3, 4]","[3, 4]",0.9999999999999999,1,0,0,0,,,,
268,"[2, 3, 8]","[17, 20, 32]",3,r,r,"[1, 4, 36]","[[1, 4, 36], [1, 4, 36], [1, 4, 36]]","[0, 0, 0]","[3, 3, 3]","[1.0000000000000002, 1.0000000000000002, 1.0000000000000002]",1.0000000000000002,1.0000000000000002,"[3, 4]","[3, 4]",0.9999999999999999,1,0,0,0,,,,
269,"[0, 2, 3, 8]","[11, 20, 32]",3,r,r,"[0, 4, 36]","[[0, 4, 36], [0, 4, 36], [0, 4, 36]]","[0, 0, 0]","[3, 3, 3]","[1.0000000000000002, 1.0000000000000002, 1.0000000000000002]",1.0000000000000002,1.0000000000000002,"[3, 4]","[3, 4]",0.9999999999999999,1,0,0,0,,,,
270,"[1, 2, 3, 8]","[0, 5, 36]",3,r,r,"[0, 5, 36]","[[0, 5, 36], [0, 5, 36], [0, 5, 36]]","[0, 0, 0]","[3, 3, 3]","[1.0000000000000002, 1.0000000000000002, 1.0000000000000002]",1.0000000000000002,1.0000000000000002,"[3, 4]","[3, 4]",0.9999999999999999,1,0,0,0,,,,
271,"[0, 1, 2, 3, 8]","[1, 5, 36]",3,r,r,"[1, 5, 36]","[[1, 5, 36], [1, 5, 36], [1, 5, 36]]","[0, 0, 0]","[3, 3, 3]","[1.0000000000000002, 1.0000000000000002, 1.0000000000000002]",1.0000000000000002,1.0000000000000002,"[3, 4]","[3, 4]",0.9999999999999999,1,0,0,0,,,,
272,"[4, 8]","[25, 31]",2,r,r,"[24, 33]","[[24, 33], [24, 33], [24, 33]]","[0, 0, 0]","[2, 2, 2]","[1.0000000000000002, 3.000000000000001, 1.0000000000000002]",1.0000000000000002,1.0000000000000002,"[2, 3]","[2, 3]",1.0000000000000002,1,0,0,0,,,,
273,"[0, 4, 8]","[4, 20, 32]",3,r,r,"[1, 17, 36]","[[1, 17, 36], [11, 17, 24, 33], [0, 11, 36]]","[1, 0, 1]","[3, 4, 3]","[1.0000000000000002, 1.0000000000000002, 1.0000000000000002]",1.0000000000000002,1.0000000000000002,"[4, 3]","[4, 3]",0.9999999999999999,1,1,1,1,,,,
274,"[1, 4, 8]","[8, 25, 31]",3,r,r,"[8, 24, 33]","[[8, 24, 33], [8, 24, 33], [8, 24, 33]]","[1, 1, 1]","[3, 3, 3]","[1.0000000000000002, 1.0000000000000002, 1.0000000000000002]",1.0000000000000002,1.0000000000000002,"[4, 3]","[4, 3]",0.9999999999999999,1,1,1,1,,,,
275,"[0, 1, 4, 8]","[5, 12, 36]",3,r,r,"[5, 12, 36]","[[5, 12, 36], [4, 5, 24, 33], [5, 12, 36]]","[1, 0, 1]","[3, 4, 3]","[1.0000000000000002, 1.0000000000000002, 1.0000000000000002]",1.0000000000000002,1.0000000000000002,"[4, 3]","[4, 3]",0.9999999999999999,1,1,1,1,,,,
276,"[2, 4, 8]","[17, 36]",2,r,r,"[17, 36]","[[17, 36], [17, 36], [17, 36]]","[0, 0, 0]","[2, 2, 2]","[1.0000000000000002, 3.000000000000001, 1.0000000000000002]",1.0000000000000002,1.0000000000000002,"[2, 3]","[2, 3]",1.0000000000000002,1,0,0,0,,,,
277,"[0, 2, 4, 8]","[11, 36]",2,r,r,"[11, 36]","[[11, 36], [11, 36], [11, 36]]","[0, 0, 0]","[2, 2, 2]","[1.0000000000000002, 3.000000000000001, 2.0000000000000004]",1.0000000000000002,1.0000000000000002,"[2, 3]","[2, 3]",1.0000000000000002,1,0,0,0,,,,
278,"[1, 2, 4, 8]","[8, 17, 36]",3,r,r,"[8, 17, 36]","[[8, 17, 36], [8, 17, 36], [8, 17, 36]]","[1, 1, 1]","[3, 3, 3]","[1.0000000000000002, 1.0000000000000002, 1.0000000000000002]",1.0000000000000002,1.0000000000000002,"[4, 3]","[4, 3]",0.9999999999999999,1,1,1,1,,,,
279,"[0, 1, 2, 4, 8]","[8, 11, 36]",3,r,r,"[8, 11, 36]","[[8, 11, 36], [8, 11, 36], [8, 11, 36]]","[1, 1, 1]","[3, 3, 3]","[1.0000000000000002, 1.0000000000000002, 1.0000000000000002]",1.0000000000000002,1.0000000000000002,"[4, 3]","[4, 3]",0.9999999999999999,1,1,1,1,,,,
280,"[3, 4, 8]","[20, 32]",2,r,b,"[20, 32]","[[20, 32], [20, 32], [11, 12, 17, 36]]","[0, 0, 0]","[2, 2, 4]","[3.0, 3.000000000000001, 1.0000000000000002]",1.0000000000000002,3.0,"[2, 5]","[2, 5]",2.9999999999999996,3,0,0,0,,,,
281,"[0, 3, 4, 8]","[12, 36]",2,r,r,"[12, 36]","[[12, 36], [12, 36], [12, 36]]","[0, 0, 0]","[2, 2, 2]","[1.0000000000000002, 3.000000000000001, 3.000000000000001]",1.0000000000000002,1.0000000000000002,"[2, 3]","[2, 3]",1.0000000000000002,1,0,0,0,,,,
282,"[1, 3, 4, 8]","[5, 25, 31]",3,r,r,"[5, 24, 33]","[[5, 24, 33], [8, 20, 32], [5, 24, 33]]","[1, 1, 1]","[3, 3, 3]","[1.0000000000000002, 1.0000000000000002, 1.0000000000000002]",1.0000000000000002,1.0000000000000002,"[4, 3]","[4, 3]",0.9999999999999999,1,1,1,1,,,,
283,"[0, 1, 3, 4, 8]","[8, 12, 36]",3,r,r,"[8, 12, 36]","[[8, 12, 36], [8, 12, 36], [8, 12, 36]]","[1, 1, 1]","[3, 3, 3]","[1.0000000000000002, 1.0000000000000002, 1.0000000000000002]",1.0000000000000002,1.0000000000000002,"[4, 3]","[4, 3]",0.9999999999999999,1,1,1,1,,,,
284,"[2, 3, 4, 8]","[0, 20, 32]",3,r,r,"[1, 12, 36]","[[1, 12, 36], [4, 11, 36], [1, 4, 24, 33]]","[1, 1, 0]","[3, 3, 4]","[1.0000000000000002, 1.0000000000000002, 1.0000000000000002]",1.0000000000000002,1.0000000000000002,"[4, 3]","[4, 3]",0.9999999999999999,1,1,1,1,,,,
285,"[0, 2, 3, 4, 8]","[1, 20, 32]",3,r,r,"[4, 17, 36]","[[4, 17, 36], [4, 17, 36], [0, 12, 36]]","[1, 1, 1]","[3, 3, 3]","[1.0000000000000002, 1.0000000000000002, 1.0000000000000002]",1.0000000000000002,1.0000000000000002,"[4, 3]","[4, 3]",0.9999999999999999,1,1,1,1,,,,
286,"[1, 2, 3, 4, 8]","[5, 17, 36]",3,r,r,"[5, 17, 36]","[[5, 17, 36], [5, 17, 36], [5, 17, 36]]","[1, 1, 1]","[3, 3, 3]","[1.0000000000000002, 1.0000000000000002, 1.0000000000000002]",1.0000000000000002,1.0000000000000002,"[4, 3]","[4, 3]",0.9999999999999999,1,1,1,1,,,,
287,"[0, 1, 2, 3, 4, 8]","[5, 11, 36]",3,r,r,"[5, 11, 36]","[[5, 11, 36], [5, 11, 36], [5, 11, 36]]","[1, 1, 1]","[3, 3, 3]","[1.0000000000000002, 1.0000000000000002, 1.0000000000000002]",1.0000000000000002,1.0000000000000002,"[4, 3]","[4, 3]",0.9999999999999999,1,1,1,1,,,,
288,"[5, 8]","[28, 32]",2,r,r,"[28, 32]","[[28, 32], [28, 32], [28, 32]]","[0, 0, 0]","[2, 2, 2]","[1.0000000000000002, 1.0000000000000002, 3.000000000000001]",1.0000000000000002,1.0000000000000002,"[2, 3]","[2, 3]",1.0000000000000002,1,0,0,0,,,,
289,"[0, 5, 8]","[4, 21, 32]",3,b,b,"[4, 21, 32]","[[0, 1, 28, 32], [11, 17, 28, 32], [4, 21, 32]]","[0, 0, 1]","[4, 4, 3]","[1.0000000000000002, 1.0000000000000002, 1.0000000000000002]",1.0000000000000002,1.0000000000000002,"[4, 3]","[4, 3]",0.9999999999999999,1,1,1,1,,,,
290,"[1, 5, 8]","[16, 36]",2,r,r,"[16, 36]","[[16, 36], [16, 36], [16, 36]]","[0, 0, 0]","[2, 2, 2]","[1.0000000000000002, 1.0000000000000002, 3.000000000000001]",1.0000000000000002,1.0000000000000002,"[2, 3]","[2, 3]",1.0000000000000002,1,0,0,0,,,,
291,"[0, 1, 5, 8]","[4, 15, 36]",3,r,r,"[4, 15, 36]","[[4, 15, 36], [4, 5, 28, 32], [4, 15, 36]]","[1, 0, 1]","[3, 4, 3]","[1.0000000000000002, 1.0000000000000002, 1.0000000000000002]",1.0000000000000002,1.0000000000000002,"[4, 3]","[4, 3]",0.9999999999999999,1,1,1,1,,,,
292,"[2, 5, 8]","[0, 28, 32]",3,r,r,"[0, 28, 32]","[[0, 28, 32], [0, 28, 32], [0, 28, 32]]","[1, 1, 1]","[3, 3, 3]","[1.0000000000000002, 1.0000000000000002, 1.0000000000000002]",1.0000000000000002,1.0000000000000002,"[4, 3]","[4, 3]",0.9999999999999999,1,1,1,1,,,,
293,"[0, 2, 5, 8]","[1, 28, 32]",3,r,r,"[1, 28, 32]","[[1, 28, 32], [1, 28, 32], [1, 28, 32]]","[1, 1, 1]","[3, 3, 3]","[1.0000000000000002, 1.0000000000000002, 1.0000000000000002]",1.0000000000000002,1.0000000000000002,"[4, 3]","[4, 3]",0.9999999999999999,1,1,1,1,,,,
294,"[1, 2, 5, 8]","[0, 16, 36]",3,r,r,"[0, 16, 36]","[[0, 16, 36], [0, 16, 36], [0, 16, 36]]","[1, 1, 1]","[3, 3, 3]","[1.0000000000000002, 1.0000000000000002, 1.0000000000000002]",1.0000000000000002,1.0000000000000002,"[4, 3]","[4, 3]",0.9999999999999999,1,1,1,1,,,,
295,"[0, 1, 2, 5, 8]","[1, 16, 36]",3,r,r,"[1, 16, 36]","[[1, 16, 36], [1, 16, 36], [1, 16, 36]]","[1, 1, 1]","[3, 3, 3]","[1.0000000000000002, 1.0000000000000002, 1.0000000000000002]",1.0000000000000002,1.0000000000000002,"[4, 3]","[4, 3]",0.9999999999999999,1,1,1,1,,,,
296,"[3, 5, 8]","[21, 32]",2,r,g,"[21, 32]","[[21, 32], [21, 32], [21, 32]]","[0, 0, 0]","[2, 2, 2]","[2.0000000000000004, 1.0000000000000002, 3.000000000000001]",1.0000000000000002,2.0000000000000004,"[2, 3]","[2, 3]",1.0000000000000002,1,0,0,0,,,,
297,"[0, 3, 5, 8]","[4, 28, 32]",3,r,r,"[4, 28, 32]","[[4, 28, 32], [11, 17, 21, 32], [4, 28, 32]]","[1, 0, 1]","[3, 4, 3]","[1.0000000000000002, 1.0000000000000002, 1.0000000000000002]",1.0000000000000002,1.0000000000000002,"[4, 3]","[4, 3]",0.9999999999999999,1,1,1,1,,,,
298,"[1, 3, 5, 8]","[15, 36]",2,r,r,"[15, 36]","[[15, 36], [15, 36], [15, 36]]","[0, 0, 0]","[2, 2, 2]","[1.0000000000000002, 1.0000000000000002, 3.000000000000001]",1.0000000000000002,1.0000000000000002,"[2, 3]","[2, 3]",1.0000000000000002,1,0,0,0,,,,
299,"[0, 1, 3, 5, 8]","[4, 16, 36]",3,r,r,"[4, 16, 36]","[[4, 16, 36], [4, 5, 21, 32], [4, 16, 36]]","[1, 0, 1]","[3, 4, 3]","[1.0000000000000002, 1.0000000000000002, 1.0000000000000002]",1.0000000000000002,1.0000000000000002,"[4, 3]","[4, 3]",0.9999999999999999,1,1,1,1,,,,
300,"[2, 3, 5, 8]","[0, 21, 32]",3,g,g,"[0, 21, 32]","[[1, 4, 28, 32], [0, 21, 32], [0, 21, 32]]","[0, 1, 1]","[4, 3, 3]","[1.0000000000000002, 1.0000000000000002, 1.0000000000000002]",1.0000000000000002,1.0000000000000002,"[4, 3]","[4, 3]",0.9999999999999999,1,1,1,1,,,,
301,"[0, 2, 3, 5, 8]","[1, 21, 32]",3,g,g,"[1, 21, 32]","[[0, 4, 28, 32], [1, 21, 32], [1, 21, 32]]","[0, 1, 1]","[4, 3, 3]","[1.0000000000000002, 1.0000000000000002, 1.0000000000000002]",1.0000000000000002,1.0000000000000002,"[4, 3]","[4, 3]",0.9999999999999999,1,1,1,1,,,,
302,"[1, 2, 3, 5, 8]","[0, 15, 36]",3,r,r,"[0, 15, 36]","[[0, 15, 36], [0, 15, 36], [0, 15, 36]]","[1, 1, 1]","[3, 3, 3]","[1.0000000000000002, 1.0000000000000002, 1.0000000000000002]",1.0000000000000002,1.0000000000000002,"[4, 3]","[4, 3]",0.9999999999999999,1,1,1,1,,,,
303,"[0, 1, 2, 3, 5, 8]","[1, 15, 36]",3,r,r,"[1, 15, 36]","[[1, 15, 36], [1, 15, 36], [1, 15, 36]]","[1, 1, 1]","[3, 3, 3]","[1.0000000000000002, 1.0000000000000002, 1.0000000000000002]",1.0000000000000002,1.0000000000000002,"[4, 3]","[4, 3]",0.9999999999999999,1,1,1,1,,,,
304,"[4, 5, 8]","[24, 28, 31]",3,r,r,"[20, 21, 36]","[[20, 21, 36], [20, 21, 36], [25, 28, 33]]","[0, 0, 0]","[3, 3, 3]","[1.0000000000000002, 1.0000000000000002, 3.000000000000001]",1.0000000000000002,1.0000000000000002,"[3, 4]","[3, 4]",0.9999999999999999,1,0,0,0,,,,
305,"[0, 4, 5, 8]","[12, 21, 32]",3,g,g,"[12, 21, 32]","[[1, 17, 28, 32], [12, 21, 32], [12, 21, 32]]","[1, 0, 0]","[4, 3, 3]","[1.0000000000000002, 1.0000000000000002, 1.0000000000000002]",1.0000000000000002,1.0000000000000002,"[3, 4]","[3, 4]",0.9999999999999999,1,0,0,0,,,,
306,"[1, 4, 5, 8]","[16, 25, 31]",3,r,r,"[16, 24, 33]","[[16, 24, 33], [15, 20, 32], [16, 24, 33]]","[0, 0, 0]","[3, 3, 3]","[1.0000000000000002, 1.0000000000000002, 1.0000000000000002]",1.0000000000000002,1.0000000000000002,"[3, 4]","[3, 4]",0.9999999999999999,1,0,0,0,,,,
307,"[0, 1, 4, 5, 8]","[12, 15, 36]",3,r,r,"[12, 15, 36]","[[12, 15, 36], [12, 15, 36], [12, 15, 36]]","[0, 0, 0]","[3, 3, 3]","[1.0000000000000002, 1.0000000000000002, 1.0000000000000002]",1.0000000000000002,1.0000000000000002,"[3, 4]","[3, 4]",0.9999999999999999,1,0,0,0,,,,
308,"[2, 4, 5, 8]","[17, 28, 32]",3,r,r,"[17, 28, 32]","[[17, 28, 32], [17, 28, 32], [0, 25, 28, 33]]","[0, 0, 1]","[3, 3, 4]","[1.0000000000000002, 1.0000000000000002, 1.0000000000000002]",1.0000000000000002,1.0000000000000002,"[3, 4]","[3, 4]",0.9999999999999999,1,0,0,0,,,,
309,"[0, 2, 4, 5, 8]","[11, 28, 32]",3,r,r,"[11, 28, 32]","[[11, 28, 32], [11, 28, 32], [11, 28, 32]]","[0, 0, 0]","[3, 3, 3]","[1.0000000000000002, 1.0000000000000002, 1.0000000000000002]",1.0000000000000002,1.0000000000000002,"[3, 4]","[3, 4]",0.9999999999999999,1,0,0,0,,,,
310,"[1, 2, 4, 5, 8]","[16, 17, 36]",3,r,r,"[16, 17, 36]","[[16, 17, 36], [16, 17, 36], [16, 17, 36]]","[0, 0, 0]","[3, 3, 3]","[1.0000000000000002, 1.0000000000000002, 1.0000000000000002]",1.0000000000000002,1.0000000000000002,"[3, 4]","[3, 4]",0.9999999999999999,1,0,0,0,,,,
311,"[0, 1, 2, 4, 5, 8]","[11, 16, 36]",3,r,r,"[11, 16, 36]","[[11, 16, 36], [11, 16, 36], [11, 16, 36]]","[0, 0, 0]","[3, 3, 3]","[1.0000000000000002, 1.0000000000000002, 1.0000000000000002]",1.0000000000000002,1.0000000000000002,"[3, 4]","[3, 4]",0.9999999999999999,1,0,0,0,,,,
312,"[3, 4, 5, 8]","[21, 24, 31]",3,r,r,"[20, 28, 36]","[[20, 28, 36], [21, 24, 31], [21, 25, 33]]","[0, 0, 0]","[3, 3, 3]","[1.0000000000000002, 1.0000000000000002, 3.000000000000001]",1.0000000000000002,1.0000000000000002,"[3, 4]","[3, 4]",0.9999999999999999,1,0,0,0,,,,
313,"[0, 3, 4, 5, 8]","[12, 28, 32]",3,r,r,"[12, 28, 32]","[[12, 28, 32], [11, 17, 21, 24, 31], [12, 28, 32]]","[0, 0, 0]","[3, 5, 3]","[1.0000000000000002, 1.0000000000000002, 1.0000000000000002]",1.0000000000000002,1.0000000000000002,"[3, 4]","[3, 4]",0.9999999999999999,1,0,0,0,,,,
314,"[1, 3, 4, 5, 8]","[15, 25, 31]",3,r,r,"[15, 24, 33]","[[15, 24, 33], [15, 24, 33], [15, 24, 33]]","[0, 0, 0]","[3, 3, 3]","[1.0000000000000002, 1.0000000000000002, 1.0000000000000002]",1.0000000000000002,1.0000000000000002,"[3, 4]","[3, 4]",0.9999999999999999,1,0,0,0,,,,
315,"[0, 1, 3, 4, 5, 8]","[12, 16, 36]",3,r,r,"[12, 16, 36]","[[12, 16, 36], [4, 5, 21, 24, 31], [12, 16, 36]]","[0, 0, 0]","[3, 5, 3]","[1.0000000000000002, 1.0000000000000002, 1.0000000000000002]",1.0000000000000002,1.0000000000000002,"[3, 4]","[3, 4]",0.9999999999999999,1,0,0,0,,,,
316,"[2, 3, 4, 5, 8]","[17, 21, 32]",3,g,g,"[17, 21, 32]","[[1, 12, 28, 32], [17, 21, 32], [0, 21, 25, 33]]","[1, 0, 1]","[4, 3, 4]","[1.0000000000000002, 1.0000000000000002, 1.0000000000000002]",1.0000000000000002,1.0000000000000002,"[3, 4]","[3, 4]",0.9999999999999999,1,0,0,0,,,,
317,"[0, 2, 3, 4, 5, 8]","[11, 21, 32]",3,g,g,"[11, 21, 32]","[[4, 17, 28, 32], [11, 21, 32], [11, 21, 32]]","[1, 0, 0]","[4, 3, 3]","[1.0000000000000002, 1.0000000000000002, 1.0000000000000002]",1.0000000000000002,1.0000000000000002,"[3, 4]","[3, 4]",0.9999999999999999,1,0,0,0,,,,
318,"[1, 2, 3, 4, 5, 8]","[15, 17, 36]",3,r,r,"[15, 17, 36]","[[15, 17, 36], [15, 17, 36], [15, 17, 36]]","[0, 0, 0]","[3, 3, 3]","[1.0000000000000002, 1.0000000000000002, 1.0000000000000002]",1.0000000000000002,1.0000000000000002,"[3, 4]","[3, 4]",0.9999999999999999,1,0,0,0,,,,
319,"[0, 1, 2, 3, 4, 5, 8]","[11, 15, 36]",3,r,r,"[11, 15, 36]","[[11, 15, 36], [11, 15, 36], [11, 15, 36]]","[0, 0, 0]","[3, 3, 3]","[1.0000000000000002, 1.0000000000000002, 1.0000000000000002]",1.0000000000000002,1.0000000000000002,"[3, 4]","[3, 4]",0.9999999999999999,1,0,0,0,,,,
320,"[6, 8]",[32],1,r,r,[32],"[[32], [32], [32]]","[0, 0, 0]","[1, 1, 1]","[3.0, 3.000000000000001, 3.000000000000001]",3.0,3.0,"[1, 4]","[1, 4]",3.0,3,0,0,0,,,,
321,"[0, 6, 8]","[11, 17, 32]",3,r,r,"[12, 20, 36]","[[12, 20, 36], [12, 20, 36], [0, 1, 32]]","[0, 0, 0]","[3, 3, 3]","[1.0000000000000002, 1.0000000000000002, 1.0000000000000002]",1.0000000000000002,1.0000000000000002,"[3, 4]","[3, 4]",0.9999999999999999,1,0,0,0,,,,
322,"[1, 6, 8]","[8, 32]",2,r,r,"[8, 32]","[[8, 32], [8, 32], [8, 32]]","[1, 1, 1]","[2, 2, 2]","[1.0000000000000002, 1.0000000000000002, 3.000000000000001]",1.0000000000000002,1.0000000000000002,"[3, 2]","[3, 2]",1.0000000000000002,1,1,1,1,,,,
323,"[0, 1, 6, 8]","[4, 5, 32]",3,r,r,"[4, 5, 32]","[[4, 5, 32], [4, 5, 32], [4, 5, 32]]","[0, 0, 0]","[3, 3, 3]","[1.0000000000000002, 1.0000000000000002, 1.0000000000000002]",1.0000000000000002,1.0000000000000002,"[3, 4]","[3, 4]",0.9999999999999999,1,0,0,0,,,,
324,"[2, 6, 8]","[0, 32]",2,r,b,"[0, 32]","[[0, 32], [0, 32], [0, 32]]","[1, 1, 1]","[2, 2, 2]","[2.0000000000000004, 3.000000000000001, 1.0000000000000002]",1.0000000000000002,2.0000000000000004,"[3, 2]","[3, 2]",1.0000000000000002,1,1,1,1,,,,
325,"[0, 2, 6, 8]","[1, 32]",2,r,r,"[1, 32]","[[1, 32], [1, 32], [1, 32]]","[1, 1, 1]","[2, 2, 2]","[2.0000000000000004, 3.000000000000001, 2.0000000000000004]",2.0000000000000004,2.0000000000000004,"[3, 2]","[3, 2]",1.0000000000000002,1,1,1,1,,,,
326,"[1, 2, 6, 8]","[0, 8, 32]",3,r,r,"[0, 8, 32]","[[0, 8, 32], [0, 8, 32], [0, 8, 32]]","[0, 0, 0]","[3, 3, 3]","[1.0000000000000002, 1.0000000000000002, 1.0000000000000002]",1.0000000000000002,1.0000000000000002,"[3, 4]","[3, 4]",0.9999999999999999,1,0,0,0,,,,
327,"[0, 1, 2, 6, 8]","[1, 8, 32]",3,r,r,"[1, 8, 32]","[[1, 8, 32], [1, 8, 32], [1, 8, 32]]","[0, 0, 0]","[3, 3, 3]","[1.0000000000000002, 1.0000000000000002, 1.0000000000000002]",1.0000000000000002,1.0000000000000002,"[3, 4]","[3, 4]",0.9999999999999999,1,0,0,0,,,,
328,"[3, 6, 8]","[20, 25, 31]",3,r,r,"[20, 24, 33]","[[20, 24, 33], [5, 8, 32], [15, 16, 32]]","[0, 0, 0]","[3, 3, 3]","[1.0000000000000002, 1.0000000000000002, 1.0000000000000002]",1.0000000000000002,1.0000000000000002,"[3, 4]","[3, 4]",0.9999999999999999,1,0,0,0,,,,
329,"[0, 3, 6, 8]","[4, 32]",2,r,r,"[4, 32]","[[4, 32], [4, 32], [4, 32]]","[1, 1, 1]","[2, 2, 2]","[2.0000000000000004, 3.000000000000001, 3.000000000000001]",2.0000000000000004,2.0000000000000004,"[3, 2]","[3, 2]",1.0000000000000002,1,1,1,1,,,,
330,"[1, 3, 6, 8]","[5, 32]",2,r,r,"[5, 32]","[[5, 32], [5, 32], [5, 32]]","[1, 1, 1]","[2, 2, 2]","[1.0000000000000002, 2.0000000000000004, 3.000000000000001]",1.0000000000000002,1.0000000000000002,"[3, 2]","[3, 2]",1.0000000000000002,1,1,1,1,,,,
331,"[0, 1, 3, 6, 8]","[4, 8, 32]",3,g,g,"[4, 8, 32]","[[4, 15, 21, 36], [4, 8, 32], [4, 8, 32]]","[1, 0, 0]","[4, 3, 3]","[1.0000000000000002, 1.0000000000000002, 1.0000000000000002]",1.0000000000000002,1.0000000000000002,"[3, 4]","[3, 4]",0.9999999999999999,1,0,0,0,,,,
332,"[2, 3, 6, 8]","[11, 12, 32]",3,r,r,"[17, 20, 36]","[[17, 20, 36], [1, 4, 32], [1, 4, 32]]","[0, 0, 0]","[3, 3, 3]","[1.0000000000000002, 1.0000000000000002, 1.0000000000000002]",1.0000000000000002,1.0000000000000002,"[3, 4]","[3, 4]",0.9999999999999999,1,0,0,0,,,,
333,"[0, 2, 3, 6, 8]","[12, 17, 32]",3,r,r,"[11, 20, 36]","[[11, 20, 36], [0, 4, 32], [0, 4, 32]]","[0, 0, 0]","[3, 3, 3]","[1.0000000000000002, 1.0000000000000002, 1.0000000000000002]",1.0000000000000002,1.0000000000000002,"[3, 4]","[3, 4]",0.9999999999999999,1,0,0,0,,,,
334,"[1, 2, 3, 6, 8]","[0, 5, 32]",3,r,r,"[0, 5, 32]","[[0, 5, 32], [0, 5, 32], [0, 5, 32]]","[0, 0, 0]","[3, 3, 3]","[1.0000000000000002, 1.0000000000000002, 1.0000000000000002]",1.0000000000000002,1.0000000000000002,"[3, 4]","[3, 4]",0.9999999999999999,1,0,0,0,,,,
335,"[0, 1, 2, 3, 6, 8]","[1, 5, 32]",3,r,r,"[1, 5, 32]","[[1, 5, 32], [1, 5, 32], [1, 5, 32]]","[0, 0, 0]","[3, 3, 3]","[1.0000000000000002, 1.0000000000000002, 1.0000000000000002]",1.0000000000000002,1.0000000000000002,"[3, 4]","[3, 4]",0.9999999999999999,1,0,0,0,,,,
336,"[4, 6, 8]","[24, 31]",2,g,g,"[24, 31]","[[1, 11, 32], [24, 31], [25, 33]]","[1, 0, 0]","[3, 2, 2]","[1.0000000000000002, 3.000000000000001, 3.000000000000001]",3.000000000000001,3.000000000000001,"[2, 3]","[2, 3]",1.0000000000000002,1,0,0,0,,,,
337,"[0, 4, 6, 8]","[1, 17, 32]",3,r,r,"[4, 20, 36]","[[4, 20, 36], [11, 17, 24, 31], [0, 11, 32]]","[1, 0, 1]","[3, 4, 3]","[1.0000000000000002, 1.0000000000000002, 1.0000000000000002]",1.0000000000000002,1.0000000000000002,"[4, 3]","[4, 3]",0.9999999999999999,1,1,1,1,,,,
338,"[1, 4, 6, 8]","[8, 24, 31]",3,g,g,"[8, 24, 31]","[[16, 25, 28, 31], [8, 24, 31], [8, 25, 33]]","[0, 1, 1]","[4, 3, 3]","[1.0000000000000002, 1.0000000000000002, 3.000000000000001]",1.0000000000000002,1.0000000000000002,"[4, 3]","[4, 3]",0.9999999999999999,1,1,1,1,,,,
339,"[0, 1, 4, 6, 8]","[5, 12, 32]",3,r,r,"[5, 12, 32]","[[5, 12, 32], [4, 5, 24, 31], [5, 12, 32]]","[1, 0, 1]","[3, 4, 3]","[1.0000000000000002, 1.0000000000000002, 1.0000000000000002]",1.0000000000000002,1.0000000000000002,"[4, 3]","[4, 3]",0.9999999999999999,1,1,1,1,,,,
340,"[2, 4, 6, 8]","[17, 32]",2,r,r,"[17, 32]","[[17, 32], [17, 32], [0, 25, 33]]","[0, 0, 1]","[2, 2, 3]","[2.0000000000000004, 3.000000000000001, 1.0000000000000002]",2.0000000000000004,2.0000000000000004,"[2, 3]","[2, 3]",1.0000000000000002,1,0,0,0,"{'syndrome_id': 340, 'color': 'r', 'stage2_defect_rows': [4, 8, 22, 26], 'radii_over_w': [0.5000000000000001, 0.0, 0.5000000000000001, 0.0, 0.0, 0.0, 0.0, 0.5000000000000001, 0.0, 0.0, 0.0, 0.5000000000000001, 0.0, 0.0], 'nodes': [4, 5, 8, 18, 19, 20, 21, 22, 23, 24, 25, 26, -1, -1], 'terminals': [12, 13], 'edges': [[0, 2, 13, 3.178053830347946], [1, 2, 10, 3.178053830347946], [2, 2, 11, 3.178053830347946], [3, 2, 9, 3.178053830347946], [4, 1, 11, 3.178053830347946], [5, 0, 10, 3.178053830347946], [6, 0, 9, 3.178053830347946], [7, 1, 8, 3.178053830347946], [8, 0, 8, 3.178053830347946], [9, 7, 12, 3.178053830347946], [10, 0, 7, 3.178053830347946], [11, 6, 12, 3.178053830347946], [12, 1, 6, 3.178053830347946], [13, 5, 12, 3.178053830347946], [14, 1, 5, 3.178053830347946], [15, 4, 12, 3.178053830347946], [16, 0, 4, 3.178053830347946], [17, 3, 12, 3.178053830347946], [18, 0, 3, 3.178053830347946]], 'edge_qubits': {'0': 36, '1': 33, '2': 32, '3': 31, '4': 28, '5': 24, '6': 25, '7': 21, '8': 20, '9': 0, '10': 17, '11': 8, '12': 16, '13': 5, '14': 15, '15': 4, '16': 12, '17': 1, '18': 11}, 'correction_qids': [17, 32], 'path_edge_ids': [9, 10, 6, 3, 0], 'path_qids': [0, 17, 25, 31, 36], 'path_residual_over_w': [0.5000000000000001, 0.0, 0.5000000000000001, 0.5000000000000001, 0.5000000000000001], 'path_covered_over_w': 2.9999999999999996, 'witness_opposite_qids': [0, 25, 31, 32, 36], 'witness_weight_difference': 3, 'swim_over_w': 2.0000000000000004}",5.0,3.0,"[0, 24, 31]"
341,"[0, 2, 4, 6, 8]","[11, 32]",2,r,r,"[11, 32]","[[11, 32], [11, 32], [11, 32]]","[0, 0, 0]","[2, 2, 2]","[2.0000000000000004, 3.000000000000001, 2.0000000000000004]",2.0000000000000004,2.0000000000000004,"[2, 3]","[2, 3]",1.0000000000000002,1,0,0,0,,,,
342,"[1, 2, 4, 6, 8]","[8, 17, 32]",3,r,r,"[8, 17, 32]","[[8, 17, 32], [8, 17, 32], [0, 8, 25, 33]]","[1, 1, 0]","[3, 3, 4]","[1.0000000000000002, 1.0000000000000002, 1.0000000000000002]",1.0000000000000002,1.0000000000000002,"[4, 3]","[4, 3]",0.9999999999999999,1,1,1,1,,,,
343,"[0, 1, 2, 4, 6, 8]","[8, 11, 32]",3,r,r,"[8, 11, 32]","[[8, 11, 32], [8, 11, 32], [8, 11, 32]]","[1, 1, 1]","[3, 3, 3]","[1.0000000000000002, 1.0000000000000002, 1.0000000000000002]",1.0000000000000002,1.0000000000000002,"[4, 3]","[4, 3]",0.9999999999999999,1,1,1,1,,,,
344,"[3, 4, 6, 8]","[20, 36]",2,r,r,"[20, 36]","[[20, 36], [20, 36], [20, 36]]","[0, 0, 0]","[2, 2, 2]","[2.0000000000000004, 3.000000000000001, 3.000000000000001]",2.0000000000000004,2.0000000000000004,"[2, 5]","[2, 5]",2.9999999999999996,3,0,0,0,,,,
345,"[0, 3, 4, 6, 8]","[12, 32]",2,r,r,"[12, 32]","[[12, 32], [12, 32], [12, 32]]","[0, 0, 0]","[2, 2, 2]","[2.0000000000000004, 3.000000000000001, 3.000000000000001]",2.0000000000000004,2.0000000000000004,"[2, 3]","[2, 3]",1.0000000000000002,1,0,0,0,,,,
346,"[1, 3, 4, 6, 8]","[5, 24, 31]",3,g,g,"[8, 20, 36]","[[15, 25, 28, 31], [8, 20, 36], [8, 20, 36]]","[0, 1, 1]","[4, 3, 3]","[1.0000000000000002, 1.0000000000000002, 3.000000000000001]",1.0000000000000002,1.0000000000000002,"[4, 3]","[4, 3]",0.9999999999999999,1,1,1,1,,,,
347,"[0, 1, 3, 4, 6, 8]","[8, 12, 32]",3,g,g,"[8, 12, 32]","[[4, 5, 20, 36], [8, 12, 32], [8, 12, 32]]","[0, 1, 1]","[4, 3, 3]","[1.0000000000000002, 1.0000000000000002, 1.0000000000000002]",1.0000000000000002,1.0000000000000002,"[4, 3]","[4, 3]",0.9999999999999999,1,1,1,1,,,,
348,"[2, 3, 4, 6, 8]","[1, 12, 32]",3,r,r,"[0, 20, 36]","[[0, 20, 36], [4, 11, 32], [0, 20, 36]]","[1, 1, 1]","[3, 3, 3]","[1.0000000000000002, 1.0000000000000002, 1.0000000000000002]",1.0000000000000002,1.0000000000000002,"[4, 3]","[4, 3]",0.9999999999999999,1,1,1,1,,,,
349,"[0, 2, 3, 4, 6, 8]","[4, 17, 32]",3,r,r,"[1, 20, 36]","[[1, 20, 36], [4, 17, 32], [0, 12, 32]]","[1, 1, 1]","[3, 3, 3]","[1.0000000000000002, 1.0000000000000002, 1.0000000000000002]",1.0000000000000002,1.0000000000000002,"[4, 3]","[4, 3]",0.9999999999999999,1,1,1,1,,,,
350,"[1, 2, 3, 4, 6, 8]","[5, 17, 32]",3,r,r,"[5, 17, 32]","[[5, 17, 32], [5, 17, 32], [0, 8, 20, 36]]","[1, 1, 0]","[3, 3, 4]","[1.0000000000000002, 1.0000000000000002, 1.0000000000000002]",1.0000000000000002,1.0000000000000002,"[4, 3]","[4, 3]",0.9999999999999999,1,1,1,1,,,,
351,"[0, 1, 2, 3, 4, 6, 8]","[5, 11, 32]",3,r,r,"[5, 11, 32]","[[5, 11, 32], [5, 11, 32], [5, 11, 32]]","[1, 1, 1]","[3, 3, 3]","[1.0000000000000002, 1.0000000000000002, 1.0000000000000002]",1.0000000000000002,1.0000000000000002,"[4, 3]","[4, 3]",0.9999999999999999,1,1,1,1,,,,
352,"[5, 6, 8]","[28, 36]",2,r,r,"[28, 36]","[[28, 36], [28, 36], [28, 36]]","[0, 0, 0]","[2, 2, 2]","[1.0000000000000002, 1.0000000000000002, 3.000000000000001]",1.0000000000000002,1.0000000000000002,"[2, 3]","[2, 3]",1.0000000000000002,1,0,0,0,,,,
353,"[0, 5, 6, 8]","[4, 21, 36]",3,r,r,"[4, 21, 36]","[[4, 21, 36], [11, 17, 28, 36], [4, 21, 36]]","[1, 0, 1]","[3, 4, 3]","[1.0000000000000002, 1.0000000000000002, 1.0000000000000002]",1.0000000000000002,1.0000000000000002,"[4, 3]","[4, 3]",0.9999999999999999,1,1,1,1,,,,
354,"[1, 5, 6, 8]","[16, 32]",2,r,r,"[16, 32]","[[16, 32], [16, 32], [16, 32]]","[0, 0, 0]","[2, 2, 2]","[1.0000000000000002, 1.0000000000000002, 3.000000000000001]",1.0000000000000002,1.0000000000000002,"[2, 3]","[2, 3]",1.0000000000000002,1,0,0,0,,,,
355,"[0, 1, 5, 6, 8]","[4, 15, 32]",3,r,r,"[4, 15, 32]","[[4, 15, 32], [12, 16, 20, 36], [4, 15, 32]]","[1, 0, 1]","[3, 4, 3]","[1.0000000000000002, 1.0000000000000002, 1.0000000000000002]",1.0000000000000002,1.0000000000000002,"[4, 3]","[4, 3]",0.9999999999999999,1,1,1,1,,,,
356,"[2, 5, 6, 8]","[0, 28, 36]",3,r,r,"[0, 28, 36]","[[0, 28, 36], [0, 28, 36], [0, 28, 36]]","[1, 1, 1]","[3, 3, 3]","[1.0000000000000002, 1.0000000000000002, 1.0000000000000002]",1.0000000000000002,1.0000000000000002,"[4, 3]","[4, 3]",0.9999999999999999,1,1,1,1,,,,
357,"[0, 2, 5, 6, 8]","[1, 28, 36]",3,r,r,"[1, 28, 36]","[[1, 28, 36], [1, 28, 36], [1, 28, 36]]","[1, 1, 1]","[3, 3, 3]","[1.0000000000000002, 1.0000000000000002, 1.0000000000000002]",1.0000000000000002,1.0000000000000002,"[4, 3]","[4, 3]",0.9999999999999999,1,1,1,1,,,,
358,"[1, 2, 5, 6, 8]","[0, 16, 32]",3,r,r,"[0, 16, 32]","[[0, 16, 32], [0, 16, 32], [0, 16, 32]]","[1, 1, 1]","[3, 3, 3]","[1.0000000000000002, 1.0000000000000002, 1.0000000000000002]",1.0000000000000002,1.0000000000000002,"[4, 3]","[4, 3]",0.9999999999999999,1,1,1,1,,,,
359,"[0, 1, 2, 5, 6, 8]","[1, 16, 32]",3,r,r,"[1, 16, 32]","[[1, 16, 32], [1, 16, 32], [1, 16, 32]]","[1, 1, 1]","[3, 3, 3]","[1.0000000000000002, 1.0000000000000002, 1.0000000000000002]",1.0000000000000002,1.0000000000000002,"[4, 3]","[4, 3]",0.9999999999999999,1,1,1,1,,,,
360,"[3, 5, 6, 8]","[21, 36]",2,r,g,"[21, 36]","[[21, 36], [21, 36], [21, 36]]","[0, 0, 0]","[2, 2, 2]","[2.0000000000000004, 1.0000000000000002, 3.000000000000001]",1.0000000000000002,2.0000000000000004,"[2, 3]","[2, 3]",1.0000000000000002,1,0,0,0,,,,
361,"[0, 3, 5, 6, 8]","[4, 28, 36]",3,r,r,"[4, 28, 36]","[[4, 28, 36], [11, 17, 21, 36], [4, 28, 36]]","[1, 0, 1]","[3, 4, 3]","[1.0000000000000002, 1.0000000000000002, 1.0000000000000002]",1.0000000000000002,1.0000000000000002,"[4, 3]","[4, 3]",0.9999999999999999,1,1,1,1,,,,
362,"[1, 3, 5, 6, 8]","[15, 32]",2,r,r,"[15, 32]","[[15, 32], [15, 32], [15, 32]]","[0, 0, 0]","[2, 2, 2]","[1.0000000000000002, 1.0000000000000002, 3.000000000000001]",1.0000000000000002,1.0000000000000002,"[2, 3]","[2, 3]",1.0000000000000002,1,0,0,0,,,,
363,"[0, 1, 3, 5, 6, 8]","[4, 16, 32]",3,b,b,"[4, 16, 32]","[[4, 5, 21, 36], [12, 15, 20, 36], [4, 16, 32]]","[0, 0, 1]","[4, 4, 3]","[1.0000000000000002, 1.0000000000000002, 1.0000000000000002]",1.0000000000000002,1.0000000000000002,"[4, 3]","[4, 3]",0.9999999999999999,1,1,1,1,,,,
364,"[2, 3, 5, 6, 8]","[0, 21, 36]",3,r,r,"[0, 21, 36]","[[0, 21, 36], [0, 21, 36], [0, 21, 36]]","[1, 1, 1]","[3, 3, 3]","[1.0000000000000002, 1.0000000000000002, 1.0000000000000002]",1.0000000000000002,1.0000000000000002,"[4, 3]","[4, 3]",0.9999999999999999,1,1,1,1,,,,
365,"[0, 2, 3, 5, 6, 8]","[1, 21, 36]",3,r,r,"[1, 21, 36]","[[1, 21, 36], [1, 21, 36], [1, 21, 36]]","[1, 1, 1]","[3, 3, 3]","[1.0000000000000002, 1.0000000000000002, 1.0000000000000002]",1.0000000000000002,1.0000000000000002,"[4, 3]","[4, 3]",0.9999999999999999,1,1,1,1,,,,
366,"[1, 2, 3, 5, 6, 8]","[0, 15, 32]",3,r,r,"[0, 15, 32]","[[0, 15, 32], [0, 15, 32], [0, 15, 32]]","[1, 1, 1]","[3, 3, 3]","[1.0000000000000002, 1.0000000000000002, 1.0000000000000002]",1.0000000000000002,1.0000000000000002,"[4, 3]","[4, 3]",0.9999999999999999,1,1,1,1,,,,
367,"[0, 1, 2, 3, 5, 6, 8]","[1, 15, 32]",3,r,r,"[1, 15, 32]","[[1, 15, 32], [1, 15, 32], [1, 15, 32]]","[1, 1, 1]","[3, 3, 3]","[1.0000000000000002, 1.0000000000000002, 1.0000000000000002]",1.0000000000000002,1.0000000000000002,"[4, 3]","[4, 3]",0.9999999999999999,1,1,1,1,,,,
368,"[4, 5, 6, 8]","[25, 28, 31]",3,r,r,"[24, 28, 33]","[[24, 28, 33], [20, 21, 32], [25, 28, 31]]","[0, 0, 0]","[3, 3, 3]","[1.0000000000000002, 1.0000000000000002, 3.000000000000001]",1.0000000000000002,1.0000000000000002,"[3, 4]","[3, 4]",0.9999999999999999,1,0,0,0,,,,
369,"[0, 4, 5, 6, 8]","[12, 21, 36]",3,r,r,"[12, 21, 36]","[[12, 21, 36], [12, 21, 36], [12, 21, 36]]","[0, 0, 0]","[3, 3, 3]","[1.0000000000000002, 1.0000000000000002, 1.0000000000000002]",1.0000000000000002,1.0000000000000002,"[3, 4]","[3, 4]",0.9999999999999999,1,0,0,0,,,,
370,"[1, 4, 5, 6, 8]","[16, 24, 31]",3,g,g,"[15, 20, 36]","[[8, 20, 21, 32], [15, 20, 36], [16, 25, 33]]","[1, 0, 0]","[4, 3, 3]","[1.0000000000000002, 1.0000000000000002, 3.000000000000001]",1.0000000000000002,1.0000000000000002,"[3, 4]","[3, 4]",0.9999999999999999,1,0,0,0,,,,
371,"[0, 1, 4, 5, 6, 8]","[12, 15, 32]",3,r,r,"[12, 15, 32]","[[12, 15, 32], [12, 15, 32], [12, 15, 32]]","[0, 0, 0]","[3, 3, 3]","[1.0000000000000002, 1.0000000000000002, 1.0000000000000002]",1.0000000000000002,1.0000000000000002,"[3, 4]","[3, 4]",0.9999999999999999,1,0,0,0,,,,
372,"[2, 4, 5, 6, 8]","[17, 28, 36]",3,r,r,"[17, 28, 36]","[[17, 28, 36], [17, 28, 36], [0, 25, 28, 31]]","[0, 0, 1]","[3, 3, 4]","[1.0000000000000002, 1.0000000000000002, 1.0000000000000002]",1.0000000000000002,1.0000000000000002,"[3, 4]","[3, 4]",0.9999999999999999,1,0,0,0,,,,
373,"[0, 2, 4, 5, 6, 8]","[11, 28, 36]",3,r,r,"[11, 28, 36]","[[11, 28, 36], [11, 28, 36], [11, 28, 36]]","[0, 0, 0]","[3, 3, 3]","[1.0000000000000002, 1.0000000000000002, 1.0000000000000002]",1.0000000000000002,1.0000000000000002,"[3, 4]","[3, 4]",0.9999999999999999,1,0,0,0,,,,
374,"[1, 2, 4, 5, 6, 8]","[16, 17, 32]",3,r,r,"[16, 17, 32]","[[16, 17, 32], [16, 17, 32], [0, 16, 25, 33]]","[0, 0, 1]","[3, 3, 4]","[1.0000000000000002, 1.0000000000000002, 1.0000000000000002]",1.0000000000000002,1.0000000000000002,"[3, 4]","[3, 4]",0.9999999999999999,1,0,0,0,,,,
375,"[0, 1, 2, 4, 5, 6, 8]","[11, 16, 32]",3,r,r,"[11, 16, 32]","[[11, 16, 32], [11, 16, 32], [11, 16, 32]]","[0, 0, 0]","[3, 3, 3]","[1.0000000000000002, 1.0000000000000002, 1.0000000000000002]",1.0000000000000002,1.0000000000000002,"[3, 4]","[3, 4]",0.9999999999999999,1,0,0,0,,,,
376,"[3, 4, 5, 6, 8]","[21, 25, 31]",3,r,r,"[20, 28, 32]","[[20, 28, 32], [21, 24, 33], [21, 25, 31]]","[0, 0, 0]","[3, 3, 3]","[1.0000000000000002, 1.0000000000000002, 3.000000000000001]",1.0000000000000002,1.0000000000000002,"[3, 4]","[3, 4]",0.9999999999999999,1,0,0,0,,,,
377,"[0, 3, 4, 5, 6, 8]","[12, 28, 36]",3,r,r,"[12, 28, 36]","[[12, 28, 36], [11, 17, 21, 24, 33], [12, 28, 36]]","[0, 0, 0]","[3, 5, 3]","[1.0000000000000002, 1.0000000000000002, 1.0000000000000002]",1.0000000000000002,1.0000000000000002,"[3, 4]","[3, 4]",0.9999999999999999,1,0,0,0,,,,
378,"[1, 3, 4, 5, 6, 8]","[15, 24, 31]",3,g,g,"[15, 24, 31]","[[5, 20, 21, 32], [15, 24, 31], [16, 20, 36]]","[1, 0, 0]","[4, 3, 3]","[1.0000000000000002, 1.0000000000000002, 3.000000000000001]",1.0000000000000002,1.0000000000000002,"[3, 4]","[3, 4]",0.9999999999999999,1,0,0,0,,,,
379,"[0, 1, 3, 4, 5, 6, 8]","[12, 16, 32]",3,b,g,"[12, 16, 32]","[[4, 15, 20, 36], [4, 5, 21, 24, 33], [12, 16, 32]]","[1, 0, 0]","[4, 5, 3]","[1.0000000000000002, 1.0000000000000002, 1.0000000000000002]",1.0000000000000002,1.0000000000000002,"[3, 4]","[3, 4]",0.9999999999999999,1,0,0,0,,,,
380,"[2, 3, 4, 5, 6, 8]","[17, 21, 36]",3,r,r,"[17, 21, 36]","[[17, 21, 36], [17, 21, 36], [0, 21, 25, 31]]","[0, 0, 1]","[3, 3, 4]","[1.0000000000000002, 1.0000000000000002, 1.0000000000000002]",1.0000000000000002,1.0000000000000002,"[3, 4]","[3, 4]",0.9999999999999999,1,0,0,0,,,,
381,"[0, 2, 3, 4, 5, 6, 8]","[11, 21, 36]",3,r,r,"[11, 21, 36]","[[11, 21, 36], [11, 21, 36], [11, 21, 36]]","[0, 0, 0]","[3, 3, 3]","[1.0000000000000002, 1.0000000000000002, 1.0000000000000002]",1.0000000000000002,1.0000000000000002,"[3, 4]","[3, 4]",0.9999999999999999,1,0,0,0,,,,
382,"[1, 2, 3, 4, 5, 6, 8]","[15, 17, 32]",3,r,r,"[15, 17, 32]","[[15, 17, 32], [15, 17, 32], [0, 16, 20, 36]]","[0, 0, 1]","[3, 3, 4]","[1.0000000000000002, 1.0000000000000002, 1.0000000000000002]",1.0000000000000002,1.0000000000000002,"[3, 4]","[3, 4]",0.9999999999999999,1,0,0,0,,,,
383,"[0, 1, 2, 3, 4, 5, 6, 8]","[11, 15, 32]",3,r,r,"[11, 15, 32]","[[11, 15, 32], [11, 15, 32], [11, 15, 32]]","[0, 0, 0]","[3, 3, 3]","[1.0000000000000002, 1.0000000000000002, 1.0000000000000002]",1.0000000000000002,1.0000000000000002,"[3, 4]","[3, 4]",0.9999999999999999,1,0,0,0,,,,
384,"[7, 8]",[33],1,r,r,[33],"[[33], [33], [33]]","[0, 0, 0]","[1, 1, 1]","[3.0, 3.000000000000001, 3.000000000000001]",3.0,3.0,"[1, 4]","[1, 4]",3.0,3,0,0,0,,,,
385,"[0, 7, 8]","[12, 20, 31]",3,r,r,"[12, 20, 31]","[[12, 20, 31], [11, 17, 33], [0, 1, 33]]","[0, 0, 0]","[3, 3, 3]","[1.0000000000000002, 1.0000000000000002, 1.0000000000000002]",1.0000000000000002,1.0000000000000002,"[3, 4]","[3, 4]",0.9999999999999999,1,0,0,0,,,,
386,"[1, 7, 8]","[8, 33]",2,r,g,"[8, 33]","[[8, 33], [8, 33], [8, 33]]","[1, 1, 1]","[2, 2, 2]","[2.0000000000000004, 1.0000000000000002, 3.000000000000001]",1.0000000000000002,2.0000000000000004,"[3, 2]","[3, 2]",1.0000000000000002,1,1,1,1,,,,
387,"[0, 1, 7, 8]","[4, 5, 33]",3,r,r,"[4, 5, 33]","[[4, 5, 33], [4, 5, 33], [4, 5, 33]]","[0, 0, 0]","[3, 3, 3]","[1.0000000000000002, 1.0000000000000002, 1.0000000000000002]",1.0000000000000002,1.0000000000000002,"[3, 4]","[3, 4]",0.9999999999999999,1,0,0,0,,,,
388,"[2, 7, 8]","[0, 33]",2,r,r,"[0, 33]","[[0, 33], [0, 33], [0, 33]]","[1, 1, 1]","[2, 2, 2]","[1.0000000000000002, 3.000000000000001, 1.0000000000000002]",1.0000000000000002,1.0000000000000002,"[3, 2]","[3, 2]",1.0000000000000002,1,1,1,1,,,,
389,"[0, 2, 7, 8]","[1, 33]",2,r,r,"[1, 33]","[[1, 33], [1, 33], [1, 33]]","[1, 1, 1]","[2, 2, 2]","[1.0000000000000002, 3.000000000000001, 2.0000000000000004]",1.0000000000000002,1.0000000000000002,"[3, 2]","[3, 2]",1.0000000000000002,1,1,1,1,,,,
390,"[1, 2, 7, 8]","[0, 8, 33]",3,r,r,"[0, 8, 33]","[[0, 8, 33], [0, 8, 33], [0, 8, 33]]","[0, 0, 0]","[3, 3, 3]","[1.0000000000000002, 1.0000000000000002, 1.0000000000000002]",1.0000000000000002,1.0000000000000002,"[3, 4]","[3, 4]",0.9999999999999999,1,0,0,0,,,,
391,"[0, 1, 2, 7, 8]","[1, 8, 33]",3,r,r,"[1, 8, 33]","[[1, 8, 33], [1, 8, 33], [1, 8, 33]]","[0, 0, 0]","[3, 3, 3]","[1.0000000000000002, 1.0000000000000002, 1.0000000000000002]",1.0000000000000002,1.0000000000000002,"[3, 4]","[3, 4]",0.9999999999999999,1,0,0,0,,,,
392,"[3, 7, 8]","[20, 24, 32]",3,r,r,"[20, 25, 36]","[[20, 25, 36], [5, 8, 33], [20, 25, 36]]","[0, 0, 0]","[3, 3, 3]","[1.0000000000000002, 1.0000000000000002, 1.0000000000000002]",1.0000000000000002,1.0000000000000002,"[3, 4]","[3, 4]",0.9999999999999999,1,0,0,0,,,,
393,"[0, 3, 7, 8]","[4, 33]",2,r,r,"[4, 33]","[[4, 33], [4, 33], [4, 33]]","[1, 1, 1]","[2, 2, 2]","[1.0000000000000002, 3.000000000000001, 3.000000000000001]",1.0000000000000002,1.0000000000000002,"[3, 2]","[3, 2]",1.0000000000000002,1,1,1,1,,,,
394,"[1, 3, 7, 8]","[5, 33]",2,r,r,"[5, 33]","[[5, 33], [5, 33], [5, 33]]","[1, 1, 1]","[2, 2, 2]","[2.0000000000000004, 2.0000000000000004, 3.000000000000001]",2.0000000000000004,2.0000000000000004,"[3, 2]","[3, 2]",1.0000000000000002,1,1,1,1,,,,
395,"[0, 1, 3, 7, 8]","[4, 8, 33]",3,r,r,"[4, 8, 33]","[[4, 8, 33], [4, 8, 33], [4, 8, 33]]","[0, 0, 0]","[3, 3, 3]","[1.0000000000000002, 1.0000000000000002, 1.0000000000000002]",1.0000000000000002,1.0000000000000002,"[3, 4]","[3, 4]",0.9999999999999999,1,0,0,0,,,,
396,"[2, 3, 7, 8]","[17, 20, 31]",3,r,r,"[1, 4, 33]","[[1, 4, 33], [1, 4, 33], [1, 4, 33]]","[0, 0, 0]","[3, 3, 3]","[1.0000000000000002, 1.0000000000000002, 1.0000000000000002]",1.0000000000000002,1.0000000000000002,"[3, 4]","[3, 4]",0.9999999999999999,1,0,0,0,,,,
397,"[0, 2, 3, 7, 8]","[11, 20, 31]",3,r,r,"[0, 4, 33]","[[0, 4, 33], [0, 4, 33], [0, 4, 33]]","[0, 0, 0]","[3, 3, 3]","[1.0000000000000002, 1.0000000000000002, 1.0000000000000002]",1.0000000000000002,1.0000000000000002,"[3, 4]","[3, 4]",0.9999999999999999,1,0,0,0,,,,
398,"[1, 2, 3, 7, 8]","[0, 5, 33]",3,r,r,"[0, 5, 33]","[[0, 5, 33], [0, 5, 33], [0, 5, 33]]","[0, 0, 0]","[3, 3, 3]","[1.0000000000000002, 1.0000000000000002, 1.0000000000000002]",1.0000000000000002,1.0000000000000002,"[3, 4]","[3, 4]",0.9999999999999999,1,0,0,0,,,,
399,"[0, 1, 2, 3, 7, 8]","[1, 5, 33]",3,r,r,"[1, 5, 33]","[[1, 5, 33], [1, 5, 33], [1, 5, 33]]","[0, 0, 0]","[3, 3, 3]","[1.0000000000000002, 1.0000000000000002, 1.0000000000000002]",1.0000000000000002,1.0000000000000002,"[3, 4]","[3, 4]",0.9999999999999999,1,0,0,0,,,,
400,"[4, 7, 8]","[25, 32]",2,r,r,"[24, 36]","[[24, 36], [24, 36], [24, 36]]","[0, 0, 0]","[2, 2, 2]","[1.0000000000000002, 3.000000000000001, 1.0000000000000002]",1.0000000000000002,1.0000000000000002,"[2, 3]","[2, 3]",1.0000000000000002,1,0,0,0,,,,
401,"[0, 4, 7, 8]","[4, 20, 31]",3,r,r,"[4, 20, 31]","[[4, 20, 31], [11, 17, 24, 36], [0, 11, 33]]","[1, 0, 1]","[3, 4, 3]","[1.0000000000000002, 1.0000000000000002, 1.0000000000000002]",1.0000000000000002,1.0000000000000002,"[4, 3]","[4, 3]",0.9999999999999999,1,1,1,1,,,,
402,"[1, 4, 7, 8]","[5, 20, 31]",3,r,r,"[8, 24, 36]","[[8, 24, 36], [8, 24, 36], [8, 24, 36]]","[1, 1, 1]","[3, 3, 3]","[1.0000000000000002, 1.0000000000000002, 1.0000000000000002]",1.0000000000000002,1.0000000000000002,"[4, 3]","[4, 3]",0.9999999999999999,1,1,1,1,,,,
403,"[0, 1, 4, 7, 8]","[5, 12, 33]",3,r,r,"[5, 12, 33]","[[5, 12, 33], [4, 5, 24, 36], [5, 12, 33]]","[1, 0, 1]","[3, 4, 3]","[1.0000000000000002, 1.0000000000000002, 1.0000000000000002]",1.0000000000000002,1.0000000000000002,"[4, 3]","[4, 3]",0.9999999999999999,1,1,1,1,,,,
404,"[2, 4, 7, 8]","[17, 33]",2,r,r,"[17, 33]","[[17, 33], [17, 33], [17, 33]]","[0, 0, 0]","[2, 2, 2]","[1.0000000000000002, 3.000000000000001, 1.0000000000000002]",1.0000000000000002,1.0000000000000002,"[2, 3]","[2, 3]",1.0000000000000002,1,0,0,0,,,,
405,"[0, 2, 4, 7, 8]","[11, 33]",2,r,r,"[11, 33]","[[11, 33], [11, 33], [11, 33]]","[0, 0, 0]","[2, 2, 2]","[1.0000000000000002, 3.000000000000001, 2.0000000000000004]",1.0000000000000002,1.0000000000000002,"[2, 3]","[2, 3]",1.0000000000000002,1,0,0,0,,,,
406,"[1, 2, 4, 7, 8]","[8, 17, 33]",3,r,r,"[8, 17, 33]","[[8, 17, 33], [8, 17, 33], [8, 17, 33]]","[1, 1, 1]","[3, 3, 3]","[1.0000000000000002, 1.0000000000000002, 1.0000000000000002]",1.0000000000000002,1.0000000000000002,"[4, 3]","[4, 3]",0.9999999999999999,1,1,1,1,,,,
407,"[0, 1, 2, 4, 7, 8]","[8, 11, 33]",3,r,r,"[8, 11, 33]","[[8, 11, 33], [8, 11, 33], [8, 11, 33]]","[1, 1, 1]","[3, 3, 3]","[1.0000000000000002, 1.0000000000000002, 1.0000000000000002]",1.0000000000000002,1.0000000000000002,"[4, 3]","[4, 3]",0.9999999999999999,1,1,1,1,,,,
408,"[3, 4, 7, 8]","[20, 31]",2,r,b,"[20, 31]","[[20, 31], [20, 31], [11, 12, 17, 33]]","[0, 0, 0]","[2, 2, 4]","[2.0000000000000004, 3.000000000000001, 1.0000000000000002]",1.0000000000000002,2.0000000000000004,"[2, 5]","[2, 5]",3.000000000000001,3,0,0,0,,,,
409,"[0, 3, 4, 7, 8]","[12, 33]",2,r,r,"[12, 33]","[[12, 33], [12, 33], [12, 33]]","[0, 0, 0]","[2, 2, 2]","[1.0000000000000002, 3.000000000000001, 3.000000000000001]",1.0000000000000002,1.0000000000000002,"[2, 3]","[2, 3]",1.0000000000000002,1,0,0,0,,,,
410,"[1, 3, 4, 7, 8]","[8, 20, 31]",3,r,r,"[5, 24, 36]","[[5, 24, 36], [8, 20, 31], [5, 24, 36]]","[1, 1, 1]","[3, 3, 3]","[1.0000000000000002, 1.0000000000000002, 1.0000000000000002]",1.0000000000000002,1.0000000000000002,"[4, 3]","[4, 3]",0.9999999999999999,1,1,1,1,,,,
411,"[0, 1, 3, 4, 7, 8]","[8, 12, 33]",3,r,r,"[8, 12, 33]","[[8, 12, 33], [8, 12, 33], [8, 12, 33]]","[1, 1, 1]","[3, 3, 3]","[1.0000000000000002, 1.0000000000000002, 1.0000000000000002]",1.0000000000000002,1.0000000000000002,"[4, 3]","[4, 3]",0.9999999999999999,1,1,1,1,,,,
412,"[2, 3, 4, 7, 8]","[0, 20, 31]",3,r,r,"[1, 12, 33]","[[1, 12, 33], [4, 11, 33], [1, 4, 24, 36]]","[1, 1, 0]","[3, 3, 4]","[1.0000000000000002, 1.0000000000000002, 1.0000000000000002]",1.0000000000000002,1.0000000000000002,"[4, 3]","[4, 3]",0.9999999999999999,1,1,1,1,,,,
413,"[0, 2, 3, 4, 7, 8]","[1, 20, 31]",3,r,r,"[4, 17, 33]","[[4, 17, 33], [4, 17, 33], [0, 12, 33]]","[1, 1, 1]","[3, 3, 3]","[1.0000000000000002, 1.0000000000000002, 1.0000000000000002]",1.0000000000000002,1.0000000000000002,"[4, 3]","[4, 3]",0.9999999999999999,1,1,1,1,,,,
414,"[1, 2, 3, 4, 7, 8]","[5, 17, 33]",3,r,r,"[5, 17, 33]","[[5, 17, 33], [5, 17, 33], [5, 17, 33]]","[1, 1, 1]","[3, 3, 3]","[1.0000000000000002, 1.0000000000000002, 1.0000000000000002]",1.0000000000000002,1.0000000000000002,"[4, 3]","[4, 3]",0.9999999999999999,1,1,1,1,,,,
415,"[0, 1, 2, 3, 4, 7, 8]","[5, 11, 33]",3,r,r,"[5, 11, 33]","[[5, 11, 33], [5, 11, 33], [5, 11, 33]]","[1, 1, 1]","[3, 3, 3]","[1.0000000000000002, 1.0000000000000002, 1.0000000000000002]",1.0000000000000002,1.0000000000000002,"[4, 3]","[4, 3]",0.9999999999999999,1,1,1,1,,,,
416,"[5, 7, 8]","[28, 31]",2,g,g,"[28, 31]","[[5, 15, 33], [28, 31], [28, 31]]","[1, 0, 0]","[3, 2, 2]","[1.0000000000000002, 1.0000000000000002, 3.000000000000001]",1.0000000000000002,1.0000000000000002,"[2, 3]","[2, 3]",1.0000000000000002,1,0,0,0,,,,
417,"[0, 5, 7, 8]","[4, 21, 31]",3,r,r,"[4, 21, 31]","[[4, 21, 31], [11, 17, 28, 31], [4, 21, 31]]","[1, 0, 1]","[3, 4, 3]","[1.0000000000000002, 1.0000000000000002, 1.0000000000000002]",1.0000000000000002,1.0000000000000002,"[4, 3]","[4, 3]",0.9999999999999999,1,1,1,1,,,,
418,"[1, 5, 7, 8]","[16, 33]",2,r,g,"[16, 33]","[[16, 33], [16, 33], [16, 33]]","[0, 0, 0]","[2, 2, 2]","[2.0000000000000004, 1.0000000000000002, 3.000000000000001]",1.0000000000000002,2.0000000000000004,"[2, 3]","[2, 3]",1.0000000000000002,1,0,0,0,,,,
419,"[0, 1, 5, 7, 8]","[4, 15, 33]",3,r,r,"[4, 15, 33]","[[4, 15, 33], [4, 5, 28, 31], [4, 15, 33]]","[1, 0, 1]","[3, 4, 3]","[1.0000000000000002, 1.0000000000000002, 1.0000000000000002]",1.0000000000000002,1.0000000000000002,"[4, 3]","[4, 3]",0.9999999999999999,1,1,1,1,,,,
420,"[2, 5, 7, 8]","[0, 28, 31]",3,g,g,"[0, 28, 31]","[[17, 24, 28, 32], [0, 28, 31], [0, 28, 31]]","[0, 1, 1]","[4, 3, 3]","[1.0000000000000002, 1.0000000000000002, 1.0000000000000002]",1.0000000000000002,1.0000000000000002,"[4, 3]","[4, 3]",0.9999999999999999,1,1,1,1,,,,
421,"[0, 2, 5, 7, 8]","[1, 28, 31]",3,g,g,"[1, 28, 31]","[[11, 24, 28, 32], [1, 28, 31], [1, 28, 31]]","[0, 1, 1]","[4, 3, 3]","[1.0000000000000002, 1.0000000000000002, 1.0000000000000002]",1.0000000000000002,1.0000000000000002,"[4, 3]","[4, 3]",0.9999999999999999,1,1,1,1,,,,
422,"[1, 2, 5, 7, 8]","[0, 16, 33]",3,r,r,"[0, 16, 33]","[[0, 16, 33], [0, 16, 33], [0, 16, 33]]","[1, 1, 1]","[3, 3, 3]","[1.0000000000000002, 1.0000000000000002, 1.0000000000000002]",1.0000000000000002,1.0000000000000002,"[4, 3]","[4, 3]",0.9999999999999999,1,1,1,1,,,,
423,"[0, 1, 2, 5, 7, 8]","[1, 16, 33]",3,r,r,"[1, 16, 33]","[[1, 16, 33], [1, 16, 33], [1, 16, 33]]","[1, 1, 1]","[3, 3, 3]","[1.0000000000000002, 1.0000000000000002, 1.0000000000000002]",1.0000000000000002,1.0000000000000002,"[4, 3]","[4, 3]",0.9999999999999999,1,1,1,1,,,,
424,"[3, 5, 7, 8]","[21, 31]",2,r,g,"[21, 31]","[[21, 31], [21, 31], [21, 31]]","[0, 0, 0]","[2, 2, 2]","[3.0, 1.0000000000000002, 3.000000000000001]",1.0000000000000002,3.0,"[2, 3]","[2, 3]",1.0000000000000002,1,0,0,0,,,,
425,"[0, 3, 5, 7, 8]","[4, 28, 31]",3,b,b,"[4, 28, 31]","[[12, 24, 28, 32], [11, 17, 21, 31], [4, 28, 31]]","[0, 0, 1]","[4, 4, 3]","[1.0000000000000002, 1.0000000000000002, 1.0000000000000002]",1.0000000000000002,1.0000000000000002,"[4, 3]","[4, 3]",0.9999999999999999,1,1,1,1,,,,
426,"[1, 3, 5, 7, 8]","[15, 33]",2,r,g,"[15, 33]","[[15, 33], [15, 33], [15, 33]]","[0, 0, 0]","[2, 2, 2]","[2.0000000000000004, 1.0000000000000002, 3.000000000000001]",1.0000000000000002,2.0000000000000004,"[2, 3]","[2, 3]",1.0000000000000002,1,0,0,0,,,,
427,"[0, 1, 3, 5, 7, 8]","[4, 16, 33]",3,r,r,"[4, 16, 33]","[[4, 16, 33], [4, 5, 21, 31], [4, 16, 33]]","[1, 0, 1]","[3, 4, 3]","[1.0000000000000002, 1.0000000000000002, 1.0000000000000002]",1.0000000000000002,1.0000000000000002,"[4, 3]","[4, 3]",0.9999999999999999,1,1,1,1,,,,
428,"[2, 3, 5, 7, 8]","[0, 21, 31]",3,g,r,"[0, 21, 31]","[[1, 12, 24, 28, 32], [0, 21, 31], [0, 21, 31]]","[1, 1, 1]","[5, 3, 3]","[1.0000000000000002, 1.0000000000000002, 1.0000000000000002]",1.0000000000000002,1.0000000000000002,"[4, 3]","[4, 3]",0.9999999999999999,1,1,1,1,,,,
429,"[0, 2, 3, 5, 7, 8]","[1, 21, 31]",3,g,r,"[1, 21, 31]","[[4, 17, 24, 28, 32], [1, 21, 31], [1, 21, 31]]","[1, 1, 1]","[5, 3, 3]","[1.0000000000000002, 1.0000000000000002, 1.0000000000000002]",1.0000000000000002,1.0000000000000002,"[4, 3]","[4, 3]",0.9999999999999999,1,1,1,1,,,,
430,"[1, 2, 3, 5, 7, 8]","[0, 15, 33]",3,r,r,"[0, 15, 33]","[[0, 15, 33], [0, 15, 33], [0, 15, 33]]","[1, 1, 1]","[3, 3, 3]","[1.0000000000000002, 1.0000000000000002, 1.0000000000000002]",1.0000000000000002,1.0000000000000002,"[4, 3]","[4, 3]",0.9999999999999999,1,1,1,1,,,,
431,"[0, 1, 2, 3, 5, 7, 8]","[1, 15, 33]",3,r,r,"[1, 15, 33]","[[1, 15, 33], [1, 15, 33], [1, 15, 33]]","[1, 1, 1]","[3, 3, 3]","[1.0000000000000002, 1.0000000000000002, 1.0000000000000002]",1.0000000000000002,1.0000000000000002,"[4, 3]","[4, 3]",0.9999999999999999,1,1,1,1,,,,
432,"[4, 5, 7, 8]","[24, 28, 32]",3,r,r,"[24, 28, 32]","[[24, 28, 32], [24, 28, 32], [20, 21, 33]]","[0, 0, 0]","[3, 3, 3]","[1.0000000000000002, 1.0000000000000002, 3.000000000000001]",1.0000000000000002,1.0000000000000002,"[3, 4]","[3, 4]",0.9999999999999999,1,0,0,0,,,,
433,"[0, 4, 5, 7, 8]","[12, 21, 31]",3,r,r,"[12, 21, 31]","[[12, 21, 31], [11, 17, 24, 28, 32], [12, 21, 31]]","[0, 0, 0]","[3, 5, 3]","[1.0000000000000002, 1.0000000000000002, 1.0000000000000002]",1.0000000000000002,1.0000000000000002,"[3, 4]","[3, 4]",0.9999999999999999,1,0,0,0,,,,
434,"[1, 4, 5, 7, 8]","[15, 20, 31]",3,r,r,"[16, 24, 36]","[[16, 24, 36], [16, 24, 36], [16, 24, 36]]","[0, 0, 0]","[3, 3, 3]","[1.0000000000000002, 1.0000000000000002, 1.0000000000000002]",1.0000000000000002,1.0000000000000002,"[3, 4]","[3, 4]",0.9999999999999999,1,0,0,0,,,,
435,"[0, 1, 4, 5, 7, 8]","[12, 15, 33]",3,r,r,"[12, 15, 33]","[[12, 15, 33], [4, 5, 24, 28, 32], [12, 15, 33]]","[0, 0, 0]","[3, 5, 3]","[1.0000000000000002, 1.0000000000000002, 1.0000000000000002]",1.0000000000000002,1.0000000000000002,"[3, 4]","[3, 4]",0.9999999999999999,1,0,0,0,,,,
436,"[2, 4, 5, 7, 8]","[17, 28, 31]",3,g,g,"[17, 28, 31]","[[0, 20, 21, 33], [17, 28, 31], [0, 20, 21, 33]]","[1, 0, 1]","[4, 3, 4]","[1.0000000000000002, 1.0000000000000002, 1.0000000000000002]",1.0000000000000002,1.0000000000000002,"[3, 4]","[3, 4]",0.9999999999999999,1,0,0,0,,,,
437,"[0, 2, 4, 5, 7, 8]","[11, 28, 31]",3,g,g,"[11, 28, 31]","[[1, 20, 21, 33], [11, 28, 31], [11, 28, 31]]","[1, 0, 0]","[4, 3, 3]","[1.0000000000000002, 1.0000000000000002, 1.0000000000000002]",1.0000000000000002,1.0000000000000002,"[3, 4]","[3, 4]",0.9999999999999999,1,0,0,0,,,,
438,"[1, 2, 4, 5, 7, 8]","[16, 17, 33]",3,r,r,"[16, 17, 33]","[[16, 17, 33], [16, 17, 33], [16, 17, 33]]","[0, 0, 0]","[3, 3, 3]","[1.0000000000000002, 1.0000000000000002, 1.0000000000000002]",1.0000000000000002,1.0000000000000002,"[3, 4]","[3, 4]",0.9999999999999999,1,0,0,0,,,,
439,"[0, 1, 2, 4, 5, 7, 8]","[11, 16, 33]",3,r,r,"[11, 16, 33]","[[11, 16, 33], [11, 16, 33], [11, 16, 33]]","[0, 0, 0]","[3, 3, 3]","[1.0000000000000002, 1.0000000000000002, 1.0000000000000002]",1.0000000000000002,1.0000000000000002,"[3, 4]","[3, 4]",0.9999999999999999,1,0,0,0,,,,
440,"[3, 4, 5, 7, 8]","[21, 24, 32]",3,r,r,"[21, 25, 36]","[[21, 25, 36], [20, 28, 33], [20, 28, 33]]","[0, 0, 0]","[3, 3, 3]","[1.0000000000000002, 1.0000000000000002, 3.000000000000001]",1.0000000000000002,1.0000000000000002,"[3, 4]","[3, 4]",0.9999999999999999,1,0,0,0,,,,
441,"[0, 3, 4, 5, 7, 8]","[12, 28, 31]",3,g,g,"[12, 28, 31]","[[4, 20, 21, 33], [12, 28, 31], [12, 28, 31]]","[1, 0, 0]","[4, 3, 3]","[1.0000000000000002, 1.0000000000000002, 1.0000000000000002]",1.0000000000000002,1.0000000000000002,"[3, 4]","[3, 4]",0.9999999999999999,1,0,0,0,,,,
442,"[1, 3, 4, 5, 7, 8]","[16, 20, 31]",3,r,r,"[15, 24, 36]","[[15, 24, 36], [16, 20, 31], [15, 24, 36]]","[0, 0, 0]","[3, 3, 3]","[1.0000000000000002, 1.0000000000000002, 1.0000000000000002]",1.0000000000000002,1.0000000000000002,"[3, 4]","[3, 4]",0.9999999999999999,1,0,0,0,,,,
443,"[0, 1, 3, 4, 5, 7, 8]","[12, 16, 33]",3,r,r,"[12, 16, 33]","[[12, 16, 33], [12, 16, 33], [12, 16, 33]]","[0, 0, 0]","[3, 3, 3]","[1.0000000000000002, 1.0000000000000002, 1.0000000000000002]",1.0000000000000002,1.0000000000000002,"[3, 4]","[3, 4]",0.9999999999999999,1,0,0,0,,,,
444,"[2, 3, 4, 5, 7, 8]","[17, 21, 31]",3,g,r,"[17, 21, 31]","[[1, 4, 24, 28, 32], [17, 21, 31], [0, 20, 28, 33]]","[0, 0, 1]","[5, 3, 4]","[1.0000000000000002, 1.0000000000000002, 1.0000000000000002]",1.0000000000000002,1.0000000000000002,"[3, 4]","[3, 4]",0.9999999999999999,1,0,0,0,,,,
445,"[0, 2, 3, 4, 5, 7, 8]","[11, 21, 31]",3,g,r,"[11, 21, 31]","[[0, 4, 24, 28, 32], [11, 21, 31], [11, 21, 31]]","[0, 0, 0]","[5, 3, 3]","[1.0000000000000002, 1.0000000000000002, 1.0000000000000002]",1.0000000000000002,1.0000000000000002,"[3, 4]","[3, 4]",0.9999999999999999,1,0,0,0,,,,
446,"[1, 2, 3, 4, 5, 7, 8]","[15, 17, 33]",3,r,r,"[15, 17, 33]","[[15, 17, 33], [15, 17, 33], [15, 17, 33]]","[0, 0, 0]","[3, 3, 3]","[1.0000000000000002, 1.0000000000000002, 1.0000000000000002]",1.0000000000000002,1.0000000000000002,"[3, 4]","[3, 4]",0.9999999999999999,1,0,0,0,,,,
447,"[0, 1, 2, 3, 4, 5, 7, 8]","[11, 15, 33]",3,r,r,"[11, 15, 33]","[[11, 15, 33], [11, 15, 33], [11, 15, 33]]","[0, 0, 0]","[3, 3, 3]","[1.0000000000000002, 1.0000000000000002, 1.0000000000000002]",1.0000000000000002,1.0000000000000002,"[3, 4]","[3, 4]",0.9999999999999999,1,0,0,0,,,,
448,"[6, 7, 8]",[31],1,r,r,[31],"[[31], [31], [31]]","[0, 0, 0]","[1, 1, 1]","[3.0, 3.000000000000001, 3.000000000000001]",3.0,3.0,"[1, 4]","[1, 4]",3.0,3,0,0,0,,,,
449,"[0, 6, 7, 8]","[11, 17, 31]",3,r,r,"[12, 20, 33]","[[12, 20, 33], [12, 20, 33], [0, 1, 31]]","[0, 0, 0]","[3, 3, 3]","[1.0000000000000002, 1.0000000000000002, 1.0000000000000002]",1.0000000000000002,1.0000000000000002,"[3, 4]","[3, 4]",0.9999999999999999,1,0,0,0,,,,
450,"[1, 6, 7, 8]","[8, 31]",2,r,g,"[8, 31]","[[8, 31], [8, 31], [8, 31]]","[1, 1, 1]","[2, 2, 2]","[2.0000000000000004, 1.0000000000000002, 3.000000000000001]",1.0000000000000002,2.0000000000000004,"[3, 2]","[3, 2]",1.0000000000000002,1,1,1,1,,,,
451,"[0, 1, 6, 7, 8]","[4, 5, 31]",3,r,r,"[4, 5, 31]","[[4, 5, 31], [4, 5, 31], [4, 5, 31]]","[0, 0, 0]","[3, 3, 3]","[1.0000000000000002, 1.0000000000000002, 1.0000000000000002]",1.0000000000000002,1.0000000000000002,"[3, 4]","[3, 4]",0.9999999999999999,1,0,0,0,,,,
452,"[2, 6, 7, 8]","[0, 31]",2,r,r,"[0, 31]","[[0, 31], [0, 31], [0, 31]]","[1, 1, 1]","[2, 2, 2]","[1.0000000000000002, 3.000000000000001, 1.0000000000000002]",1.0000000000000002,1.0000000000000002,"[3, 2]","[3, 2]",1.0000000000000002,1,1,1,1,,,,
453,"[0, 2, 6, 7, 8]","[1, 31]",2,r,r,"[1, 31]","[[1, 31], [1, 31], [1, 31]]","[1, 1, 1]","[2, 2, 2]","[1.0000000000000002, 3.000000000000001, 2.0000000000000004]",1.0000000000000002,1.0000000000000002,"[3, 2]","[3, 2]",1.0000000000000002,1,1,1,1,,,,
454,"[1, 2, 6, 7, 8]","[0, 8, 31]",3,r,r,"[0, 8, 31]","[[0, 8, 31], [0, 8, 31], [0, 8, 31]]","[0, 0, 0]","[3, 3, 3]","[1.0000000000000002, 1.0000000000000002, 1.0000000000000002]",1.0000000000000002,1.0000000000000002,"[3, 4]","[3, 4]",0.9999999999999999,1,0,0,0,,,,
455,"[0, 1, 2, 6, 7, 8]","[1, 8, 31]",3,r,r,"[1, 8, 31]","[[1, 8, 31], [1, 8, 31], [1, 8, 31]]","[0, 0, 0]","[3, 3, 3]","[1.0000000000000002, 1.0000000000000002, 1.0000000000000002]",1.0000000000000002,1.0000000000000002,"[3, 4]","[3, 4]",0.9999999999999999,1,0,0,0,,,,
456,"[3, 6, 7, 8]","[15, 16, 31]",3,r,r,"[20, 24, 36]","[[20, 24, 36], [5, 8, 31], [20, 25, 32]]","[0, 0, 0]","[3, 3, 3]","[1.0000000000000002, 1.0000000000000002, 1.0000000000000002]",1.0000000000000002,1.0000000000000002,"[3, 4]","[3, 4]",0.9999999999999999,1,0,0,0,,,,
457,"[0, 3, 6, 7, 8]","[4, 31]",2,r,r,"[4, 31]","[[4, 31], [4, 31], [4, 31]]","[1, 1, 1]","[2, 2, 2]","[1.0000000000000002, 3.000000000000001, 3.000000000000001]",1.0000000000000002,1.0000000000000002,"[3, 2]","[3, 2]",1.0000000000000002,1,1,1,1,,,,
458,"[1, 3, 6, 7, 8]","[5, 31]",2,r,r,"[5, 31]","[[5, 31], [5, 31], [5, 31]]","[1, 1, 1]","[2, 2, 2]","[2.0000000000000004, 2.0000000000000004, 3.000000000000001]",2.0000000000000004,2.0000000000000004,"[3, 2]","[3, 2]",1.0000000000000002,1,1,1,1,,,,
459,"[0, 1, 3, 6, 7, 8]","[4, 8, 31]",3,r,r,"[4, 8, 31]","[[4, 8, 31], [4, 8, 31], [4, 8, 31]]","[0, 0, 0]","[3, 3, 3]","[1.0000000000000002, 1.0000000000000002, 1.0000000000000002]",1.0000000000000002,1.0000000000000002,"[3, 4]","[3, 4]",0.9999999999999999,1,0,0,0,,,,
460,"[2, 3, 6, 7, 8]","[11, 12, 31]",3,r,r,"[17, 20, 33]","[[17, 20, 33], [1, 4, 31], [1, 4, 31]]","[0, 0, 0]","[3, 3, 3]","[1.0000000000000002, 1.0000000000000002, 1.0000000000000002]",1.0000000000000002,1.0000000000000002,"[3, 4]","[3, 4]",0.9999999999999999,1,0,0,0,,,,
461,"[0, 2, 3, 6, 7, 8]","[12, 17, 31]",3,r,r,"[0, 4, 31]","[[0, 4, 31], [0, 4, 31], [0, 4, 31]]","[0, 0, 0]","[3, 3, 3]","[1.0000000000000002, 1.0000000000000002, 1.0000000000000002]",1.0000000000000002,1.0000000000000002,"[3, 4]","[3, 4]",0.9999999999999999,1,0,0,0,,,,
462,"[1, 2, 3, 6, 7, 8]","[0, 5, 31]",3,r,r,"[0, 5, 31]","[[0, 5, 31], [0, 5, 31], [0, 5, 31]]","[0, 0, 0]","[3, 3, 3]","[1.0000000000000002, 1.0000000000000002, 1.0000000000000002]",1.0000000000000002,1.0000000000000002,"[3, 4]","[3, 4]",0.9999999999999999,1,0,0,0,,,,
463,"[0, 1, 2, 3, 6, 7, 8]","[1, 5, 31]",3,r,r,"[1, 5, 31]","[[1, 5, 31], [1, 5, 31], [1, 5, 31]]","[0, 0, 0]","[3, 3, 3]","[1.0000000000000002, 1.0000000000000002, 1.0000000000000002]",1.0000000000000002,1.0000000000000002,"[3, 4]","[3, 4]",0.9999999999999999,1,0,0,0,,,,
464,"[4, 6, 7, 8]","[24, 32]",2,r,r,"[25, 36]","[[25, 36], [24, 32], [25, 36]]","[0, 0, 0]","[2, 2, 2]","[1.0000000000000002, 3.000000000000001, 3.000000000000001]",1.0000000000000002,1.0000000000000002,"[2, 3]","[2, 3]",1.0000000000000002,1,0,0,0,,,,
465,"[0, 4, 6, 7, 8]","[1, 17, 31]",3,r,r,"[4, 20, 33]","[[4, 20, 33], [11, 17, 24, 32], [0, 11, 31]]","[1, 0, 1]","[3, 4, 3]","[1.0000000000000002, 1.0000000000000002, 1.0000000000000002]",1.0000000000000002,1.0000000000000002,"[4, 3]","[4, 3]",0.9999999999999999,1,1,1,1,,,,
466,"[1, 4, 6, 7, 8]","[8, 24, 32]",3,r,r,"[8, 25, 36]","[[8, 25, 36], [8, 24, 32], [5, 20, 33]]","[1, 1, 1]","[3, 3, 3]","[1.0000000000000002, 1.0000000000000002, 3.000000000000001]",1.0000000000000002,1.0000000000000002,"[4, 3]","[4, 3]",0.9999999999999999,1,1,1,1,,,,
467,"[0, 1, 4, 6, 7, 8]","[5, 12, 31]",3,r,r,"[5, 12, 31]","[[5, 12, 31], [4, 5, 24, 32], [5, 12, 31]]","[1, 0, 1]","[3, 4, 3]","[1.0000000000000002, 1.0000000000000002, 1.0000000000000002]",1.0000000000000002,1.0000000000000002,"[4, 3]","[4, 3]",0.9999999999999999,1,1,1,1,,,,
468,"[2, 4, 6, 7, 8]","[17, 31]",2,r,r,"[17, 31]","[[17, 31], [17, 31], [0, 25, 36]]","[0, 0, 1]","[2, 2, 3]","[1.0000000000000002, 3.000000000000001, 1.0000000000000002]",1.0000000000000002,1.0000000000000002,"[2, 3]","[2, 3]",1.0000000000000002,1,0,0,0,,,,
469,"[0, 2, 4, 6, 7, 8]","[11, 31]",2,r,r,"[11, 31]","[[11, 31], [11, 31], [11, 31]]","[0, 0, 0]","[2, 2, 2]","[1.0000000000000002, 3.000000000000001, 2.0000000000000004]",1.0000000000000002,1.0000000000000002,"[2, 3]","[2, 3]",1.0000000000000002,1,0,0,0,,,,
470,"[1, 2, 4, 6, 7, 8]","[8, 17, 31]",3,r,r,"[8, 17, 31]","[[8, 17, 31], [8, 17, 31], [0, 5, 20, 33]]","[1, 1, 0]","[3, 3, 4]","[1.0000000000000002, 1.0000000000000002, 1.0000000000000002]",1.0000000000000002,1.0000000000000002,"[4, 3]","[4, 3]",0.9999999999999999,1,1,1,1,,,,
471,"[0, 1, 2, 4, 6, 7, 8]","[8, 11, 31]",3,r,r,"[8, 11, 31]","[[8, 11, 31], [8, 11, 31], [8, 11, 31]]","[1, 1, 1]","[3, 3, 3]","[1.0000000000000002, 1.0000000000000002, 1.0000000000000002]",1.0000000000000002,1.0000000000000002,"[4, 3]","[4, 3]",0.9999999999999999,1,1,1,1,,,,
472,"[3, 4, 6, 7, 8]","[20, 33]",2,r,r,"[20, 33]","[[20, 33], [20, 33], [20, 33]]","[0, 0, 0]","[2, 2, 2]","[2.0000000000000004, 3.000000000000001, 3.000000000000001]",2.0000000000000004,2.0000000000000004,"[2, 5]","[2, 5]",3.000000000000001,3,0,0,0,,,,
473,"[0, 3, 4, 6, 7, 8]","[12, 31]",2,r,r,"[12, 31]","[[12, 31], [12, 31], [12, 31]]","[0, 0, 0]","[2, 2, 2]","[1.0000000000000002, 3.000000000000001, 3.000000000000001]",1.0000000000000002,1.0000000000000002,"[2, 3]","[2, 3]",1.0000000000000002,1,0,0,0,,,,
474,"[1, 3, 4, 6, 7, 8]","[5, 24, 32]",3,r,r,"[5, 25, 36]","[[5, 25, 36], [8, 20, 33], [8, 20, 33]]","[1, 1, 1]","[3, 3, 3]","[1.0000000000000002, 1.0000000000000002, 3.000000000000001]",1.0000000000000002,1.0000000000000002,"[4, 3]","[4, 3]",0.9999999999999999,1,1,1,1,,,,
475,"[0, 1, 3, 4, 6, 7, 8]","[8, 12, 31]",3,r,r,"[8, 12, 31]","[[8, 12, 31], [8, 12, 31], [8, 12, 31]]","[1, 1, 1]","[3, 3, 3]","[1.0000000000000002, 1.0000000000000002, 1.0000000000000002]",1.0000000000000002,1.0000000000000002,"[4, 3]","[4, 3]",0.9999999999999999,1,1,1,1,,,,
476,"[2, 3, 4, 6, 7, 8]","[1, 12, 31]",3,r,r,"[0, 20, 33]","[[0, 20, 33], [4, 11, 31], [0, 20, 33]]","[1, 1, 1]","[3, 3, 3]","[1.0000000000000002, 1.0000000000000002, 1.0000000000000002]",1.0000000000000002,1.0000000000000002,"[4, 3]","[4, 3]",0.9999999999999999,1,1,1,1,,,,
477,"[0, 2, 3, 4, 6, 7, 8]","[4, 17, 31]",3,r,r,"[4, 17, 31]","[[4, 17, 31], [4, 17, 31], [0, 12, 31]]","[1, 1, 1]","[3, 3, 3]","[1.0000000000000002, 1.0000000000000002, 1.0000000000000002]",1.0000000000000002,1.0000000000000002,"[4, 3]","[4, 3]",0.9999999999999999,1,1,1,1,,,,
478,"[1, 2, 3, 4, 6, 7, 8]","[5, 17, 31]",3,r,r,"[5, 17, 31]","[[5, 17, 31], [5, 17, 31], [0, 8, 20, 33]]","[1, 1, 0]","[3, 3, 4]","[1.0000000000000002, 1.0000000000000002, 1.0000000000000002]",1.0000000000000002,1.0000000000000002,"[4, 3]","[4, 3]",0.9999999999999999,1,1,1,1,,,,
479,"[0, 1, 2, 3, 4, 6, 7, 8]","[5, 11, 31]",3,r,r,"[5, 11, 31]","[[5, 11, 31], [5, 11, 31], [5, 11, 31]]","[1, 1, 1]","[3, 3, 3]","[1.0000000000000002, 1.0000000000000002, 1.0000000000000002]",1.0000000000000002,1.0000000000000002,"[4, 3]","[4, 3]",0.9999999999999999,1,1,1,1,,,,
480,"[5, 6, 7, 8]","[28, 33]",2,g,g,"[28, 33]","[[5, 15, 31], [28, 33], [28, 33]]","[1, 0, 0]","[3, 2, 2]","[1.0000000000000002, 1.0000000000000002, 3.000000000000001]",1.0000000000000002,1.0000000000000002,"[2, 3]","[2, 3]",1.0000000000000002,1,0,0,0,,,,
481,"[0, 5, 6, 7, 8]","[4, 21, 33]",3,r,r,"[4, 21, 33]","[[4, 21, 33], [11, 17, 28, 33], [4, 21, 33]]","[1, 0, 1]","[3, 4, 3]","[1.0000000000000002, 1.0000000000000002, 1.0000000000000002]",1.0000000000000002,1.0000000000000002,"[4, 3]","[4, 3]",0.9999999999999999,1,1,1,1,,,,
482,"[1, 5, 6, 7, 8]","[16, 31]",2,r,g,"[16, 31]","[[16, 31], [16, 31], [16, 31]]","[0, 0, 0]","[2, 2, 2]","[2.0000000000000004, 1.0000000000000002, 3.000000000000001]",1.0000000000000002,2.0000000000000004,"[2, 3]","[2, 3]",1.0000000000000002,1,0,0,0,,,,
483,"[0, 1, 5, 6, 7, 8]","[4, 15, 31]",3,r,r,"[4, 15, 31]","[[4, 15, 31], [12, 16, 20, 33], [4, 15, 31]]","[1, 0, 1]","[3, 4, 3]","[1.0000000000000002, 1.0000000000000002, 1.0000000000000002]",1.0000000000000002,1.0000000000000002,"[4, 3]","[4, 3]",0.9999999999999999,1,1,1,1,,,,
484,"[2, 5, 6, 7, 8]","[0, 28, 33]",3,g,g,"[0, 28, 33]","[[17, 25, 28, 32], [0, 28, 33], [0, 28, 33]]","[0, 1, 1]","[4, 3, 3]","[1.0000000000000002, 1.0000000000000002, 1.0000000000000002]",1.0000000000000002,1.0000000000000002,"[4, 3]","[4, 3]",0.9999999999999999,1,1,1,1,,,,
485,"[0, 2, 5, 6, 7, 8]","[1, 28, 33]",3,g,g,"[1, 28, 33]","[[11, 25, 28, 32], [1, 28, 33], [1, 28, 33]]","[0, 1, 1]","[4, 3, 3]","[1.0000000000000002, 1.0000000000000002, 1.0000000000000002]",1.0000000000000002,1.0000000000000002,"[4, 3]","[4, 3]",0.9999999999999999,1,1,1,1,,,,
486,"[1, 2, 5, 6, 7, 8]","[0, 16, 31]",3,r,r,"[0, 16, 31]","[[0, 16, 31], [0, 16, 31], [0, 16, 31]]","[1, 1, 1]","[3, 3, 3]","[1.0000000000000002, 1.0000000000000002, 1.0000000000000002]",1.0000000000000002,1.0000000000000002,"[4, 3]","[4, 3]",0.9999999999999999,1,1,1,1,,,,
487,"[0, 1, 2, 5, 6, 7, 8]","[1, 16, 31]",3,r,r,"[1, 16, 31]","[[1, 16, 31], [1, 16, 31], [1, 16, 31]]","[1, 1, 1]","[3, 3, 3]","[1.0000000000000002, 1.0000000000000002, 1.0000000000000002]",1.0000000000000002,1.0000000000000002,"[4, 3]","[4, 3]",0.9999999999999999,1,1,1,1,,,,
488,"[3, 5, 6, 7, 8]","[21, 33]",2,r,g,"[21, 33]","[[21, 33], [21, 33], [21, 33]]","[0, 0, 0]","[2, 2, 2]","[3.0, 1.0000000000000002, 3.000000000000001]",1.0000000000000002,3.0,"[2, 3]","[2, 3]",1.0000000000000002,1,0,0,0,,,,
489,"[0, 3, 5, 6, 7, 8]","[4, 28, 33]",3,b,b,"[4, 28, 33]","[[12, 25, 28, 32], [11, 17, 21, 33], [4, 28, 33]]","[0, 0, 1]","[4, 4, 3]","[1.0000000000000002, 1.0000000000000002, 1.0000000000000002]",1.0000000000000002,1.0000000000000002,"[4, 3]","[4, 3]",0.9999999999999999,1,1,1,1,,,,
490,"[1, 3, 5, 6, 7, 8]","[15, 31]",2,r,g,"[15, 31]","[[15, 31], [15, 31], [15, 31]]","[0, 0, 0]","[2, 2, 2]","[2.0000000000000004, 1.0000000000000002, 3.000000000000001]",1.0000000000000002,2.0000000000000004,"[2, 3]","[2, 3]",1.0000000000000002,1,0,0,0,,,,
491,"[0, 1, 3, 5, 6, 7, 8]","[4, 16, 31]",3,r,r,"[4, 16, 31]","[[4, 16, 31], [12, 15, 20, 33], [4, 16, 31]]","[1, 0, 1]","[3, 4, 3]","[1.0000000000000002, 1.0000000000000002, 1.0000000000000002]",1.0000000000000002,1.0000000000000002,"[4, 3]","[4, 3]",0.9999999999999999,1,1,1,1,,,,
492,"[2, 3, 5, 6, 7, 8]","[0, 21, 33]",3,r,r,"[0, 21, 33]","[[0, 21, 33], [0, 21, 33], [0, 21, 33]]","[1, 1, 1]","[3, 3, 3]","[1.0000000000000002, 1.0000000000000002, 1.0000000000000002]",1.0000000000000002,1.0000000000000002,"[4, 3]","[4, 3]",0.9999999999999999,1,1,1,1,,,,
493,"[0, 2, 3, 5, 6, 7, 8]","[1, 21, 33]",3,g,r,"[1, 21, 33]","[[4, 17, 25, 28, 32], [1, 21, 33], [1, 21, 33]]","[1, 1, 1]","[5, 3, 3]","[1.0000000000000002, 1.0000000000000002, 1.0000000000000002]",1.0000000000000002,1.0000000000000002,"[4, 3]","[4, 3]",0.9999999999999999,1,1,1,1,,,,
494,"[1, 2, 3, 5, 6, 7, 8]","[0, 15, 31]",3,r,r,"[0, 15, 31]","[[0, 15, 31], [0, 15, 31], [0, 15, 31]]","[1, 1, 1]","[3, 3, 3]","[1.0000000000000002, 1.0000000000000002, 1.0000000000000002]",1.0000000000000002,1.0000000000000002,"[4, 3]","[4, 3]",0.9999999999999999,1,1,1,1,,,,
495,"[0, 1, 2, 3, 5, 6, 7, 8]","[1, 15, 31]",3,r,r,"[1, 15, 31]","[[1, 15, 31], [1, 15, 31], [1, 15, 31]]","[1, 1, 1]","[3, 3, 3]","[1.0000000000000002, 1.0000000000000002, 1.0000000000000002]",1.0000000000000002,1.0000000000000002,"[4, 3]","[4, 3]",0.9999999999999999,1,1,1,1,,,,
496,"[4, 5, 6, 7, 8]","[20, 21, 31]",3,r,r,"[25, 28, 32]","[[25, 28, 32], [24, 28, 36], [20, 21, 31]]","[0, 0, 0]","[3, 3, 3]","[1.0000000000000002, 1.0000000000000002, 3.000000000000001]",1.0000000000000002,1.0000000000000002,"[3, 4]","[3, 4]",0.9999999999999999,1,0,0,0,,,,
497,"[0, 4, 5, 6, 7, 8]","[12, 21, 33]",3,r,r,"[12, 21, 33]","[[12, 21, 33], [11, 17, 24, 28, 36], [12, 21, 33]]","[0, 0, 0]","[3, 5, 3]","[1.0000000000000002, 1.0000000000000002, 1.0000000000000002]",1.0000000000000002,1.0000000000000002,"[3, 4]","[3, 4]",0.9999999999999999,1,0,0,0,,,,
498,"[1, 4, 5, 6, 7, 8]","[16, 24, 32]",3,r,r,"[16, 25, 36]","[[16, 25, 36], [16, 24, 32], [15, 20, 33]]","[0, 0, 0]","[3, 3, 3]","[1.0000000000000002, 1.0000000000000002, 3.000000000000001]",1.0000000000000002,1.0000000000000002,"[3, 4]","[3, 4]",0.9999999999999999,1,0,0,0,,,,
499,"[0, 1, 4, 5, 6, 7, 8]","[12, 15, 31]",3,r,r,"[12, 15, 31]","[[12, 15, 31], [4, 5, 24, 28, 36], [12, 15, 31]]","[0, 0, 0]","[3, 5, 3]","[1.0000000000000002, 1.0000000000000002, 1.0000000000000002]",1.0000000000000002,1.0000000000000002,"[3, 4]","[3, 4]",0.9999999999999999,1,0,0,0,,,,
500,"[2, 4, 5, 6, 7, 8]","[17, 28, 33]",3,g,g,"[17, 28, 33]","[[0, 20, 21, 31], [17, 28, 33], [0, 20, 21, 31]]","[1, 0, 1]","[4, 3, 4]","[1.0000000000000002, 1.0000000000000002, 1.0000000000000002]",1.0000000000000002,1.0000000000000002,"[3, 4]","[3, 4]",0.9999999999999999,1,0,0,0,,,,
501,"[0, 2, 4, 5, 6, 7, 8]","[11, 28, 33]",3,g,g,"[11, 28, 33]","[[1, 20, 21, 31], [11, 28, 33], [11, 28, 33]]","[1, 0, 0]","[4, 3, 3]","[1.0000000000000002, 1.0000000000000002, 1.0000000000000002]",1.0000000000000002,1.0000000000000002,"[3, 4]","[3, 4]",0.9999999999999999,1,0,0,0,,,,
502,"[1, 2, 4, 5, 6, 7, 8]","[16, 17, 31]",3,r,r,"[16, 17, 31]","[[16, 17, 31], [16, 17, 31], [0, 15, 20, 33]]","[0, 0, 1]","[3, 3, 4]","[1.0000000000000002, 1.0000000000000002, 1.0000000000000002]",1.0000000000000002,1.0000000000000002,"[3, 4]","[3, 4]",0.9999999999999999,1,0,0,0,,,,
503,"[0, 1, 2, 4, 5, 6, 7, 8]","[11, 16, 31]",3,r,r,"[11, 16, 31]","[[11, 16, 31], [11, 16, 31], [11, 16, 31]]","[0, 0, 0]","[3, 3, 3]","[1.0000000000000002, 1.0000000000000002, 1.0000000000000002]",1.0000000000000002,1.0000000000000002,"[3, 4]","[3, 4]",0.9999999999999999,1,0,0,0,,,,
504,"[3, 4, 5, 6, 7, 8]","[20, 28, 31]",3,r,r,"[21, 24, 36]","[[21, 24, 36], [20, 28, 31], [20, 28, 31]]","[0, 0, 0]","[3, 3, 3]","[1.0000000000000002, 1.0000000000000002, 3.000000000000001]",1.0000000000000002,1.0000000000000002,"[3, 4]","[3, 4]",0.9999999999999999,1,0,0,0,,,,
505,"[0, 3, 4, 5, 6, 7, 8]","[12, 28, 33]",3,g,g,"[12, 28, 33]","[[4, 20, 21, 31], [12, 28, 33], [12, 28, 33]]","[1, 0, 0]","[4, 3, 3]","[1.0000000000000002, 1.0000000000000002, 1.0000000000000002]",1.0000000000000002,1.0000000000000002,"[3, 4]","[3, 4]",0.9999999999999999,1,0,0,0,,,,
506,"[1, 3, 4, 5, 6, 7, 8]","[15, 24, 32]",3,r,r,"[15, 25, 36]","[[15, 25, 36], [16, 20, 33], [16, 20, 33]]","[0, 0, 0]","[3, 3, 3]","[1.0000000000000002, 1.0000000000000002, 3.000000000000001]",1.0000000000000002,1.0000000000000002,"[3, 4]","[3, 4]",0.9999999999999999,1,0,0,0,,,,
507,"[0, 1, 3, 4, 5, 6, 7, 8]","[12, 16, 31]",3,r,r,"[12, 16, 31]","[[12, 16, 31], [12, 16, 31], [12, 16, 31]]","[0, 0, 0]","[3, 3, 3]","[1.0000000000000002, 1.0000000000000002, 1.0000000000000002]",1.0000000000000002,1.0000000000000002,"[3, 4]","[3, 4]",0.9999999999999999,1,0,0,0,,,,
508,"[2, 3, 4, 5, 6, 7, 8]","[17, 21, 33]",3,r,r,"[17, 21, 33]","[[17, 21, 33], [17, 21, 33], [0, 20, 28, 31]]","[0, 0, 1]","[3, 3, 4]","[1.0000000000000002, 1.0000000000000002, 1.0000000000000002]",1.0000000000000002,1.0000000000000002,"[3, 4]","[3, 4]",0.9999999999999999,1,0,0,0,,,,
509,"[0, 2, 3, 4, 5, 6, 7, 8]","[11, 21, 33]",3,g,r,"[11, 21, 33]","[[0, 4, 25, 28, 32], [11, 21, 33], [11, 21, 33]]","[0, 0, 0]","[5, 3, 3]","[1.0000000000000002, 1.0000000000000002, 1.0000000000000002]",1.0000000000000002,1.0000000000000002,"[3, 4]","[3, 4]",0.9999999999999999,1,0,0,0,,,,
510,"[1, 2, 3, 4, 5, 6, 7, 8]","[15, 17, 31]",3,r,r,"[15, 17, 31]","[[15, 17, 31], [15, 17, 31], [0, 16, 20, 33]]","[0, 0, 1]","[3, 3, 4]","[1.0000000000000002, 1.0000000000000002, 1.0000000000000002]",1.0000000000000002,1.0000000000000002,"[3, 4]","[3, 4]",0.9999999999999999,1,0,0,0,,,,
511,"[0, 1, 2, 3, 4, 5, 6, 7, 8]","[11, 15, 31]",3,r,r,"[11, 15, 31]","[[11, 15, 31], [11, 15, 31], [11, 15, 31]]","[0, 0, 0]","[3, 3, 3]","[1.0000000000000002, 1.0000000000000002, 1.0000000000000002]",1.0000000000000002,1.0000000000000002,"[3, 4]","[3, 4]",0.9999999999999999,1,0,0,0,,,,
